smiles,split
C#CCC(Cc1cnc2nc(N)nc(N)c2n1)c1ccc(C(=O)N[C@@H](CCC(=O)O)C(=O)O)cc1,test
C#C[C@]1(O)CCC2C3CCC4=CC(=O)CCC4C3C(=C)CC21CC,test
C#C[C@]1(O)CCC2C3CCC4=CC(=O)CCC4C3C(=C)CC21CC.C#C[C@]1(O)CC[C@H]2[C@@H]3CCc4cc(O)ccc4[C@H]3CC[C@@]21C,test
C#C[C@]1(O)CC[C@H]2[C@@H]3CCC4=CC(=O)CC[C@@H]4[C@H]3CC[C@@]21CC.C#C[C@]1(O)CC[C@H]2[C@@H]3CCc4cc(O)ccc4[C@H]3CC[C@@]21C,test
C#C[C@]1(O)CC[C@H]2[C@@H]3CCC4=CCCC[C@@H]4[C@H]3C(=C)C[C@@]21CC,test
C#C[C@]1(O)CC[C@H]2[C@@H]3CCc4cc(O)ccc4[C@H]3CC[C@@]21C.CC(=O)O[C@]1(C(C)=O)CC[C@H]2[C@@H]3C=C(Cl)C4=CC(=O)[C@@H]5CC5[C@]4(C)[C@H]3CC[C@@]21C,test
C#C[C@]1(O)CC[C@H]2[C@@H]3CCc4cc(O)ccc4[C@H]3CC[C@@]21C.C[C@]12CCC(=O)C=C1[C@@H]1C[C@@H]1[C@H]1[C@@H]3[C@@H]4C[C@@H]4[C@@]4(CCC(=O)O4)[C@@]3(C)CC[C@@H]12,test
C#C[C@]1(OC(C)=O)CC[C@H]2[C@@H]3CCC4=CC(=O)CC[C@@H]4[C@H]3CC[C@@]21C.C[C@]12CC[C@@H]3c4ccc(O)cc4CC[C@H]3[C@@H]1CC[C@@H]2O.C[C@]12CC[C@@H]3c4ccc(O)cc4CC[C@H]3[C@@H]1C[C@@H](O)[C@@H]2O,test
C=C(c1ccc(C(=O)O)cc1)c1cc2c(cc1C)C(C)(C)CCC2(C)C,test
C=CC1CN2CCC1CC2C(O)c1ccnc2ccc(OC)cc12,test
CC(=O)NC1C(O)OC(COS(=O)(=O)O)C(OC2OC(C(=O)O)C(OC3OC(CO)C(OC4OC(C(=O)O)C(O)C(O)C4OS(=O)(=O)O)C(OS(=O)(=O)O)C3NS(=O)(=O)O)C(O)C2OS(=O)(=O)O)C1O,test
CC(=O)Nc1cccc(-n2c(=O)n(C3CC3)c(=O)c3c(Nc4ccc(I)cc4F)n(C)c(=O)c(C)c32)c1,test
CC(=O)Nc1nnc(S(N)(=O)=O)s1,test
CC(=O)Nc1sc(S(N)(=O)=O)n[n+]1C,test
CC(=O)O.CC(=O)O.CCC(C)CC(C)CCCCCCCCC(=O)N[C@H]1C[C@H](O)[C@@H](NCCN)NC(=O)C2[C@@H](O)CCN2C(=O)[C@H]([C@H](O)CCN)NC(=O)[C@H]([C@H](O)[C@@H](O)c2ccc(O)cc2)NC(=O)[C@@H]2C[C@@H](O)CN2C(=O)[C@H]([C@@H](C)O)NC1=O,test
CC(=O)O.CCNC(=O)[C@@H]1CCCN1C(=O)[C@H](CCCN=C(N)N)NC(=O)[C@H](CC(C)C)NC(=O)[C@@H](CC(C)C)NC(=O)[C@H](Cc1ccc(O)cc1)NC(=O)[C@H](CO)NC(=O)[C@H](Cc1c[nH]c2ccccc12)NC(=O)[C@H](CC1C=NC=N1)NC(=O)[C@@H]1CCC(=O)N1,test
CC(=O)OCC(=O)C12OC3(CCCC3)OC1CC1C3CCC4=CC(=O)C=CC4(C)C3(F)C(O)CC12C,test
CC(=O)Oc1ccccc1C(=O)Nc1ncc([N+](=O)[O-])s1,test
CC(C)(C#N)c1cc(Cn2cncn2)cc(C(C)(C)C#N)c1,test
CC(C)(C)c1cc(C(C)(C)C)c(NC(=O)c2c[nH]c3ccccc3c2=O)cc1O,test
CC(C)C(=O)OCC(=O)[C@@]12OC(C3CCCCC3)O[C@@H]1C[C@H]1[C@@H]3CCC4=CC(=O)C=C[C@]4(C)[C@H]3[C@@H](O)C[C@@]12C,test
CC(C)CN(C[C@@H](O)[C@H](Cc1ccccc1)NC(=O)O[C@H]1CO[C@H]2OCC[C@H]21)S(=O)(=O)c1ccc(N)cc1,test
CC(C)C[C@H](NC(=O)[C@@H](Cc1ccc2ccccc2c1)NC(=O)[C@H](Cc1ccc(O)cc1)NC(=O)[C@H](CO)NC(=O)[C@H](Cc1c[nH]c2ccccc12)NC(=O)[C@H](Cc1cnc[nH]1)NC(=O)[C@@H]1CCC(=O)N1)C(=O)N[C@@H](CCCN=C(N)N)C(=O)N1CCC[C@H]1C(=O)NCC(N)=O,test
CC(C)Cn1cnc2c(N)nc3ccccc3c21,test
CC(C)c1c(C(=O)Nc2ccccc2)c(-c2ccccc2)c(-c2ccc(F)cc2)n1CCC(O)CC(O)CC(=O)O,test
CC(C)c1ccc2oc3nc(N)c(C(=O)O)cc3c(=O)c2c1,test
CC(Cc1ccccc1)N(C)Cc1ccccc1,test
CC(O)C(O)C1CNc2[nH]c(N)nc(=O)c2N1,test
CC1C(NC(=O)C(=NOC(C)(C)C(=O)O)c2csc(N)n2)C(=O)N1S(=O)(=O)O,test
CC1C=CC=CC=CC=CC=CC=CC=CC(OC2OC(C)C(O)C(N)C2O)CC2OC(O)(CC(O)CC(O)C(O)CCC(O)CC(O)CC(=O)OC(C)C(C)C1O)CC(O)C2C(=O)O,test
CC1CNc2c(cccc2S(=O)(=O)NC(CCCN=C(N)N)C(=O)N2CCC(C)CC2C(=O)O)C1,test
CCC(=O)N(c1ccccc1)C1(COC)CCN(CCc2cccs2)CC1,test
CCC(=O)N(c1ccccc1)C1(COC)CCN(CCn2nnn(CC)c2=O)CC1,test
CCC(=O)OC1(C(=O)SCF)[C@H](C)C[C@H]2[C@@H]3C[C@H](F)C4=CC(=O)C=C[C@]4(C)C3(F)[C@@H](O)C[C@@]21C.OCc1cc(C(O)CNCCCCCCOCCCCc2ccccc2)ccc1O,test
CCC(=O)O[C@](Cc1ccccc1)(c1ccccc1)[C@H](C)CN(C)C,test
CCC(C)(C)c1ccc(CC(C)CN2CC(C)OC(C)C2)cc1,test
CCC1(CCC(C)C)C(=O)N=C([O-])NC1=O,test
CCC1(c2ccc(N)cc2)CCC(=O)NC1=O,test
CCC1OC(=O)C(C)C(OC2CC(C)(OC)C(O)C(C)O2)C(C)C(OC2OC(C)CC(N(C)C)C2O)C(C)(O)CC(C)CN(C)C(C)C(O)C1(C)O,test
CCCCC(F)(F)[C@@]1(O)CC[C@H]2[C@@H](CC(=O)[C@@H]2CCCCCCC(=O)O)O1,test
CCCCC1=NC2(CCCC2)C(=O)N1Cc1ccc(-c2ccccc2-c2nn[nH]n2)cc1.NS(=O)(=O)c1cc2c(cc1Cl)NCNS2(=O)=O,test
CCCCCC(O)C=CC1C(O)CC2OC(=CCCCC(=O)O)CC21,test
CCCCCOc1ccc(-c2cc(-c3ccc(C(=O)N[C@H]4C[C@@H](O)[C@@H](O)NC(=O)[C@@H]5[C@@H](O)[C@@H](C)CN5C(=O)[C@H]([C@H](O)CC(N)=O)NC(=O)[C@H]([C@H](O)[C@@H](O)c5ccc(O)c(OS(=O)(=O)O)c5)NC(=O)[C@@H]5C[C@@H](O)CN5C(=O)[C@H]([C@@H](C)O)NC4=O)cc3)no2)cc1,test
CCCN(CCc1cccs1)C1CCc2c(O)cccc2C1,test
CCCSc1nc(N[C@@H]2C[C@H]2c2ccc(F)c(F)c2)c2nnn([C@@H]3C[C@H](OCCO)[C@@H](O)[C@H]3O)c2n1,test
CCCc1c2oc(C(=O)O)cc(=O)c2cc2c(=O)cc(C(=O)O)n(CC)c12,test
CCCc1cc(=O)[nH]c(=S)[nH]1,test
CCCc1nc(C)c2c(=O)nc(-c3cc(S(=O)(=O)N4CCN(CC)CC4)ccc3OCC)[nH]n12,test
CCN(CC)C(=O)/C(C#N)=C/c1cc(O)c(O)c([N+](=O)[O-])c1.C[C@@](Cc1ccc(O)c(O)c1)(NN)C(=O)O.N[C@@H](Cc1ccc(O)c(O)c1)C(=O)O,test
CCN1CCCC1CNC(=O)c1cc(S(=O)(=O)CC)c(N)cc1OC,test
CCNC(=O)[C@@H]1CCCN1C(=O)[C@H](CCCN=C(N)N)NC(=O)[C@H](CC(C)C)NC(=O)[C@@H](Cc1cn(Cc2ccccc2)cn1)NC(=O)[C@H](Cc1ccc(O)cc1)NC(=O)[C@H](CO)NC(=O)[C@H](Cc1c[nH]c2ccccc12)NC(=O)[C@H](Cc1cnc[nH]1)NC(=O)[C@@H]1CCC(=O)N1,test
CCO.C[C@H]1c2cccc(O)c2C(O)=C2C(=O)[C@]3(O)C(O)=C(C(N)=O)C(=O)[C@@H](N(C)C)C3C(O)C21.C[C@H]1c2cccc(O)c2C(O)=C2C(=O)[C@]3(O)C(O)=C(C(N)=O)C(=O)[C@@H](N(C)C)C3C(O)C21.Cl.Cl.O,test
CCOC(=O)N[C@@H]1CC[C@H]2C(/C=C/c3ccc(-c4cccc(F)c4)cn3)[C@@H]3[C@@H](C)OC(=O)[C@@H]3C[C@@H]2C1,test
CCOc1ccc2ccccc2c1C(=O)N[C@@H]1C(=O)N2[C@@H]1SC(C)(C)[C@@H]2C(=O)O,test
CCOc1ccccc1O[C@@H](c1ccccc1)[C@@H]1CNCCO1,test
CCOc1nc2cccc(C(=O)O)c2n1Cc1ccc(-c2ccccc2-c2nc(=O)o[nH]2)cc1,test
CC[C@@H]([C@H](C)O)n1ncn(-c2ccc(N3CCN(c4ccc(OCC5CO[C@@](Cn6cncn6)(c6ccc(F)cc6F)C5)cc4)CC3)cc2)c1=O,test
CC[C@H](C)[C@@H]1NC(=O)[C@H](CCCNC(=N)N)NC(=O)[C@H](C)NC(=O)[C@H](CCCCN)NC(=O)[C@@H]2CSSC[C@@H]3NC(=O)CNC(=O)CNC(=O)[C@H](Cc4ccc(O)cc4)NC(=O)[C@H](C(C)C)NC(=O)[C@H](Cc4ccccc4)NC(=O)[C@H]([C@@H](C)O)NC(=O)[C@H](CCC(N)=O)NC(=O)[C@H](CSSC[C@H](NC(=O)[C@H](CC(=O)O)NC(=O)[C@H](CCC(=O)O)NC(=O)[C@H](C)NC(=O)[C@H](CO)NC(=O)[C@H](CCCCN)NC(=O)[C@H](Cc4ccccc4)NC(=O)[C@H](CC(N)=O)NC(=O)[C@H](CC(N)=O)NC(=O)[C@H](CCCNC(=N)N)NC(=O)[C@H](CCCCN)NC(=O)[C@H](C)NC(=O)[C@H](CCCNC(=N)N)NC3=O)C(=O)N[C@@H](CCSC)C(=O)N[C@@H](CCCNC(=N)N)C(=O)N[C@@H]([C@@H](C)O)C(=O)N[C@H](C(=O)NCC(=O)NCC(=O)N[C@@H](C)C(=O)O)CSSC[C@H](NC(=O)[C@H](Cc3ccccc3)NC(=O)[C@H](CC(=O)O)NC(=O)[C@@H]3CCCN3C(=O)[C@@H](N)CCCNC(=N)N)C(=O)N[C@@H](CC(C)C)C(=O)N[C@@H](CCC(=O)O)C(=O)N3CCC[C@H]3C(=O)N3CCC[C@H]3C(=O)N[C@@H](Cc3ccc(O)cc3)C(=O)N[C@@H]([C@@H](C)O)C(=O)NCC(=O)N3CCC[C@H]3C(=O)N2)NC(=O)[C@H](CC(C)C)NC(=O)CNC(=O)[C@H](C)NC(=O)[C@H](CCCCN)NC(=O)[C@H](C)NC(=O)[C@H](CC(N)=O)NC(=O)[C@H](Cc2ccc(O)cc2)NC(=O)[C@H](Cc2ccccc2)NC(=O)[C@H](Cc2ccc(O)cc2)NC(=O)[C@H](CCCNC(=N)N)NC(=O)[C@H]([C@@H](C)CC)NC1=O,test
CC[C@H](C)[C@H](NC(=O)[C@@H](Cc1ccccc1)NC(=O)[C@H](CC(C)C)NC(=O)[C@H](CCCNC(=N)N)NC(=O)[C@@H](NC(=O)[C@H](C)NC(=O)[C@H](CCC(=O)O)NC(=O)[C@H](CCC(=O)O)NC(=O)[C@H](CCC(=O)O)NC(=O)[C@H](CCSC)NC(=O)[C@H](CCC(N)=O)NC(=O)[C@H](CCCCN)NC(=O)[C@H](CO)NC(=O)[C@H](CC(C)C)NC(=O)[C@H](CC(=O)O)NC(=O)[C@H](CO)NC(=O)[C@@H](NC(=O)[C@H](Cc1ccccc1)NC(=O)[C@@H](NC(=O)CNC(=O)[C@H](CCC(=O)O)NC(=O)CNC(=O)[C@@H](N)Cc1c[nH]cn1)[C@@H](C)O)[C@@H](C)O)C(C)C)C(=O)N[C@@H](CCC(=O)O)C(=O)N[C@@H](Cc1c[nH]c2ccccc12)C(=O)N[C@@H](CC(C)C)C(=O)N[C@@H](CCCCN)C(=O)N[C@@H](CC(N)=O)C(=O)NCC(=O)NCC(=O)N1CCC[C@H]1C(=O)N[C@@H](CO)C(=O)N[C@@H](CO)C(=O)NCC(=O)N[C@@H](C)C(=O)N1CCC[C@H]1C(=O)N1CCC[C@H]1C(=O)N1CCC[C@H]1C(=O)N[C@@H](CO)C(N)=O,test
CC[C@H](C)[C@H](NC(=O)[C@H](CC(=O)O)NC(=O)[C@H](CC(C)C)NC(=O)[C@H](CC(C)C)NC(=O)[C@H](CCCCN)NC(=O)[C@H](CCCNC(=N)N)NC(=O)[C@H](CC(N)=O)NC(=O)[C@H](CO)NC(=O)[C@H](Cc1cnc[nH]1)NC(=O)[C@H](C)NC(=O)[C@H](CCC(N)=O)NC(=O)[C@H](CCC(N)=O)NC(=O)[C@H](C)NC(=O)[C@H](CC(C)C)NC(=O)[C@H](CCC(N)=O)NC(=O)[C@H](CC(=O)O)NC(=O)[C@H](C)NC(=O)[C@H](CCCCN)NC(=O)[C@@H](NC(=O)[C@H](CCSC)NC(=O)[C@H](CCC(=O)O)NC(=O)[C@H](CC(C)C)NC(=O)[C@@H](NC(=O)[C@H](CCC(=O)O)NC(=O)[C@H](CCCNC(=N)N)NC(=O)[C@H](CC(C)C)NC(=O)[C@H](CC(C)C)NC(=O)[C@H](Cc1cnc[nH]1)NC(=O)[C@H](Cc1ccccc1)NC(=O)[C@@H](NC(=O)[C@H](CC(C)C)NC(=O)[C@H](CC(=O)O)NC(=O)[C@H](CC(C)C)NC(=O)[C@H](CO)NC(=O)[C@@H](NC(=O)[C@@H]1CCCN1C(=O)[C@@H]1CCCN1C(=O)[C@H](CCC(=O)O)NC(=O)[C@H](CCC(N)=O)NC(=O)[C@@H](N)CO)[C@@H](C)CC)[C@@H](C)O)C(C)C)[C@@H](C)O)C(=O)N[C@@H](C)C(N)=O,test
CC[C@H](C)[C@H](NC(=O)[C@H](CC(C)C)NC(=O)[C@H](CO)NC(=O)[C@H](Cc1cnc[nH]1)NC(=O)[C@@H](NC(=O)[C@H](CC(C)C)NC(=O)[C@H](CO)NC(=O)[C@@H](NC(=O)[C@H](Cc1ccc(O)cc1)NC(C)=O)[C@@H](C)O)[C@@H](C)CC)C(=O)N[C@@H](CCC(=O)O)C(=O)N[C@@H](CCC(=O)O)C(=O)N[C@@H](CO)C(=O)N[C@@H](CCC(N)=O)C(=O)N[C@@H](CC(N)=O)C(=O)N[C@@H](CCC(N)=O)C(=O)N[C@@H](CCC(N)=O)C(=O)N[C@@H](CCC(=O)O)C(=O)N[C@@H](CCCCN)C(=O)N[C@@H](CC(N)=O)C(=O)N[C@@H](CCC(=O)O)C(=O)N[C@@H](CCC(N)=O)C(=O)N[C@@H](CCC(=O)O)C(=O)N[C@@H](CC(C)C)C(=O)N[C@@H](CC(C)C)C(=O)N[C@@H](CCC(=O)O)C(=O)N[C@@H](CC(C)C)C(=O)N[C@@H](CC(=O)O)C(=O)N[C@@H](CCCCN)C(=O)N[C@@H](Cc1c[nH]c2ccccc12)C(=O)N[C@@H](C)C(=O)N[C@@H](CO)C(=O)N[C@@H](CC(C)C)C(=O)N[C@@H](Cc1c[nH]c2ccccc12)C(=O)N[C@@H](CC(N)=O)C(=O)N[C@@H](Cc1c[nH]c2ccccc12)C(=O)N[C@@H](Cc1ccccc1)C(N)=O,test
CC[C@H](C)[C@H](NC(=O)[C@H](Cc1ccccc1)NC(=O)[C@H](CC(=O)O)NC(=O)[C@H](CCCNC(=N)N)NC(=O)[C@H](C)NC(=O)[C@H](C)NC(=O)[C@H](CC(C)C)NC(=O)[C@H](CC(N)=O)NC(=O)[C@H](CC(=O)O)NC(=O)[C@H](CC(C)C)NC(=O)[C@@H](NC(=O)[C@@H](NC(=O)[C@H](CC(N)=O)NC(=O)[C@H](CCSC)NC(=O)[C@H](CCC(=O)O)NC(=O)[C@H](CC(=O)O)NC(=O)[C@H](CO)NC(=O)[C@H](Cc1ccccc1)NC(=O)[C@H](CO)NC(=O)CNC(=O)[C@H](CC(=O)O)NC(=O)CNC(=O)[C@@H](N)Cc1cnc[nH]1)[C@@H](C)O)[C@@H](C)CC)C(=O)N[C@@H](CC(N)=O)C(=O)N[C@@H](Cc1c[nH]c2ccccc12)C(=O)N[C@@H](CC(C)C)C(=O)N[C@H](C(=O)N[C@@H](CCC(N)=O)C(=O)N[C@H](C(=O)N[C@@H](CCCCN)C(=O)N[C@H](C(=O)N[C@H](C(=O)N[C@@H](CC(=O)O)C(=O)O)[C@@H](C)O)[C@@H](C)CC)[C@@H](C)O)[C@@H](C)CC,test
CC[C@H](C)[C@H](NC(=O)[C@H](Cc1ccccc1)NC(=O)[C@H](CC(C)C)NC(=O)[C@H](CCCNC(=N)N)NC(=O)[C@@H](NC(=O)[C@H](C)NC(=O)[C@H](CCC(=O)O)NC(=O)[C@H](CCC(=O)O)NC(=O)[C@H](CCC(=O)O)NC(=O)[C@H](CCSC)NC(=O)[C@H](CCC(N)=O)NC(=O)[C@H](CCCCN)NC(=O)[C@H](CO)NC(=O)[C@H](CC(C)C)NC(=O)[C@H](CC(=O)O)NC(=O)[C@H](CO)NC(=O)[C@@H](NC(=O)[C@H](Cc1ccccc1)NC(=O)[C@@H](NC(=O)CNC(=O)[C@H](CCC(=O)O)NC(=O)CNC(=O)[C@@H](N)Cc1cnc[nH]1)[C@@H](C)O)[C@@H](C)O)C(C)C)C(=O)N[C@@H](CCC(=O)O)C(=O)N[C@@H](Cc1c[nH]c2ccccc12)C(=O)N[C@@H](CC(C)C)C(=O)N[C@@H](CCCCN)C(=O)N[C@@H](CC(N)=O)C(=O)NCC(=O)NCC(=O)N1CCC[C@H]1C(=O)N[C@@H](CO)C(=O)N[C@@H](CO)C(=O)NCC(=O)N[C@@H](C)C(=O)N1CCC[C@H]1C(=O)N1CCC[C@H]1C(=O)N[C@@H](CO)C(=O)N[C@@H](CCCCN)C(=O)N[C@@H](CCCCN)C(=O)N[C@@H](CCCCN)C(=O)N[C@@H](CCCCN)C(=O)N[C@@H](CCCCN)C(=O)N[C@@H](CCCCN)C(N)=O,test
CC[C@H](C)[C@H](NC(=O)[C@H](Cc1ccccc1)NC(=O)[C@H](CCC(=O)O)NC(=O)[C@H](CCC(=O)O)NC(=O)[C@H](CS)NC(=O)[C@H](CCC(N)=O)NC(=O)[C@H](CCCNC(=N)N)NC(=O)[C@@H](NC(=O)[C@H](Cc1ccccc1)NC(=O)[C@@H](NC(=O)[C@H](CC(N)=O)NC(=O)[C@H](Cc1ccccc1)NC(=O)[C@H](Cc1ccccc1)NC(=O)[C@H](Cc1c[nH]c2ccccc12)NC(=O)[C@H](CCCNC(=N)N)NC(=O)[C@@H]1CCCN1C(=O)[C@H](Cc1cnc[nH]1)NC(=O)[C@H](C)NC(=O)[C@H](C)NC(=O)[C@H](CCCNC(=N)N)NC(=O)[C@H](CS)NC(=O)[C@@H]1CCCN1C(=O)CNC(=O)[C@H](CC(=O)O)NC(=O)[C@H](CC(=O)O)NC(=O)[C@H](C)NC(=O)[C@H](CCCCN)NC(=O)[C@H](Cc1ccccc1)NC(=O)[C@H](C)NC(=O)[C@H](CS)NC(=O)[C@H](Cc1ccccc1)NC(=O)[C@H](CO)NC(=O)[C@H](Cc1cnc[nH]1)NC(=O)[C@H](CCSC)NC(=O)[C@H](C)NC(=O)[C@@H](N)CCC(=O)O)[C@@H](C)CC)[C@@H](C)O)C(=O)N[C@@H](Cc1ccc(O)cc1)C(=O)NCC(=O)NCC(=O)N[C@@H](CS)C(=O)N[C@@H](CCC(=O)O)C(=O)NCC(=O)N[C@@H](CC(N)=O)C(=O)N[C@@H](CCC(N)=O)C(=O)N[C@@H](CC(N)=O)C(=O)N[C@@H](CCCNC(=N)N)C(=O)N[C@@H](Cc1ccccc1)C(=O)N[C@@H](CCC(=O)O)C(=O)N[C@@H](CO)C(=O)N[C@@H](CC(C)C)C(=O)N[C@@H](CCC(=O)O)C(=O)N[C@@H](CCC(=O)O)C(=O)N[C@@H](CS)C(=O)N[C@@H](CCCCN)C(=O)N[C@@H](CCCCN)C(=O)N[C@@H](CCSC)C(=O)N[C@@H](CS)C(=O)N[C@H](C(=O)N[C@@H](CCCNC(=N)N)C(=O)N[C@@H](CC(=O)O)C(=O)O)[C@@H](C)O,test
CC[C@]12C=CCN3CC[C@@]4(c5cc([C@@]6(C(=O)OC)C[C@@H]7C[C@H](C(C)(F)F)CN(Cc8c6[nH]c6ccccc86)C7)c(OC)cc5N(C)[C@H]4[C@@](O)(C(=O)OC)[C@@H]1OC(C)=O)[C@@H]32,test
CCc1c(Cl)c(O)c(Cl)c(O)c1C(=O)OC1C(C)OC(OC/C2=C/C=C/CC(O)/C(C)=C/C(CC)C(OC3OC(C)(C)C(OC(=O)C(C)C)C(O)C3O)/C(C)=C/C(C)=C/CC(C(C)O)OC2=O)C(OC)C1O,test
CN(C)CCc1c[nH]c2ccc(CS(=O)(=O)N3CCCC3)cc12,test
CN(C)c1nc(N(C)C)nc(N(C)C)n1,test
CN1C2CCC1CC(OC(c1ccccc1)c1ccccc1)C2,test
CN1CC(=O)N2[C@H](c3ccc4c(c3)OCO4)c3[nH]c4ccccc4c3C[C@@H]2C1=O,test
CN1CC2c3ccccc3Oc3ccc(Cl)cc3[C@@H]2C1,test
CN1CCCC(n2nc(Cc3ccc(Cl)cc3)c3ccccc3c2=O)CC1,test
CN1CCCC1c1cccnc1,test
CN1CCc2cccc3c2C1Cc1ccc(O)c(O)c1-3,test
CNC(=O)c1ccc(N2C(=S)N(c3ccc(C#N)c(C(F)(F)F)c3)C(=O)C2(C)C)cc1F,test
CNC1C(O)C(NC)C2OC3(O)C(=O)CC(C)OC3OC2C1O,test
CN[C@@H]1CCc2[nH]c3ccc(C(N)=O)cc3c2C1,test
CNc1ccc(/C=C/c2ccc(OCCOCCOCC[18F])nc2)cc1,test
COC(=O)C1=C(C)NC(C)=C(C(=O)OC(C)(C)CN(C)CCC(c2ccccc2)c2ccccc2)C1c1cccc([N+](=O)[O-])c1,test
COC(=O)N[C@H](C(=O)N[C@@H](Cc1ccccc1)[C@@H](O)CN(Cc1ccc(-c2ccccn2)cc1)NC(=O)[C@@H](NC(=O)OC)C(C)(C)C)C(C)(C)C,test
COC(=O)[C@@H]1CC2=CC(=O)CC[C@]2(C)[C@@]23OC2C[C@@]2(C)[C@@H](CC[C@@]24CCC(=O)O4)C13,test
COC(c1ccccc1)(c1ccccc1)C(Oc1nc(C)cc(C)n1)C(=O)O,test
CON=C(C(=O)N[C@@H]1C(=O)N2C(C(=O)OCOC(=O)C(C)(C)C)=C(C=Cc3scnc3C)CS[C@H]12)c1csc(N)n1,test
CO[C@@]1(NC(=O)C2SC(=C(C(N)=O)C(=O)O)S2)C(=O)N2C(C(=O)O)=C(CSc3nnnn3C)CSC21,test
CO[C@H]1C=CO[C@@]2(C)Oc3c(C)c(O)c4c(c3C2=O)C2=NC3(CCN(CC(C)C)CC3)NC2=C(NC(=O)C(C)=CC=C[C@H](C)[C@H](O)[C@@H](C)[C@@H](O)[C@@H](C)[C@H](OC(C)=O)[C@@H]1C)C4=O,test
CO[C@H]1O[C@H](COS(=O)(=O)[O-])[C@@H](O[C@@H]2O[C@@H](C(=O)[O-])[C@@H](O[C@H]3O[C@H](COS(=O)(=O)[O-])C(O[C@@H]4O[C@H](C(=O)[O-])[C@@H](O[C@H]5O[C@H](COS(=O)(=O)[O-])[C@@H](O)[C@H](O)[C@H]5NS(=O)(=O)[O-])[C@H](O)[C@H]4O)[C@H](OS(=O)(=O)[O-])[C@H]3NS(=O)(=O)[O-])[C@H](O)[C@H]2OS(=O)(=O)[O-])[C@H](O)[C@H]1NS(=O)(=O)[O-].[Na+].[Na+].[Na+].[Na+].[Na+].[Na+].[Na+].[Na+].[Na+].[Na+],test
COc1cc(NS(C)(=O)=O)ccc1Nc1c2ccccc2nc2ccccc12,test
COc1cc2c(Nc3ccc(Br)cc3F)ncnc2cc1OCC1CCN(C)CC1,test
COc1cc2c(cc1Cc1cccc(Cl)c1F)c(=O)c(C(=O)O)cn2[C@H](CO)C(C)C,test
COc1cc2c(cc1OC)CC(=O)N(CCCN(C)C[C@H]1Cc3cc(OC)c(OC)cc31)CC2,test
COc1cc2nc(N(C)CCCNC(=O)C3CCCO3)nc(N)c2cc1OC,test
COc1cc2ncnc(Nc3ccc(F)c(Cl)c3)c2cc1OCCCN1CCOCC1,test
COc1ccc(-n2nc(C(N)=O)c3c2C(=O)N(c2ccc(N4CCCCC4=O)cc2)CC3)cc1,test
COc1ccc(CCO[C@@H]2CCCC[C@H]2N2CC[C@@H](O)C2)cc1OC.Cl,test
COc1ccc2c(OC3C[C@H]4C(=O)NC5(C(=O)NS(=O)(=O)C6CC6)C[C@H]5/C=C\CCCCN(C)C(=O)[C@@H]4C3)cc(-c3nc(C(C)C)cs3)nc2c1C,test
COc1nc2ccc(Br)cc2cc1[C@H](c1ccccc1)[C@@](O)(CCN(C)C)c1cccc2ccccc12,test
CSCCC(NC(=O)C(Cc1ccc(OS(=O)(=O)O)cc1)NC(=O)C(N)CC(=O)O)C(=O)NCC(=O)NC(Cc1c[nH]c2ccccc12)C(=O)NC(CCSC)C(=O)NC(CC(=O)O)C(=O)NC(Cc1ccccc1)C(N)=O,test
CSCC[C@H](N)C(=O)N[C@@H](CCC(N)=O)C(=O)N[C@@H](Cc1c[nH]c2ccccc12)C(=O)N[C@@H](CC(N)=O)C(=O)N[C@@H](CO)C(=O)N[C@H](C(=O)N[C@H](C(=O)N[C@@H](Cc1ccccc1)C(=O)N[C@@H](CC1C=NC=N1)C(=O)N[C@@H](CCC(N)=O)C(=O)N[C@H](C(=O)N[C@@H](CC(C)C)C(=O)N[C@@H](CCC(N)=O)C(=O)N[C@@H](CC(=O)O)C(=O)N1CCC[C@H]1C(=O)N[C@@H](CCCNC(=N)N)C(=O)N[C@H](C(=O)OC(=O)CNC(=O)CNC(=O)[C@H](C)NC(=O)[C@@H]1CCCN1C(=O)[C@H](Cc1ccccc1)NC(=O)[C@H](Cc1ccc(O)cc1)NC(=O)[C@H](CC(C)C)NC(=O)CNC(=O)[C@@H](N)CCCNC(=N)N)C(C)C)[C@@H](C)O)[C@@H](C)O)[C@@H](C)O,test
CSCC[C@H](NC(=O)[C@H](CC(C)C)NC(=O)[C@H](Cc1c[nH]c2ccccc12)NC(=O)[C@H](CCC(N)=O)NC(=O)[C@@H](NC(=O)[C@H](Cc1ccccc1)NC(=O)[C@H](CC(=O)O)NC(=O)[C@H](CCC(N)=O)NC(=O)[C@H](C)NC(=O)[C@H](CCCNC(=N)N)NC(=O)[C@H](CCCNC(=N)N)NC(=O)[C@H](CO)NC(=O)[C@H](CC(=O)O)NC(=O)[C@H](CC(C)C)NC(=O)[C@H](Cc1ccc(O)cc1)NC(=O)[C@H](CCCCN)NC(=O)[C@H](CO)NC(=O)[C@H](Cc1ccc(O)cc1)NC(=O)[C@H](CC(=O)O)NC(=O)[C@H](CO)NC(=O)[C@@H](NC(=O)[C@H](Cc1ccccc1)NC(=O)[C@@H](NC(=O)CNC(=O)[C@H](CCC(N)=O)NC(=O)[C@H](CO)NC(=O)[C@@H](N)Cc1cnc[nH]1)[C@@H](C)O)[C@@H](C)O)C(C)C)C(=O)N[C@@H](CC(N)=O)C(=O)N[C@H](C(=O)O)[C@@H](C)O,test
CSCC[C@H](NC(=O)[C@H](CO)NC(=O)[C@H](Cc1ccc(O)cc1)NC(=O)[C@@H](N)CO)C(=O)N[C@@H](CCC(=O)O)C(=O)N[C@@H](Cc1cnc[nH]1)C(=O)N[C@@H](Cc1ccccc1)C(=O)N[C@@H](CCCNC(=N)N)C(=O)N[C@@H](Cc1c[nH]c2ccccc12)C(=O)NCC(=O)N[C@@H](CCCCN)C(=O)N1CCC[C@H]1C(=O)N[C@H](C(=O)NCC(=O)N[C@@H](CCCCN)C(=O)N[C@@H](CCCCN)C(=O)N[C@@H](CCCNC(=N)N)C(=O)N[C@@H](CCCNC(=N)N)C(=O)N1CCC[C@H]1C(=O)N[C@H](C(=O)N[C@@H](CCCCN)C(=O)N[C@H](C(=O)N[C@@H](Cc1ccc(O)cc1)C(=O)N1CCC[C@H]1C(=O)N[C@@H](CC(N)=O)C(=O)NCC(=O)N[C@@H](C)C(=O)N[C@@H](CCC(=O)O)C(=O)N[C@@H](CC(=O)O)C(=O)N[C@@H](CCC(=O)O)C(=O)N[C@@H](CO)C(=O)N[C@@H](C)C(=O)N[C@@H](CCC(=O)O)C(=O)N[C@@H](C)C(=O)N[C@@H](Cc1ccccc1)C(=O)N1CCC[C@H]1C(=O)N[C@@H](CC(C)C)C(=O)N[C@@H](CCC(=O)O)C(=O)N[C@@H](Cc1ccccc1)C(=O)O)C(C)C)C(C)C)C(C)C,test
C[C@@H](Cc1cc2c(c(C(N)=O)c1)N(CCCO)CC2)NCCOc1ccccc1OCC(F)(F)F,test
C[C@@H](NCCCc1cccc(C(F)(F)F)c1)c1cccc2ccccc12.Cl,test
C[C@@H]1C[C@H]2[C@@H]3C[C@H](F)C4=CC(=O)C=C[C@]4(C)C3(F)[C@@H](O)C[C@]2(C)[C@@]1(O)C(=O)COC(=O)C(C)(C)C.Oc1c(I)cc(Cl)c2cccnc12,test
C[C@H](C=C[C@H](C)C(C)(C)O)[C@H]1CC[C@H]2C(=CC=C3C[C@@H](O)C[C@H](O)C3)CCC[C@]12C,test
C[C@H]1O[C@H](O[C@H]2[C@H](O)[C@@H](O)[C@@H](O[C@H]3[C@H](O)[C@@H](O)C(O)O[C@@H]3CO)O[C@@H]2CO)[C@H](O)[C@@H](O)[C@@H]1N[C@H]1C=C(CO)[C@@H](O)[C@H](O)[C@H]1O,test
C[C@]12CCC(=O)C=C1CC[C@@H]1[C@@H]2C(=O)C[C@@]2(C)[C@H]1CC[C@]2(O)C(=O)CO,test
C[C@]12CC[C@@H]3c4ccc(O)cc4CC[C@H]3[C@@H]1CC[C@@H]2O.C[C@]12CC[C@@H]3c4ccc(O)cc4CC[C@H]3[C@@H]1C[C@@H](O)[C@@H]2O,test
C[C@]12CC[C@H](O)CC1=CC[C@@H]1[C@@H]2CC[C@]2(C)C(c3cccnc3)=CC[C@@H]12,test
Cc1[nH]cnc1CN1CCc2c(c3ccccc3n2C)C1=O,test
Cc1c2oc3c(C)ccc(C(=O)NC4C(=O)NC(C(C)C)C(=O)N5CCCC5C(=O)N(C)CC(=O)N(C)C(C(C)C)C(=O)OC4C)c3nc-2c(C(=O)NC2C(=O)NC(C(C)C)C(=O)N3CCCC3C(=O)N(C)CC(=O)N(C)C(C(C)C)C(=O)OC2C)c(N)c1=O,test
Cc1ccc(-c2ncc(Cl)cc2-c2ccc(S(C)(=O)=O)cc2)cn1,test
Cc1cccc(Nc2ccncc2S(=O)(=O)NC(=O)NC(C)C)c1,test
Cc1cccn2c(=O)c(-c3nn[nH]n3)cnc12,test
Cc1ncc(C[n+]2csc(CCO)c2C)c(N)n1,test
Cc1ncc[nH]1.ClCC1CO1,test
Cc1nnc(C(=O)NC(C)(C)c2nc(C(=O)NCc3ccc(F)cc3)c([O-])c(=O)n2C)o1.[K+],test
Cc1nnc(C(C)C)n1C1CC2CCC(C1)N2CC[C@H](NC(=O)C1CCC(F)(F)CC1)c1ccccc1,test
Cl.N#Cc1ccc2[nH]cc(CCCCN3CCN(c4ccc5oc(C(N)=O)cc5c4)CC3)c2c1,test
Clc1ccc(C(Cn2ccnc2)OCc2csc3c(Cl)cccc23)c(Cl)c1,test
Cn1c(=O)c2[nH]cnc2n(C)c1=O.Cn1c(=O)c2[nH]cnc2n(C)c1=O.NCCN,test
Cn1cnc([N+](=O)[O-])c1Sc1ncnc2nc[nH]c12,test
N#CC(=C1SC[C@@H](c2ccc(Cl)cc2Cl)S1)n1ccnc1,test
N#CC1CCCN1C(=O)CNC12CC3CC(CC(O)(C3)C1)C2,test
NC(=O)C1CSSCCC(=O)NC(CCCCN=C(N)N)C(=O)NCC(=O)NC(CC(=O)O)C(=O)NC(Cc2c[nH]c3ccccc23)C(=O)N2CCCC2C(=O)N1,test
NC(=O)N1c2ccccc2CC(=O)c2ccccc21,test
NC1CONC1=O,test
NS(=O)(=O)c1cc2c(cc1C(F)(F)F)NC(Cc1ccccc1)NS2(=O)=O,test
Nc1nc(N)c2nc(-c3ccccc3)c(N)nc2n1,test
Nc1nc(NC2CC2)c2ncn(C3C=CC(CO)C3)c2n1,test
O=C(O)C[C@H](O)C[C@H](O)C=Cc1c(C2CC2)nc2ccccc2c1-c1ccc(F)cc1,test
O=C(O)[C@@H]1C[C@@H](C2CCCCC2)CN1,test
O=C(OCc1ccccc1)c1ccccc1,test
O=C1C(=O)c2ccccc2C(O)=C1C1CCC(c2ccc(Cl)cc2)CC1,test
O=C1C([O-])=C([O-])O[C@@H]1[C@@H](O)CO.[Ca+2],test
O=C1CCCC(=O)C1C(=O)c1ccc(C(F)(F)F)cc1[N+](=O)[O-],test
O=C1CN2Cc3c(ccc(Cl)c3Cl)NC2=N1,test
O=C1OC2(c3ccc(O)cc3Oc3cc(O)ccc32)c2ccccc21,test
O=C1[C@@H]2[C@H]3CC[C@H](C3)[C@@H]2C(=O)N1C[C@@H]1CCCC[C@H]1CN1CCN(c2nsc3ccccc23)CC1,test
O=C1c2cccc3c2[C@@H](CCC3)CN1[C@@H]1CN2CCC1CC2,test
O=c1ncnc2[nH][nH]cc1-2,test
OC(c1ccccc1)(c1ccccc1)C12CC[N+](CCOCc3ccccc3)(CC1)CC2.[Br-],test
OCCOC[C@H]1O[C@H](OCCO)[C@H](OCCO)[C@@H](OCCO)[C@@H]1OCCO.OC[C@H]1O[C@H](O)[C@H](O)[C@@H](O)[C@@H]1O,test
OC[C@H]1O[C@@](CO)(O[C@H]2O[C@H](CO)[C@@H](O)[C@H](O)[C@H]2O)[C@@H](O)[C@@H]1O.[Fe+3].[Fe+3].[O-2].[O-2].[O-2],test
C,train
C#CC1(O)CCC2C3C(C)CC4=C(CCC(=O)C4)C3CCC21C,train
C#CC1(O)CCC2C3CCC4=CC(=O)CCC4C3CCC21C,train
C#CC1(O)CCC2C3CCC4=CC(=O)CCC4C3CCC21CC,train
C#CCN(C)C(C)Cc1ccccc1,train
C#CCNC1CCc2ccccc21,train
C#Cc1cccc(Nc2ncnc3cc(OCCOC)c(OCCOC)cc23)c1,train
C/C(=C\c1csc(C)n1)[C@@H]1C[C@@H]2O[C@]2(C)CCC[C@H](C)[C@H](O)[C@@H](C)C(=O)C(C)(C)[C@@H](O)CC(=O)N1,train
C/C=C(/C)C(=O)O[C@H]1C(C)=C[C@]23C(=O)[C@@H](C=C(CO)[C@@H](O)[C@]12O)[C@H]1[C@@H](C[C@H]3C)C1(C)C,train
C1=C/C(=C2/N=c3cnc4c(c3=N2)COCC4)NO1.O=P(O)(O)O,train
C1CCC(C(CC2CCCCN2)C2CCCCC2)CC1,train
C1CNCCN1.CC12CC[C@@H]3c4ccc(OS(=O)(=O)O)cc4CCC3[C@@H]1CCC2=O,train
C1N2CN3CN1CN(C2)C3,train
C1N2CN3CN1CN(C2)C3.O=C(O)CNC(=O)c1ccccc1,train
C=C(CC)C(=O)c1ccc(OCC(=O)O)c(Cl)c1Cl,train
C=C1C(=CC=C2CCCC3(C)C2CCC3C(C)C=CC(C)C(C)C)CC(O)CC1O,train
C=C1C(=CC=C2CCCC3(C)C2CCC3C(C)CCCC(C)(C)O)CC(O)CC1O,train
C=C1CC2CCC34CC5OC6C(OC7CCC(CC(=O)CC8C(CC9OC(CCC1O2)CC(C)C9=C)OC(CC(O)CN)C8OC)OC7C6O3)C5O4,train
C=C1CCC(O)CC1=CC=C1CCCC2(C)C1CCC2C(C)C=CC(C)C(C)C,train
C=C1CCC2(O)C3Cc4ccc(O)c5c4C2(CCN3CC2CC2)C1O5,train
C=C1CCN(C(C)C(O)(Cn2cncn2)c2ccc(F)cc2F)CC1,train
C=C1[C@H](CO)[C@@H](O)C[C@@H]1n1cnc2c(=O)nc(N)[nH]c21,train
C=CC(=O)N1CCCC(n2nc(-c3ccc(Oc4ccccc4)cc3)c3c(N)ncnc32)C1,train
C=CC(N)CCC(=O)O,train
C=CC1=C(C(=O)O)N2C(=O)C(NC(=O)C(=NOCC(=O)O)c3csc(N)n3)C2SC1,train
C=CC1=C(C(=O)O)N2C(=O)[C@@H](NC(=O)C(=NO)c3csc(N)n3)[C@H]2SC1,train
C=CC1=C(C)c2cc3[n-]c(cc4[n-]c(cc5nc(cc1n2)C(C)=C5C=C)c(C)c4CCC(=O)O)c(CCC(=O)O)c3C.[Cl-].[Fe+3],train
C=CCC1(C(C)C#CCC)C(=O)NC(=O)N(C)C1=O,train
C=CCC1(C(C)CCC)C(=O)NC(=O)NC1=O,train
C=CCC1C=C(C)CC(C)CC(OC)C2OC(O)(C(=O)C(=O)N3CCCCC3C(=O)OC(C(C)=CC3CCC(O)C(OC)C3)C(C)C(O)CC1=O)C(C)CC2OC,train
C=CCN.C=CCNCCCCCCCCCC.C=CCNCCCCCC[N+](C)(C)C.Cl.ClCC1CO1.[Cl-],train
C=CCN.Cl.ClCC1CO1,train
C=CCN.ClCC1CO1,train
C=CCN.ClCC1CO1.O=C(O)O,train
C=CCN1CC(C(=O)N(CCCN(C)C)C(=O)NCC)CC2c3cccc4[nH]cc(c34)CC21,train
C=CCN1CCC23c4c5ccc(O)c4OC2C(=O)CCC3(O)C1C5,train
C=CCOc1ccccc1OCC(O)CNC(C)C,train
C=C[C@]1(C)C[C@@H](OC(=O)CSC2C[C@H]3CC[C@@H](C2)N3C)[C@]2(C)[C@H](C)CC[C@]3(CCC(=O)[C@H]32)[C@@H](C)[C@@H]1O,train
C=Cc1c(C)c2cc3nc(cc4[nH]c(cc5nc(cc1[nH]2)C(C)=C5CCC(=O)O)c(CCC(=O)OC)c4C)[C@@]1(C)C3=CC=C(C(=O)OC)[C@H]1C(=O)OC,train
C=Cc1ccccc1S(=O)(=O)O,train
CC#CC1(O)CCC2C3CCC4=CC(=O)CCC4=C3C(c3ccc(N(C)C)cc3)CC21C,train
CC#CCC(C)[C@H](O)C=CC1[C@H](O)C[C@@H]2CC(=CCCCC(=O)O)C[C@H]12,train
CC#CCn1c(N2CCC[C@@H](N)C2)nc2c1c(=O)n(Cc1nc(C)c3ccccc3n1)c(=O)n2C,train
CC(=CC(=O)OCCCCCCCCC(=O)O)CC1OCC(CC2OC2C(C)C(C)O)C(O)C1O,train
CC(=CCC1=C(C)C(=O)c2ccccc2C1=O)CCCC(C)CCCC(C)CCCC(C)C,train
CC(=O)C1(O)CCC2C3C=C(Cl)C4=CC(=O)C5CC5C4(C)C3CCC21C,train
CC(=O)C1(O)CCC2C3CC(C)C4=CC(=O)C=CC4(C)C3(F)C(O)CC21C,train
CC(=O)C1(O)CCC2C3CCC4=CC(=O)CCC4=C3C(c3ccc(N(C)C)cc3)CC21C,train
CC(=O)C1(O)Cc2c(O)c3c(c(O)c2C(OC2CC(N)C(O)C(C)O2)C1)C(=O)c1ccccc1C3=O,train
CC(=O)C1CCC2C3CC(C)C4=CC(=O)CCC4(C)C3C(O)CC12C,train
CC(=O)C1CCC2C3CCC4=CC(=O)CCC4(C)C3CCC12C,train
CC(=O)CC(c1ccccc1)c1c([O-])oc2ccccc2c1=O,train
CC(=O)CCCCn1c(=O)c2c(ncn2C)n(C)c1=O,train
CC(=O)C[C@@H](c1ccc([N+](=O)[O-])cc1)c1c([O-])oc2ccccc2c1=O,train
CC(=O)N(CC(O)CN(C(C)=O)c1c(I)c(C(=O)NCC(O)CO)c(I)c(C(=O)NCC(O)CO)c1I)c1c(I)c(C(=O)NCC(O)CO)c(I)c(C(=O)NCC(O)CO)c1I,train
CC(=O)N(CC(O)CO)c1c(I)c(C(=O)NCC(O)CO)c(I)c(C(=O)NCC(O)CO)c1I,train
CC(=O)N(CC(O)CO)c1c(I)c(C(=O)NCCO)c(I)c(C(=O)NCC(O)CO)c1I,train
CC(=O)N(O)CCCCCNC(=O)CCC(=O)N(O)CCCCCNC(=O)CCC(=O)N(O)CCCCCN,train
CC(=O)N1CCN(c2ccc(OCC3COC(Cn4ccnc4)(c4ccc(Cl)cc4Cl)O3)cc2)CC1,train
CC(=O)NC(CS)C(=O)O,train
CC(=O)NC1C(N=C(N)N)C=C(C(=O)O)OC1C(O)C(O)CO,train
CC(=O)NCC1CN(c2ccc(N3CCOCC3)c(F)c2)C(=O)O1,train
CC(=O)NCCCS(=O)(=O)O,train
CC(=O)NO,train
CC(=O)NS(=O)(=O)c1ccc(N)cc1,train
CC(=O)N[C@H](Cc1ccc2ccccc2c1)C(=O)N[C@H](Cc1ccc(Cl)cc1)C(=O)N[C@H](Cc1cccnc1)C(=O)N[C@@H](CO)C(=O)N(C)[C@@H](Cc1ccc(O)cc1)C(=O)N[C@H](CC(N)=O)C(=O)N[C@@H](CC(C)C)C(=O)N[C@@H](CCCCNC(C)C)C(=O)N1CCC[C@H]1C(=O)N[C@H](C)C(N)=O,train
CC(=O)N[C@H](Cc1ccc2ccccc2c1)C(=O)N[C@H](Cc1ccc(Cl)cc1)C(=O)N[C@H](Cc1cccnc1)C(=O)N[C@@H](CO)C(=O)N[C@@H](Cc1ccc(NC(=O)[C@@H]2CC(=O)NC(=O)N2)cc1)C(=O)N[C@H](Cc1ccc(NC(N)=O)cc1)C(=O)N[C@@H](CC(C)C)C(=O)N[C@@H](CCCCNC(C)C)C(=O)N1CCC[C@H]1C(=O)N[C@H](C)C(N)=O,train
CC(=O)N[C@H](Cc1ccc2ccccc2c1)C(=O)N[C@H](Cc1ccc(Cl)cc1)C(=O)N[C@H](Cc1cccnc1)C(=O)N[C@@H](CO)C(=O)N[C@@H](Cc1ccc(O)cc1)C(=O)N[C@H](CCCNC(N)=O)C(=O)N[C@@H](CC(C)C)C(=O)N[C@@H](CCCN=C(N)N)C(=O)N1CCC[C@H]1C(=O)N[C@H](C)C(N)=O.O=C(O)C(F)(F)F,train
CC(=O)Nc1c(I)c(NC(C)=O)c(I)c(C(=O)O)c1I,train
CC(=O)Nc1ccc(O)cc1,train
CC(=O)Nc1ccc(O)cc1.CN(C)CCOC(C)(c1ccccc1)c1ccccn1.COc1ccc2c3c1O[C@H]1[C@@H](O)C=C[C@H]4[C@@H](C2)N(C)CC[C@@]341.O=C(O)CCC(=O)O.O=P(O)(O)O,train
CC(=O)O.CC(=O)O.CC(O)C1NC(=O)C(CCCCN)NC(=O)C(Cc2c[nH]c3ccccc23)NC(=O)C(Cc2ccccc2)NC(=O)C(NC(=O)C(N)Cc2ccccc2)CSSCC(C(=O)N[C@H](CO)[C@@H](C)O)NC1=O,train
CC(=O)O.CC(C)C1NC(=O)C(CCCCN)NC(=O)C(Cc2c[nH]c3ccccc23)NC(=O)C(Cc2ccc(O)cc2)NC(=O)C(NC(=O)C(N)Cc2ccc3ccccc3c2)CSSCC(C(=O)NC(C(N)=O)C(C)O)NC1=O,train
CC(=O)O.CC(C)C[C@H](NC(=O)CNC(=O)[C@H](CCC(N)=O)NC(=O)[C@H](CC(C)C)NC(=O)[C@H](CC(C)C)NC(=O)[C@H](CCCNC(=N)N)NC(=O)[C@H](CCC(N)=O)NC(=O)[C@H](CC(C)C)NC(=O)[C@H](CCCNC(=N)N)NC(=O)[C@H](C)NC(=O)CNC(=O)[C@H](CCC(=O)O)NC(=O)[C@H](CCCNC(=N)N)NC(=O)[C@H](CC(C)C)NC(=O)[C@H](CCCNC(=N)N)NC(=O)[C@H](CO)NC(=O)[C@H](CC(C)C)NC(=O)[C@H](CCC(=O)O)NC(=O)[C@H](CO)NC(=O)[C@@H](NC(=O)[C@H](Cc1ccccc1)NC(=O)[C@@H](NC(=O)CNC(=O)[C@H](CC(=O)O)NC(=O)[C@H](CO)NC(=O)[C@@H](N)Cc1cnc[nH]1)[C@@H](C)O)[C@@H](C)O)C(=O)N[C@H](C(N)=O)C(C)C,train
CC(=O)O.C[C@@H]1NC(=O)[C@@H]2CCCN2C(=O)[C@H](CC(N)=O)NC(=O)[C@@H]2CSSC[C@H](N)C(=O)N[C@H]3CSSC[C@H](NC1=O)C(=O)N[C@@H]([C@@H](C)O)C(=O)NCC(=O)N[C@H](C(=O)N[C@@H](Cc1ccc(O)cc1)C(=O)O)CSSC[C@H](NC(=O)[C@H](Cc1ccc(O)cc1)NC(=O)[C@H](CCC(=O)O)NC3=O)C(=O)N2,train
CC(=O)O.C[C@H](N)C(=O)O.NCCCC[C@H](N)C(=O)O.N[C@@H](CCC(=O)O)C(=O)O.N[C@@H](Cc1ccc(O)cc1)C(=O)O,train
CC(=O)O.Cc1c(-c2ccc(O)cc2)n(Cc2ccc(OCCN3CCCCCC3)cc2)c2ccc(O)cc12,train
CC(=O)O.NC(N)=NCCCC(NC(=O)[C@H](N)CCCN=C(N)N)C(=O)N1CCCC1C(=O)N1C[C@H](O)CC1C(=O)NCC(=O)N[C@@H](Cc1cccs1)C(=O)N[C@@H](CO)C(=O)N1Cc2ccccc2CC1C(=O)N1C(C(=O)N[C@@H](CCCN=C(N)N)C(=O)O)C[C@@H]2CCCC[C@@H]21,train
CC(=O)O.O=CC(O)C(O)C(O)C(O)CO,train
CC(=O)OC(C)C[N+](C)(C)C,train
CC(=O)OC1(C(C)=O)CCC2C3C=C(C)C4=CC(=O)CCC4(C)C3CCC21C,train
CC(=O)OC1(C(C)=O)CCC2C3C=C(Cl)C4=CC(=O)C5CC5C4(C)C3CCC21C,train
CC(=O)OC1(C(C)=O)CCC2C3CC(C)C4=CC(=O)CCC4(C)C3CCC21C,train
CC(=O)OC12COC1CC(O)C1(C)C(=O)C(O)C3=C(C)C(OC(=O)C(O)C(NC(=O)OC(C)(C)C)c4ccccc4)CC(O)(C(OC(=O)c4ccccc4)C21)C3(C)C,train
CC(=O)OC1C(=O)C2(C)C(O)CC3OCC3(OC(C)=O)C2C(OC(=O)c2ccccc2)C2(O)CC(OC(=O)C(O)C(NC(=O)c3ccccc3)c3ccccc3)C(C)=C1C2(C)C,train
CC(=O)OC1CC2(C)C(CC(O)C3C4(C)CCC(O)C(C)C4CCC32C)C1=C(CCC=C(C)C)C(=O)O,train
CC(=O)OC1CC2CCC3C(CCC4(C)C3CC([N+]3(C)CCCCC3)C4OC(C)=O)C2(C)CC1[N+]1(C)CCCCC1,train
CC(=O)OCC(=O)C1(O)CCC2C3CCC4=CC(=O)C=CC4(C)C3C(O)CC21C,train
CC(=O)OCC(=O)C1(O)CCC2C3CCC4=CC(=O)CCC4(C)C3(F)C(O)CC21C,train
CC(=O)OCC(=O)C1(OC(C)=O)C(C)CC2C3CC(F)C4=CC(=O)C=CC4(C)C3(F)C(O)CC21C,train
CC(=O)OCC(=O)C12OC(C)(C)OC1CC1C3CC(F)C4=CC(=O)C=CC4(C)C3(F)C(O)CC12C,train
CC(=O)OCC(=O)[C@@]1(O)CC[C@H]2[C@@H]3CCC4=CC(=O)C=C[C@]4(C)[C@H]3[C@@H](O)C[C@@]21C.CNC[C@H](O)c1cccc(O)c1.Cl,train
CC(=O)OCC(=O)[C@@]1(O)CC[C@H]2[C@@H]3C[C@H](C)C4=CC(=O)C=C[C@]4(C)[C@H]3[C@@H](O)C[C@@]21C,train
CC(=O)OCC(CCn1cnc2cnc(N)nc21)COC(C)=O,train
CC(=O)OCC1OC([SH2+])C(OC(C)=O)C(OC(C)=O)C1OC(C)=O.CC[PH+](CC)CC.CC[PH+](CC)CC.[Au].[Au],train
CC(=O)OCC[N+](C)(C)C,train
CC(=O)O[C@H]1C[C@@H]2CC[C@@H]3[C@H](CC[C@@]4(C)[C@H]3C[C@H]([N+]3(C)CCCCC3)[C@@H]4OC(C)=O)[C@@]2(C)C[C@@H]1N1CCCCC1.[Br-],train
CC(=O)O[C@H]1Cc2ccccc2N(C(N)=O)c2ccccc21,train
CC(=O)Oc1c(C)cc(OCC(O)CNC(C)C)c(C)c1C,train
CC(=O)Oc1cc2c(s1)CCN(C(C(=O)C1CC1)c1ccccc1F)C2,train
CC(=O)Oc1ccccc1C(=O)O,train
CC(=O)SC1CC2=CC(=O)CCC2(C)C2CCC3(C)C(CCC34CCC(=O)O4)C12,train
CC(=O)[C@@]1(O)CC[C@H]2[C@@H]3C=C(C)C4=CC(=O)CC[C@]4(C)[C@H]3CC[C@@]21C,train
CC(=O)[C@@]1(O)CC[C@H]2[C@@H]3CCC4=CC(=O)CC[C@]4(C)[C@H]3CC[C@@]21C,train
CC(=O)[C@@]1(O)CC[C@H]2[C@@H]3C[C@H](C)C4=CC(=O)CC[C@]4(C)[C@H]3CC[C@@]21C,train
CC(=O)[C@H](O)[C@@H](O)C(C)=O.CC(CN(C)C)CN1c2ccccc2Sc2ccccc21,train
CC(=O)[O-],train
CC(=O)[O-].CC(=O)[O-].[Ca+2],train
CC(=O)[O-].[Na+],train
CC(C(=O)O)c1ccc(-c2ccccc2)c(F)c1,train
CC(C(=O)O)c1ccc(C(=O)c2ccccc2)s1,train
CC(C(=O)O)c1ccc(C(=O)c2cccs2)cc1,train
CC(C(=O)O)c1cccc(C(=O)c2ccccc2)c1,train
CC(C(=O)O)c1cccc(Oc2ccccc2)c1,train
CC(C)(C(=O)c1cccnc1)c1cccnc1,train
CC(C)(C)C(=O)OCOP(=O)(COCCn1cnc2c(N)ncnc21)OCOC(=O)C(C)(C)C,train
CC(C)(C)C(O)C=Cc1ccc2c(c1)OCO2,train
CC(C)(C)N.CCC[C@H](N[C@H](C)C(=O)N1[C@H](C(=O)O)C[C@@H]2CCCC[C@@H]21)C(=O)OCC,train
CC(C)(C)NC(=O)C1CN(Cc2cccnc2)CCN1CC(O)CC(Cc1ccccc1)C(=O)NC1c2ccccc2CC1O,train
CC(C)(C)NCC(O)COc1cccc2c1CC(O)C(O)C2,train
CC(C)(C)NCC(O)COc1cccc2c1CCCC2=O,train
CC(C)(C)NCC(O)COc1ccccc1C1CCCC1,train
CC(C)(C)NCC(O)COc1nsnc1N1CCOCC1,train
CC(C)(C)NCC(O)c1cc(O)cc(O)c1,train
CC(C)(C)NCC(O)c1ccc(O)c(CO)c1,train
CC(C)(C)NCC(O)c1ccc(O)c(CO)n1,train
CC(C)(C)NC[C@H](O)COc1nsnc1N1CCOCC1.CCN[C@H]1CN(CCCOC)S(=O)(=O)c2sc(S(N)(=O)=O)cc21,train
CC(C)(C)c1nc(-c2cccc(NS(=O)(=O)c3c(F)cccc3F)c2F)c(-c2ccnc(N)n2)s1,train
CC(C)(CO)C(O)C(=O)NCCCO,train
CC(C)(N)Cc1ccccc1,train
CC(C)(O)c1ccccc1CCC(SCC1(CC(=O)O)CC1)c1cccc(C=Cc2ccc3ccc(Cl)cc3n2)c1,train
CC(C)(Oc1ccc(C(=O)c2ccc(Cl)cc2)cc1)C(=O)O,train
CC(C)(Oc1ccc(CCNC(=O)c2ccc(Cl)cc2)cc1)C(=O)O,train
CC(C)(S)C(N)C(=O)O,train
CC(C)=CCN1CCC2(C)c3cc(O)ccc3CC1C2C,train
CC(C)C(=O)Nc1ccc([N+](=O)[O-])c(C(F)(F)F)c1,train
CC(C)C(=O)Oc1ccc(CO)cc1[C@H](CCN(C(C)C)C(C)C)c1ccccc1,train
CC(C)C(N)C(=O)OCCOCn1cnc2c(=O)nc(N)[nH]c21,train
CC(C)C1CCC(C(=O)NC(Cc2ccccc2)C(=O)O)CC1,train
CC(C)CC(N(C)C)C1(c2ccc(Cl)cc2)CCC1,train
CC(C)CC(NC(=O)C(CCCCN)NC(=O)CNC(=O)C(CC(C)C)NC(=O)C(NC(=O)C1CSSCC(N)C(=O)NC(CO)C(=O)NC(CC(N)=O)C(=O)NC(CC(C)C)C(=O)NC(CO)C(=O)NC(C(C)O)C(=O)N1)C(C)C)C(=O)NC(CO)C(=O)NC(CCC(N)=O)C(=O)NC(CCC(=O)O)C(=O)NC(CC(C)C)C(=O)NC(Cc1cnc[nH]1)C(=O)NC(CCCCN)C(=O)NC(CC(C)C)C(=O)NC(CCC(N)=O)C(=O)NC(C(=O)NC(Cc1ccc(O)cc1)C(=O)N1CCCC1C(=O)NC(CCCNC(=N)N)C(=O)NC(C(=O)NC(CC(N)=O)C(=O)NC(C(=O)NCC(=O)NC(CO)C(=O)NCC(=O)NC(C(=O)N1CCCC1C(N)=O)C(C)O)C(C)O)C(C)O)C(C)O,train
CC(C)CC(NC(=O)C(COC(C)(C)C)NC(=O)C(Cc1ccc(O)cc1)NC(=O)C(CO)NC(=O)C(Cc1c[nH]c2ccccc12)NC(=O)C(Cc1cnc[nH]1)NC(=O)C1CCC(=O)N1)C(=O)NC(CCCN=C(N)N)C(=O)N1CCCC1C(=O)NNC(N)=O,train
CC(C)CC(NC(=O)CNC(=O)C(CCC(N)=O)NC(=O)C(CC(C)C)NC(=O)C(CC(C)C)NC(=O)C(CCCNC(=N)N)NC(=O)C(CCC(N)=O)NC(=O)C(CC(C)C)NC(=O)C(CCCNC(=N)N)NC(=O)C(C)NC(=O)C(CO)NC(=O)C(CC(=O)O)NC(=O)C(CCCNC(=N)N)NC(=O)C(CC(C)C)NC(=O)C(CCCNC(=N)N)NC(=O)C(CO)NC(=O)C(CC(C)C)NC(=O)C(CCC(=O)O)NC(=O)C(CO)NC(=O)C(NC(=O)C(Cc1ccccc1)NC(=O)C(NC(=O)CNC(=O)C(CC(=O)O)NC(=O)C(CO)NC(=O)C(N)Cc1ncc[nH]1)C(C)O)C(C)O)C(=O)NC(C(=O)O)C(C)C,train
CC(C)CC(NC(=O)CNC(=O)C(Cc1ccc(O)cc1)NC(=O)C(CO)NC(=O)C(Cc1c[nH]c2ccccc12)NC(=O)C(Cc1cnc[nH]1)NC(=O)C1CCC(=O)N1)C(=O)NC(CCCN=C(N)N)C(=O)N1CCCC1C(=O)NCC(N)=O,train
CC(C)CN(CC(O)C(Cc1ccccc1)NC(=O)OC1CCOC1)S(=O)(=O)c1ccc(N)cc1,train
CC(C)CN(C[C@@H](OP(=O)([O-])[O-])[C@H](Cc1ccccc1)NC(=O)O[C@H]1CCOC1)S(=O)(=O)c1ccc(N)cc1.[Ca+2],train
CC(C)C[C@@H](CN)CC(=O)O,train
CC(C)C[C@@H](NC(=O)[C@@H](Cc1ccccc1)NC(=O)c1cnccn1)B(O)O,train
CC(C)C[C@H](NC(=O)[C@@H](Cc1c[nH]c2ccccc12)NC(=O)[C@H](Cc1ccc(O)cc1)NC(=O)[C@H](CO)NC(=O)[C@H](Cc1c[nH]c2ccccc12)NC(=O)[C@H](Cc1cnc[nH]1)NC(=O)[C@@H]1CCC(=O)N1)C(=O)N[C@@H](CCCN=C(N)N)C(=O)N1CCC[C@H]1C(=O)NCC(N)=O,train
CC(C)C[C@H](NC(=O)[C@H](C)NC(=O)[C@H](CCC(=O)O)NC(=O)[C@@H](NC(=O)[C@H](CC(C)C)NC(=O)[C@H](Cc1cnc[nH]1)NC(=O)[C@H](CO)NC(=O)CNC(=O)[C@H](CS)NC(=O)[C@H](CC(C)C)NC(=O)[C@H](Cc1cnc[nH]1)NC(=O)[C@H](CCC(N)=O)NC(=O)[C@H](CC(N)=O)NC(=O)[C@@H](NC(=O)[C@@H](N)Cc1ccccc1)C(C)C)C(C)C)C(=O)N[C@@H](Cc1ccc(O)cc1)C(=O)N[C@@H](CC(C)C)C(=O)N[C@H](C(=O)N[C@@H](CS)C(=O)NCC(=O)N[C@@H](CCC(=O)O)C(=O)N[C@@H](CCCNC(=N)N)C(=O)NCC(=O)N[C@@H](Cc1ccccc1)C(=O)N[C@@H](Cc1ccccc1)C(=O)N[C@@H](Cc1ccc(O)cc1)C(=O)N[C@H](C(=O)N[C@@H](CC(=O)O)C(=O)N[C@@H](CCCCN)C(=O)N[C@H](C(=O)O)[C@@H](C)O)[C@@H](C)O)C(C)C.CC[C@H](C)[C@H](NC(=O)CN)C(=O)N[C@H](C(=O)N[C@@H](CCC(=O)O)C(=O)N[C@@H](CCC(N)=O)C(=O)N[C@@H](CS)C(=O)N[C@@H](CS)C(=O)N[C@H](C(=O)N[C@@H](CO)C(=O)N[C@H](C(=O)N[C@@H](CS)C(=O)N[C@@H](CO)C(=O)N[C@@H](CC(C)C)C(=O)N[C@@H](Cc1ccc(O)cc1)C(=O)N[C@@H](CCC(N)=O)C(=O)N[C@@H](CC(C)C)C(=O)N[C@@H](CCC(=O)O)C(=O)N[C@@H](CC(N)=O)C(=O)N[C@@H](Cc1ccc(O)cc1)C(=O)N[C@@H](CS)C(=O)N[C@@H](CC(N)=O)C(=O)O)[C@@H](C)CC)[C@@H](C)O)C(C)C,train
CC(C)C[C@H](NC(=O)[C@H](CCc1ccccc1)NC(=O)CN1CCOCC1)C(=O)N[C@@H](Cc1ccccc1)C(=O)N[C@@H](CC(C)C)C(=O)[C@@]1(C)CO1,train
CC(C)Cc1ccc(C(C)C(=O)O)cc1,train
CC(C)N(CCC(C(N)=O)(c1ccccc1)c1ccccn1)C(C)C,train
CC(C)N1CCN(c2ccc(OCC3COC(Cn4cncn4)(c4ccc(Cl)cc4Cl)O3)cc2)CC1,train
CC(C)N=C(N)N=C(N)Nc1ccc(Cl)cc1,train
CC(C)NCC(O)COc1ccc(CC(N)=O)cc1,train
CC(C)NCC(O)COc1ccc(COCCOC(C)C)cc1,train
CC(C)NCC(O)COc1cccc2[nH]ccc12,train
CC(C)NCC(O)COc1cccc2ccccc12,train
CC(C)NCC(O)c1cc(O)cc(O)c1,train
CC(C)NCC(O)c1ccc(NS(C)(=O)=O)cc1,train
CC(C)NCC(O)c1ccc(O)c(O)c1,train
CC(C)Nc1cccnc1N1CCN(C(=O)c2cc3cc(NS(C)(=O)=O)ccc3[nH]2)CC1,train
CC(C)OC(=O)C(C)(C)Oc1ccc(C(=O)c2ccc(Cl)cc2)cc1,train
CC(C)OC(=O)CCC/C=C/CC1C(O)CC(O)C1/C=C/C(F)(F)COc1ccccc1,train
CC(C)OC(=O)CCCC=CCC1C(O)CC(O)C1CCC(O)CCc1ccccc1,train
CC(C)OC(=O)CCCC=CC[C@@H]1[C@@H](C=CC(O)COc2cccc(C(F)(F)F)c2)[C@H](O)C[C@@H]1O,train
CC(C)OC(=O)OCOP(=O)(CO[C@@H](C)Cn1cnc2c(N)ncnc21)OCOC(=O)OC(C)C,train
CC(C)OC(=O)[C@H](C)NP(=O)(OC[C@H]1O[C@@H](n2ccc(=O)[nH]c2=O)C(C)(F)[C@@H]1O)Oc1ccccc1,train
CC(C)[C@H](N)C(=O)OCC(CO)OCn1cnc2c(=O)nc(N)[nH]c21,train
CC(C)[N+](C)(CCOC(=O)C1c2ccccc2Oc2ccccc21)C(C)C,train
CC(C)[N+]1(C)C2CCC1CC(OC(=O)C(CO)c1ccccc1)C2,train
CC(C)c1cccc(C(C)C)c1O,train
CC(C)c1cccc(C(C)C)c1OCOP(=O)([O-])[O-].[Na+].[Na+],train
CC(C)c1nc(CN(C)C(=O)NC(C(=O)NC(Cc2ccccc2)CC(O)C(Cc2ccccc2)NC(=O)OCc2cncs2)C(C)C)cs1,train
CC(C)c1nc(CN(C)C(=O)NC(CCN2CCOCC2)C(=O)NC(CCC(Cc2ccccc2)NC(=O)OCc2cncs2)Cc2ccccc2)cs1,train
CC(C)c1nc(N(C)S(C)(=O)=O)nc(-c2ccc(F)cc2)c1C=C[C@H](O)C[C@@H](O)CC(=O)O,train
CC(C=CC1=C(C)CCCC1(C)C)=CC=CC(C)=CC(=O)O,train
CC(C=CC1=C(C)CCCC1(C)C)=CC=CC(C)=CCO,train
CC(CCC(=O)O)C1CCC2C3C(O)CC4CC(O)CCC4(C)C3CC(O)C12C,train
CC(CCC(=O)O)C1CCC2C3C(O)CC4CC(O)CCC4(C)C3CCC12C,train
CC(CCc1ccc(O)cc1)NCCc1ccc(O)c(O)c1,train
CC(CCc1ccccc1)NCC(O)c1ccc(O)c(C(N)=O)c1,train
CC(CN(C)C)CN1c2ccccc2CCc2ccccc21,train
CC(CN1CC(=O)NC(=O)C1)N1CC(=O)NC(=O)C1,train
CC(CN1c2ccccc2Sc2ccccc21)N(C)C,train
CC(CO)NC(=O)C1C=C2c3cccc4[nH]cc(c34)CC2N(C)C1,train
CC(COc1ccccc1)N(CCCl)Cc1ccccc1,train
CC(COc1ccccc1)NC(C)C(O)c1ccc(O)cc1,train
CC(C[N+](C)(C)C)OC(N)=O,train
CC(Cc1ccc(O)c(O)c1)(NN)C(=O)O,train
CC(Cn1cnc2c(N)ncnc21)OCP(=O)(O)O,train
CC(N)(Cc1ccc(O)c(O)c1)C(=O)O,train
CC(N)(Cc1ccc(O)cc1)C(=O)O,train
CC(N)C(O)c1ccccc1,train
CC(N)C12CC3CC(CC(C3)C1)C2,train
CC(N)Cc1ccccc1,train
CC(NC(C)(C)C)C(=O)c1cccc(Cl)c1,train
CC(NC(CCc1ccccc1)C(=O)O)C(=O)N1C(C(=O)O)CC2CCCCC21,train
CC(O)(P(=O)(O)O)P(=O)(O)O,train
CC(O)=C(C#N)C(=O)Nc1ccc(C(F)(F)F)cc1,train
CC(O)C(=O)Nc1c(I)c(C(=O)NC(CO)CO)c(I)c(C(=O)NC(CO)CO)c1I,train
CC(O)C(=O)O,train
CC(O)C(=O)[O-].[NH4+],train
CC(O)CN1CCN(CC(=O)[O-])CCN(CC(=O)[O-])CCN(CC(=O)[O-])CC1.[Gd+3],train
CC(Oc1cc(-c2cnn(C3CCNCC3)c2)cnc1N)c1c(Cl)ccc(F)c1Cl,train
CC(S)C(=O)NCC(=O)O,train
CC/C=C/CC(=O)N[C@@H](Cc1ccc(O)cc1)C(=O)N[C@@H](C)C(=O)N[C@@H](CC(=O)O)C(=O)N[C@@H](C)C(=O)N[C@H](C(=O)N[C@@H](Cc1ccccc1)C(=O)N[C@H](C(=O)N[C@@H](CC(N)=O)C(=O)N[C@@H](CO)C(=O)N[C@@H](Cc1ccc(O)cc1)C(=O)N[C@@H](CCCNC(=N)N)C(=O)N[C@@H](CCCCN)C(=O)N[C@H](C(=O)NCC(=O)N[C@@H](CC(C)C)C(=O)N[C@@H](CCC(N)=O)C(=O)N[C@@H](CC(C)C)C(=O)N[C@@H](CO)C(=O)N[C@@H](C)C(=O)N[C@@H](CCCNC(=N)N)C(=O)N[C@@H](CCCCN)C(=O)N[C@@H](CC(C)C)C(=O)N[C@@H](CC(C)C)C(=O)N[C@@H](CCC(N)=O)C(=O)N[C@@H](CC(=O)O)C(=O)N[C@H](C(=O)N[C@@H](CCSC)C(=O)N[C@@H](CO)C(=O)N[C@@H](CCCNC(=N)N)C(=O)N[C@@H](CCC(N)=O)C(=O)NCC(=O)N[C@@H](CCC(N)=O)C(=O)N[C@@H](CCC(=O)O)C(=O)N[C@@H](CO)C(=O)N[C@@H](CC(N)=O)C(=O)N[C@@H](CCC(N)=O)C(=O)N[C@@H](CCC(=O)O)C(=O)N[C@@H](CCCNC(=N)N)C(=O)N[C@@H](C)C(=O)NCC(=O)N[C@@H](CCCNC(=N)N)C(=O)N[C@@H](C)C(=O)N[C@@H](CCCNC(=N)N)C(=O)N[C@@H](CC(C)C)C(N)=O)[C@@H](C)CC)C(C)C)[C@@H](C)O)[C@@H](C)CC,train
CC/C=C\C/C=C\C/C=C\C/C=C\C/C=C\C/C=C\CCC(=O)O.CC/C=C\C/C=C\C/C=C\C/C=C\C/C=C\CCCC(=O)O.CC/C=C\C/C=C\C/C=C\CCCCCCCC(=O)O,train
CC/C=C\C/C=C\C/C=C\C/C=C\C/C=C\C/C=C\CCC(=O)OCC.CC/C=C\C/C=C\C/C=C\C/C=C\C/C=C\CCCC(=O)OCC,train
CC1(C)N=C(N)N=C(N)N1OCCCOc1cc(Cl)c(Cl)cc1Cl.Cl,train
CC1(C)NC(=O)N(c2ccc([N+](=O)[O-])c(C(F)(F)F)c2)C1=O,train
CC1(C)OC2CC3C4CC(F)C5=CC(=O)C=CC5(C)C4(F)C(O)CC3(C)C2(C(=O)CO)O1,train
CC1(C)OC2CC3C4CC(F)C5=CC(=O)C=CC5(C)C4C(O)CC3(C)C2(C(=O)CO)O1,train
CC1(C)OC2CC3C4CC(F)C5=CC(=O)CCC5(C)C4C(O)CC3(C)C2(C(=O)CO)O1,train
CC1(C)OC2CC3C4CCC5=CC(=O)CCC5(C)C4(F)C(O)CC3(C)C2(C(=O)CCl)O1,train
CC1(C)OC2COC3(COS(N)(=O)=O)OC(C)(C)OC3C2O1,train
CC1(C)O[C@@H]2C[C@H]3C4CCC5=CC(=O)C=CC5(C)[C@H]4C(O)CC3(C)[C@]2(C(=O)CO)O1,train
CC1(C)O[C@@H]2C[C@H]3[C@@H]4CCC5=CC(=O)C=C[C@]5(C)[C@@]4(F)[C@@H](O)C[C@]3(C)[C@]2(C(=O)CO)O1,train
CC1(C)SC(C(NC(=O)Cc2ccccc2)C(=O)NCCCCCC(=O)O)NC1C(=O)O,train
CC1(C)SC2C(NC(=O)C(C(=O)[O-])c3ccccc3)C(=O)N2C1C(=O)[O-],train
CC1(C)SC2C(NC(=O)C(N)c3ccc(O)cc3)C(=O)N2C1C(=O)O,train
CC1(C)SC2C(NC(=O)C(N)c3ccccc3)C(=O)N2C1C(=O)[O-],train
CC1(C)SC2C(NC(=O)COc3ccccc3)C(=O)N2C1C(=O)[O-],train
CC1(C)SC2C(NC(=O)Cc3ccccc3)C(=O)N2C1C(=O)O,train
CC1(C)S[C@@H]2[C@H](NC(=O)Cc3ccccc3)C(=O)N2[C@H]1C(=O)O.CC1(C)S[C@@H]2[C@H](NC(=O)Cc3ccccc3)C(=O)N2[C@H]1C(=O)O.c1ccc(CNCCNCc2ccccc2)cc1,train
CC1(C)S[C@@H]2[C@H](NC(=O)Cc3ccccc3)C(=O)N2[C@H]1C(=O)O.CCN(CC)CCOC(=O)c1ccc(N)cc1.O,train
CC1(C)S[C@@H]2[C@H](NC(=O)[C@H](C(=O)O)c3ccsc3)C(=O)N2[C@H]1C(=O)O.O=C(O)[C@H]1/C(=C/CO)O[C@@H]2CC(=O)N21,train
CC1(C)[C@@H](C=C(Cl)Cl)[C@@H]1C(=O)OCc1cccc(Oc2ccccc2)c1,train
CC1(O)CCC2C3CCC4=CC(=O)CCC4(C)C3(F)C(O)CC21C,train
CC12C=CC(=O)C=C1CCC1C2C(=O)CC2(C)C1CCC2(O)C(=O)CO,train
CC12C=CC(=O)C=C1CCC1C2C(O)CC2(C)C1CCC2(O)C(=O)CO,train
CC12C=CC(=O)C=C1CCC1C2C(O)CC2(C)C1CCC2(O)C(=O)COP(=O)(O)O,train
CC12C=CC(=O)C=C1CCC1C3CC(O)C(O)(C(=O)CO)C3(C)CC(O)C12F,train
CC12CC(=CO)C(=O)CC1CCC1C2CCC2(C)C1CCC2(C)O,train
CC12CC3CC(C)(C1)CC(N)(C3)C2,train
CC12CCC(=O)C=C1CCC1C2C(O)CC2(C)C1CCC2(O)C(=O)CO,train
CC12CCC(=O)C=C1CCC1C2CCC2(C)C(O)CCC12,train
CC12CCC(=O)C=C1CCC1C2CCC2(C)C1CCC2(C)O,train
CC12CCC3C(CCC4=CC(=O)C=CC43C)C1CCC(=O)O2,train
CC12CCC3c4ccc(O)cc4CCC3C1CC(O)C2O,train
CC12CCC3c4ccc(O)cc4CCC3C1CCC2=O,train
CC12CCC3c4ccc(O)cc4CCC3C1CCC2O,train
CC12CCC3c4ccc(OC(=O)N(CCCl)CCCl)cc4CCC3C1CCC2O,train
CC12CCC3c4ccc(OC(=O)N(CCCl)CCCl)cc4CCC3C1CCC2OP(=O)(O)O,train
CC12CCC3c4ccc(OS(=O)(=O)O)cc4CCC3C1CCC2=O,train
CC1=C(C(=O)O)N2C(=O)C(NC(=O)C(N)c3ccc(O)cc3)C2SC1,train
CC1=C(C(=O)O)N2C(=O)C(NC(=O)C(N)c3ccccc3)C2SC1,train
CC1=C(CC(=O)O)c2cc(F)ccc2C1=Cc1ccc(S(C)=O)cc1,train
CC1=C(CCC(=O)O)c2cc3nc(cc4[nH]c(cc5[nH]c(cc1n2)c(C)c5C(C)O)c(C)c4C(C)OC(C)c1c(C)c2cc4nc(cc5nc(cc6[nH]c(cc1[nH]2)c(C)c6C(C)O)C(C)=C5CCC(=O)O)C(CCC(=O)O)=C4C)C(C)=C3CCC(=O)O,train
CC1=C2N=C(C=C3N=C(C(C)=C4[N-]C(C(CC(N)=O)C4(C)CCC(=O)NCC(C)OP(=O)(O)OC4C(CO)OC(n5cnc6cc(C)c(C)cc65)C4O)C4(C)N=C1C(CCC(N)=O)C4(C)CC(N)=O)C(CCC(N)=O)C3(C)C)C(CCC(N)=O)C2(C)CC(N)=O.[C-]#N.[Co+2],train
CC1=C2N=C(C=C3N=C(C(C)=C4[N-]C(C(CC(N)=O)C4(C)CCC(=O)NCC(C)OP(=O)([O-])OC4C(CO)OC(n5cnc6cc(C)c(C)cc65)C4O)C4(C)N=C1C(CCC(N)=O)C4(C)CC(N)=O)C(CCC(N)=O)C3(C)C)C(CCC(N)=O)C2(C)CC(N)=O.O.[Co],train
CC1=NS(=O)(=O)c2cc(Cl)ccc2N1,train
CC1C(c2ccccc2)OCCN1C,train
CC1C=CC=CCCC=CC=CC=CC=CC(OC2OC(C)C(O)C(N)C2O)CC2OC(O)(CC(O)C(O)CCC(O)CC(O)CC(O)CC(=O)OC(C)C(C)C1O)CC(O)C2C(=O)O,train
CC1CC(=O)NN=C1c1ccc(NN=C(C#N)C#N)cc1,train
CC1CC2C(C(O)CC3(C)C2CCC3(O)C(=O)CO)C2(C)C=CC(=O)C=C12,train
CC1CC2C(C(O)CC3(C)C2CCC3(O)C(=O)COC(=O)CCC(=O)O)C2(C)C=CC(=O)C=C12,train
CC1CC2C3C(Cl)CC4=CC(=O)C=CC4(C)C3C(O)CC2(C)C1(O)C(=O)CO,train
CC1CC2C3CC(F)C4=CC(=O)C=CC4(C)C3(F)C(O)CC2(C)C1(O)C(=O)CO,train
CC1CC2C3CCC4=CC(=O)C=CC4(C)C3(Cl)C(O)CC2(C)C1(O)C(=O)CO,train
CC1CC2C3CCC4=CC(=O)C=CC4(C)C3(Cl)C(O)CC2(C)C1(OC(=O)c1ccco1)C(=O)CCl,train
CC1CC2C3CCC4=CC(=O)C=CC4(C)C3(F)C(O)CC2(C)C1(O)C(=O)CO,train
CC1CC2C3CCC4=CC(=O)C=CC4(C)C3(F)C(O)CC2(C)C1(O)C(=O)COP(=O)(O)O,train
CC1CC2C3CCC4=CC(=O)C=CC4(C)C3(F)C(O)CC2(C)C1C(=O)CO,train
CC1CC2C3CCC4=CC(=O)C=CC4(C)[C@@]3(F)C(O)CC2(C)[C@@]1(O)C(=O)CCl,train
CC1CCN(C(=O)CC#N)CC1N(C)c1ncnc2[nH]ccc12,train
CC1CN(C2CCC(C#N)(c3ccc(F)cc3)CC2)CCC1(C(=O)O)c1ccccc1,train
CC1CN(c2c(F)c(N)c3c(=O)c(C(=O)O)cn(C4CC4)c3c2F)CC(C)N1,train
CC1CNCCc2ccc(Cl)cc21,train
CC1COc2c(N3CCN(C)CC3)c(F)cc3c(=O)c(C(=O)O)cn1c23,train
CC1Cc2ccccc2N1NC(=O)c1ccc(Cl)c(S(N)(=O)=O)c1,train
CC1OC(C)OC(C)O1,train
CC1OC1P(=O)(O)O,train
CC1Oc2ccc(C(C)(C)C)cc2O1,train
CC=CC(=O)N(CC)c1ccccc1C,train
CC=CC1=C(C(=O)O)N2C(=O)C(NC(=O)C(N)c3ccc(O)cc3)C2SC1,train
CCC(=C(c1ccccc1)c1ccc(OCCN(C)C)cc1)c1ccccc1,train
CCC(=O)C(CC(C)N(C)C)(c1ccccc1)c1ccccc1,train
CCC(=O)NCC[C@@H]1CCc2ccc3c(c21)CCO3,train
CCC(=O)NC[C@@H]1C[C@@H]1c1cccc2c1CCO2,train
CCC(=O)NS(=O)(=O)c1ccc(-c2c(-c3ccccc3)noc2C)cc1,train
CCC(=O)OC(OP(=O)(CCCCc1ccccc1)CC(=O)N1CC(C2CCCCC2)CC1C(=O)[O-])C(C)C,train
CCC(=O)OC1(C(=O)CCl)C(C)CC2C3CCC4=CC(=O)C=CC4(C)C3(F)C(O)CC21C,train
CCC(=O)OC1(C(=O)SCF)C(C)CC2C3CC(F)C4=CC(=O)C=CC4(C)C3(F)C(O)CC21C,train
CCC(=O)OC1CCC2C3CCC4=CC(=O)CCC4(C)C3CCC12C,train
CCC(=O)OCC(=O)C1(OC(=O)CC)C(C)CC2C3C(Cl)CC4=CC(=O)C=CC4(C)C3C(O)CC21C,train
CCC(=O)OCC(=O)C1(OC(=O)CC)C(C)CC2C3CCC4=CC(=O)C=CC4(C)C3(Cl)C(O)CC21C,train
CCC(=O)OCC(=O)[C@@]1(OC(=O)CC)[C@@H](C)C[C@H]2[C@@H]3CCC4=CC(=O)C=C[C@]4(C)[C@@]3(F)[C@@H](O)C[C@@]21C,train
CCC(=O)O[C@](Cc1ccccc1)(c1ccccc1)[C@H](C)CN(C)C.O=S(=O)(O)c1ccc2ccccc2c1,train
CCC(=O)O[C@]1(C(=O)CO)[C@@H](C)C[C@H]2[C@@H]3CCC4=CC(=O)C=C[C@]4(C)[C@@]3(Cl)[C@@H](O)C[C@@]21C,train
CCC(=O)[C@@]1(C)[C@H](C)CC2C3CCC4=CC(=O)C=C[C@]4(C)C3[C@@H](O)C[C@@]21C,train
CCC(C(=O)O)c1ccccc1,train
CCC(C)(C)C(=O)O[C@H]1C[C@@H](C)C=C2C=C[C@H](C)[C@H](CC[C@@H]3C[C@@H](O)CC(=O)O3)[C@H]21,train
CCC(C)C(=O)OC1CC(C)C=C2C=CC(C)C(CCC3CC(O)CC(=O)O3)C21,train
CCC(C)C(=O)OC1CC(O)C=C2C=CC(C)C(CCC(O)CC(O)CC(=O)O)C21,train
CCC(C)C(N)C1=NC(C(=O)NC(CC(C)C)C(=O)NC(CCC(=O)O)C(=O)NC(C(=O)NC2CCCCNC(=O)C(CC(N)=O)NC(=O)C(CC(=O)O)NC(=O)C(Cc3cnc[nH]3)NC(=O)C(Cc3ccccc3)NC(=O)C(C(C)CC)NC(=O)C(CCCN)NC2=O)C(C)CC)CS1,train
CCC(C)C(NC(=O)C(CCC(=O)O)NC(=O)C(CO)NC(=O)C(NC(=O)C(N)CO)C(C)C)C(=O)NC(CCC(N)=O)C(=O)NC(CC(C)C)C(=O)NC(CCSC)C(=O)NC(Cc1c[nH]cn1)C(=O)NC(CC(N)=O)C(=O)NC(CC(C)C)C(=O)NCC(=O)NC(CCCCN)C(=O)NC(Cc1c[nH]cn1)C(=O)NC(CC(C)C)C(=O)NC(CC(N)=O)C(=O)NC(CO)C(=O)NC(CCSC)C(=O)NC(CCC(=O)O)C(=O)NC(CCCNC(=N)N)C(=O)NC(C(=O)NC(CCC(=O)O)C(=O)NC(Cc1c[nH]c2ccccc12)C(=O)NC(CC(C)C)C(=O)NC(CCCNC(=N)N)C(=O)NC(CCCCN)C(=O)NC(CCCCN)C(=O)NC(CC(C)C)C(=O)NC(CCC(N)=O)C(=O)NC(CC(=O)O)C(=O)NC(C(=O)NC(Cc1c[nH]cn1)C(=O)NC(CC(N)=O)C(=O)NC(Cc1ccccc1)C(=O)O)C(C)C)C(C)C,train
CCC(C)C1(CC)C(=O)NC(=O)NC1=O,train
CCC(C)C1NC(=O)C(Cc2ccc(O)cc2)NC(=O)C(N)CSSCC(C(=O)N2CCCC2C(=O)NC(CC(C)C)C(=O)NCC(N)=O)NC(=O)C(CC(N)=O)NC(=O)C(C(C)O)NC1=O,train
CCC(C)C1NC(=O)C(Cc2ccc(O)cc2)NC(=O)C(N)CSSCC(C(=O)N2CCCC2C(=O)NC(CC(C)C)C(=O)NCC(N)=O)NC(=O)C(CC(N)=O)NC(=O)C(CCC(N)=O)NC1=O,train
CCC(C)CCCCC(=O)NC(CCN)C(=O)NC(C(=O)NC(CCN)C(=O)NC1CCNC(=O)C(C(C)O)NC(=O)C(CCN)NC(=O)C(CCN)NC(=O)C(CC(C)C)NC(=O)C(Cc2ccccc2)NC(=O)C(CCN)NC1=O)C(C)O,train
CCC(C)[C@H]1O[C@]2(CC[C@@H]1C)CC1C[C@@H](C/C=C(\C)[C@@H](O[C@H]3C[C@H](OC)[C@@H](OC4C[C@H](OC)[C@@H](O)[C@H](C)O4)[C@H](C)O3)[C@@H](C)/C=C/C=C3\CO[C@@H]4[C@H](O)C(C)=C[C@@H](C(=O)O1)[C@]34O)O2.CO[C@H]1CC(O[C@H]2[C@H](C)O[C@@H](O[C@@H]3/C(C)=C/C[C@@H]4CC(C[C@]5(CC[C@H](C)[C@@H](C(C)C)O5)O4)OC(=O)[C@@H]4C=C(C)[C@@H](O)[C@H]5OC/C(=C\C=C\[C@@H]3C)[C@]54O)C[C@@H]2OC)O[C@@H](C)[C@@H]1O,train
CCC(C)n1ncn(-c2ccc(N3CCN(c4ccc(OCC5COC(Cn6cncn6)(c6ccc(Cl)cc6Cl)O5)cc4)CC3)cc2)c1=O,train
CCC(CO)NC(=O)C1C=C2c3cccc4[nH]cc(c34)CC2N(C)C1,train
CCC(CO)NC(=O)C1C=C2c3cccc4c3c(cn4C)CC2N(C)C1,train
CCC(CO)NCCNC(CC)CO,train
CCC(c1cccc(O)c1)C(C)CN(C)C,train
CCC1(O)C(=O)OCc2c1cc1n(c2=O)Cc2cc3c(CN(C)C)c(O)ccc3nc2-1,train
CCC1(c2ccccc2)C(=O)NC(=O)NC1=O,train
CCC1(c2ccccc2)C(=O)NCNC1=O,train
CCC1(c2ccccc2)NC(=O)N(C)C1=O,train
CCC1=CC2CN(C1)Cc1c([nH]c3ccccc13)C(C(=O)OC)(c1cc3c(cc1OC)N(C)C1C(O)(C(=O)OC)C(OC(C)=O)C4(CC)C=CCN5CCC31C54)C2,train
CCC1C(=O)OCC1Cc1cncn1C,train
CCC1CCC[C@H](O[C@H]2CCC(N(C)C)[C@@H](C)O2)C(C)C(=O)C2=C[C@@H]3[C@@H](C=C(C)[C@@H]4C[C@@H](O[C@@H]5O[C@@H](C)[C@H](OC)[C@@H](OC)[C@H]5OC)C[C@@H]34)[C@@H]2CC(=O)O1.CCC1CCC[C@H](O[C@H]2CCC(N(C)C)[C@@H](C)O2)C(C)C(=O)C2=C[C@@H]3[C@@H](C=C[C@@H]4C[C@@H](O[C@@H]5O[C@@H](C)[C@H](OC)[C@@H](OC)[C@H]5OC)C[C@@H]34)[C@@H]2CC(=O)O1,train
CCC1OC(=O)C(C)C(OC2CC(C)(OC)C(O)C(C)O2)C(C)C(OC2OC(C)CC(N(C)C)C2O)C(C)(O)CC(C)C(=NOCOCCOC)C(C)C(O)C1(C)O,train
CCC1OC(=O)C(C)C(OC2CC(C)(OC)C(O)C(C)O2)C(C)C(OC2OC(C)CC(N(C)C)C2O)C(C)(O)CC(C)C(=O)C(C)C(O)C1(C)O,train
CCC=CCC=CCC=CCC=CCC=CCCCC(=O)O,train
CCCC(=O)Nc1ccc(OCC(O)CNC(C)C)c(C(C)=O)c1,train
CCCC(=O)OC1(C(=O)CCl)C(C)CC2C3CCC4=CC(=O)C=CC4(C)C3(F)C(=O)CC21C,train
CCCC(=O)OC1(C(=O)CO)CCC2C3CCC4=CC(=O)CCC4(C)C3C(O)CC21C,train
CCCC(=O)OC1(C(=O)COC(C)=O)CCC2C3CC(F)C4=CC(=O)C=CC4(C)C3(F)C(O)CC21C,train
CCCC(=O)OCOC(=O)C1=C(C)NC(C)=C(C(=O)OC)C1c1cccc(Cl)c1Cl,train
CCCC(C)(COC(N)=O)COC(=O)NC(C)C,train
CCCC(C)(COC(N)=O)COC(N)=O,train
CCCC(C)C1(CC)C(=O)NC(=O)NC1=O,train
CCCC(CCC)C(=O)O,train
CCCC1CC(C(=O)NC(C(C)Cl)C2OC(SC)C(O)C(O)C2O)N(C)C1,train
CCCC1CC(C(=O)NC(C(C)Cl)C2OC(SC)C(OP(=O)(O)O)C(O)C2O)N(C)C1,train
CCCC1CC(C(=O)NC(C(C)O)C2OC(SC)C(O)C(O)C2O)N(C)C1,train
CCCC1OC2CC3C4CCC5=CC(=O)C=CC5(C)C4C(O)CC3(C)C2(C(=O)CO)O1,train
CCCCC(=O)N(Cc1ccc(-c2ccccc2-c2nn[nH]n2)cc1)C(C(=O)O)C(C)C,train
CCCCC(=O)OC1CCC2C3CCc4cc(O)ccc4C3CCC12C,train
CCCCC(=O)OCC(=O)[C@]1(O)Cc2c(O)c3c(c(O)c2[C@@H](OC2CC(NC(=O)C(F)(F)F)C(O)C(C)O2)C1)C(=O)c1c(OC)cccc1C3=O,train
CCCCC(=O)O[C@]1(C(=O)CO)CCC2C3CCC4=CC(=O)CCC4(C)C3C(O)CC21C,train
CCCCC(=O)O[C@]1(C(=O)CO)[C@@H](C)C[C@H]2[C@@H]3CCC4=CC(=O)C=C[C@]4(C)[C@@]3(F)[C@@H](O)C[C@@]21C,train
CCCCC(C)(C)C(O)C=CC1C(O)CC(=O)C1CCCCC=CC(=O)OC,train
CCCCC(C)(O)CC=C[C@H]1[C@H](O)CC(=O)[C@@H]1CCCCCCC(=O)OC,train
CCCCC1=NC2(CCCC2)C(=O)N1Cc1ccc(-c2ccccc2-c2nn[nH]n2)cc1,train
CCCCCC(O)C=CC1C(O)CC(=O)C1CC=CCCCC(=O)O,train
CCCCCC(O)C=CC1C(O)CC(=O)C1CCCCCCC(=O)O,train
CCCCCC(O)C=CC1C(O)CC(O)C1CC=CCCCC(=O)O,train
CCCCCCC(=O)OC1CCC2C3CCC4=CC(=O)CCC4(C)C3CCC12C,train
CCCCCCC(C)(C)c1cc(O)c2c(c1)OC(C)(C)C1CCC(=O)CC21,train
CCCCCCCC(=O)CCC1C(O)CC(O)C1CC=CCCCC(=O)O,train
CCCCCCCC(=O)CCC1C(O)CC(O)C1CC=CCCCC(=O)OC(C)C,train
CCCCCCCC(=O)NC(CN1CCCC1)C(O)c1ccc2c(c1)OCCO2,train
CCCCCCCCCC(=O)N[C@@H](Cc1c[nH]c2ccccc12)C(=O)N[C@@H](CC(N)=O)C(=O)N[C@@H](CC(=O)O)C(=O)NC1C(=O)NCC(=O)N[C@@H](CCCN)C(=O)N[C@@H](CC(=O)O)C(=O)N[C@H](C)C(=O)N[C@@H](CC(=O)O)C(=O)NCC(=O)N[C@H](CO)C(=O)N[C@@H](C(C)CC(=O)O)C(=O)N[C@@H](CC(=O)c2ccccc2N)C(=O)OC1C,train
CCCCCCCCCC(=O)N[C@H]1[C@H](Oc2c3cc4cc2Oc2ccc(cc2Cl)[C@@H](O[C@@H]2O[C@H](CO)[C@@H](O)[C@H](O)[C@H]2NC(C)=O)[C@@H]2NC(=O)[C@H](NC(=O)[C@@H]4NC(=O)[C@H]4NC(=O)[C@@H](Cc5ccc(c(Cl)c5)O3)NC(=O)[C@@H](N)c3ccc(O)c(c3)Oc3cc(O)cc4c3)c3ccc(O)c(c3)-c3c(O[C@H]4O[C@H](CO)[C@@H](O)[C@H](O)[C@@H]4O)cc(O)cc3[C@H](C(=O)O)NC2=O)O[C@H](CO)[C@@H](O)[C@@H]1O,train
CCCCCCCCCC(=O)OC1CCC2C3CCC4=CC(=O)CCC4C3CCC12C,train
CCCCCCCCCC(=O)OCCN1CCN(CCCN2c3ccccc3Sc3ccc(C(F)(F)F)cc32)CC1,train
CCCCCCCCCCC(=O)O[C@H]1CC[C@H]2[C@@H]3CCC4=CC(=O)CC[C@]4(C)[C@H]3CC[C@]12C,train
CCCCCCCCCCCC(CC1OC(=O)C1CCCCCC)OC(=O)C(CC(C)C)NC=O,train
CCCCCCCCCCCCCC(=O)NCCCC[C@H](NC(=O)[C@@H]1CCCN1C(=O)[C@@H](NC(=O)[C@H](Cc1ccc(O)cc1)NC(=O)[C@H](Cc1ccccc1)NC(=O)[C@H](Cc1ccccc1)NC(=O)CNC(=O)[C@H](CCCNC(=N)N)NC(=O)[C@H](CCC(=O)O)NC(=O)CNC(=O)[C@@H]1CSSC[C@@H](C(=O)N[C@@H](CC(N)=O)C(=O)O)NC(=O)[C@H](Cc2ccc(O)cc2)NC(=O)[C@H](CC(N)=O)NC(=O)[C@H](CCC(=O)O)NC(=O)[C@H](CC(C)C)NC(=O)[C@H](CCC(N)=O)NC(=O)[C@H](Cc2ccc(O)cc2)NC(=O)[C@H](CC(C)C)NC(=O)[C@H](CO)NC(=O)[C@@H]2CSSC[C@H](NC(=O)[C@H](CCC(N)=O)NC(=O)[C@H](CCC(=O)O)NC(=O)[C@@H](NC(=O)[C@@H](NC(=O)CN)[C@@H](C)CC)C(C)C)C(=O)N[C@@H](CSSC[C@H](NC(=O)[C@H](CC(C)C)NC(=O)[C@H](Cc3c[nH]cn3)NC(=O)[C@H](CCC(N)=O)NC(=O)[C@H](CC(N)=O)NC(=O)[C@@H](NC(=O)[C@@H](N)Cc3ccccc3)C(C)C)C(=O)NCC(=O)N[C@@H](CO)C(=O)N[C@@H](Cc3c[nH]cn3)C(=O)N[C@@H](CC(C)C)C(=O)N[C@@H](C(C)C)C(=O)N[C@@H](CCC(=O)O)C(=O)N[C@@H](C)C(=O)N[C@@H](CC(C)C)C(=O)N[C@@H](Cc3ccc(O)cc3)C(=O)N[C@@H](CC(C)C)C(=O)N[C@@H](C(C)C)C(=O)N1)C(=O)N[C@@H]([C@@H](C)O)C(=O)N[C@@H](CO)C(=O)N[C@@H]([C@@H](C)CC)C(=O)N2)[C@@H](C)O)C(=O)O,train
CCCCCCCCCCCCCCCC(=O)N[C@@H](CCC(=O)NCCCC[C@H](NC(=O)[C@H](C)NC(=O)[C@H](C)NC(=O)[C@H](CCC(N)=O)NC(=O)CNC(=O)[C@H](CCC(=O)O)NC(=O)[C@H](CC(C)C)NC(=O)[C@H](Cc1ccc(O)cc1)NC(=O)[C@H](CO)NC(=O)[C@H](CO)NC(=O)[C@@H](NC(=O)[C@H](CC(=O)O)NC(=O)[C@H](CO)NC(=O)[C@@H](NC(=O)[C@H](Cc1ccccc1)NC(=O)[C@@H](NC(=O)CNC(=O)[C@H](CCC(=O)O)NC(=O)[C@H](C)NC(=O)[C@@H](N)Cc1cnc[nH]1)[C@@H](C)O)[C@@H](C)O)C(C)C)C(=O)N[C@@H](CCC(=O)O)C(=O)N[C@@H](Cc1ccccc1)C(=O)N[C@H](C(=O)N[C@@H](C)C(=O)N[C@@H](Cc1c[nH]c2ccccc12)C(=O)N[C@@H](CC(C)C)C(=O)N[C@H](C(=O)N[C@@H](CCCNC(=N)N)C(=O)NCC(=O)N[C@@H](CCCNC(=N)N)C(=O)NCC(=O)O)C(C)C)[C@@H](C)CC)C(=O)O,train
CCCCCCCCCCCCCCCC(=O)OC[C@H](COP(=O)(O)OCCNC(=O)[C@H](C)NC(=O)CC[C@@H](NC(=O)[C@H](C)NC(=O)[C@@H](C)OC1[C@@H](NC(C)=O)[C@H](O)O[C@H](CO)[C@H]1O)C(N)=O)OC(=O)CCCCCCCCCCCCCCC,train
CCCCCCCCCCCCCCCCCC(=O)O.CC[C@H]1OC(=O)[C@H](C)[C@@H](O[C@H]2C[C@@](C)(OC)[C@@H](O)[C@H](C)O2)[C@H](C)[C@@H](O[C@@H]2O[C@H](C)C[C@H](N(C)C)[C@H]2O)[C@](C)(O)C[C@@H](C)C(=O)[C@H](C)[C@@H](O)[C@]1(C)O,train
CCCCCCCCCCCCCCCCCCCCCCO,train
CCCCCCCCCCCCCCOS(=O)(=O)O,train
CCCCCCCCCCNCCN[C@@]1(C)C[C@H](O[C@H]2[C@H](Oc3c4cc5cc3Oc3ccc(cc3Cl)[C@@H](O)[C@@H](NC(=O)[C@@H](CC(C)C)NC)C(=O)N[C@@H](CC(N)=O)C(=O)N[C@H]5C(=O)N[C@H]3C(=O)N[C@H](C(=O)N[C@H](C(=O)O)c5cc(O)c(CNCP(=O)(O)O)c(O)c5-c5cc3ccc5O)[C@H](O)c3ccc(c(Cl)c3)O4)O[C@H](CO)[C@@H](O)[C@@H]2O)O[C@@H](C)[C@H]1O,train
CCCCCCCCc1ccc(CCC(N)(CO)CO)cc1.Cl,train
CCCCCCCN(CC)CCCC(O)c1ccc(NS(C)(=O)=O)cc1.CCCCCCCN(CC)CCCC(O)c1ccc(NS(C)(=O)=O)cc1.O=C(O)C=CC(=O)O,train
CCCCCCOC(=O)CCC(=O)CN.Cl,train
CCCCCCOC(=O)N=C(N)c1ccc(NCc2nc3cc(C(=O)N(CCC(=O)OCC)c4ccccn4)ccc3n2C)cc1,train
CCCCCN(C)CCC(O)(P(=O)(O)O)P(=O)(O)O,train
CCCCCN=C(N)NN/C=C1\C=Nc2ccc(CO)cc21,train
CCCCCOC(=O)Nc1nc(=O)n([C@@H]2O[C@H](C)[C@@H](O)[C@H]2O)cc1F,train
CCCCC[C@@H](O)CC[C@H]1[C@@H]2Cc3cccc(OCC(=O)O)c3C[C@@H]2C[C@@H]1O,train
CCCCC[C@H](O)C=C[C@@H]1[C@@H](CC=CCCCC(=O)O)[C@@H](O)C[C@H]1O.NC(CO)(CO)CO,train
CCCCC[C@](C)(O)C=C[C@@H]1[C@@H](CC=CCCCC(=O)O)[C@@H](O)C[C@H]1O,train
CCCCN(CCCC)CCC(O)c1cc2c(Cl)cc(Cl)cc2c2cc(C(F)(F)F)ccc12.Cl,train
CCCCN1CCCCC1C(=O)Nc1c(C)cccc1C,train
CCCCN1C[C@H](O)[C@@H](O)[C@H](O)[C@H]1CO,train
CCCCNC(=O)NS(=O)(=O)c1ccc(C)cc1,train
CCCCNc1cc(C(=O)O)cc(S(N)(=O)=O)c1Oc1ccccc1,train
CCCCNc1ccc(C(=O)OCCN(C)C)cc1,train
CCCCNc1ccc(C(=O)OCCOCCOCCOCCOCCOCCOCCOCCOCCOC)cc1,train
CCCCS(=O)(=O)NC(Cc1ccc(OCCCCC2CCNCC2)cc1)C(=O)O,train
CCCC[N+]1(C)C2CC(OC(=O)C(CO)c3ccccc3)CC1C1OC12,train
CCCCc1nc(Cl)c(CO)n1Cc1ccc(-c2ccccc2-c2nn[nH]n2)cc1,train
CCCCc1ncc(C=C(Cc2cccs2)C(=O)O)n1Cc1ccc(C(=O)O)cc1.CS(=O)(=O)O,train
CCCCc1oc2ccc(NS(C)(=O)=O)cc2c1C(=O)c1ccc(OCCCN(CCCC)CCCC)cc1,train
CCCCc1oc2ccccc2c1C(=O)c1cc(I)c(OCC[NH+](CC)CC)c(I)c1,train
CCCN(CCC)CCc1cccc2c1CC(=O)N2,train
CCCN(CCC)S(=O)(=O)c1ccc(C(=O)O)cc1,train
CCCN(CCOc1c(Cl)cc(Cl)cc1Cl)C(=O)n1ccnc1.O=S(=O)([O-])C(I)I.[Na+],train
CCCN1CC(CSC)CC2c3cccc4[nH]cc(c34)CC21,train
CCCN1CCCCC1C(=O)Nc1c(C)cccc1C,train
CCCNC(=O)NS(=O)(=O)c1ccc(Cl)cc1,train
CCCNC(C)C(=O)Nc1c(C)csc1C(=O)OC.Cl,train
CCCNC(C)C(=O)Nc1ccccc1C,train
CCCNC1CCc2nc(N)sc2C1,train
CCCNCC(O)COc1ccccc1C(=O)CCc1ccccc1,train
CCCNS(=O)(=O)Nc1ncnc(OCCOc2ncc(Br)cn2)c1-c1ccc(Br)cc1,train
CCCOc1ccc(C(=O)OCCN(CC)CC)cc1N,train
CCCS(=O)(=O)Nc1ccc(F)c(C(=O)c2c[nH]c3ncc(-c4ccc(Cl)cc4)cc23)c1F,train
CCCSc1ccc2nc(NC(=O)OC)[nH]c2c1,train
CCC[C@@]1(CCc2ccccc2)CC(=O)C([C@H](CC)c2cccc([N-]S(=O)(=O)c3ccc(C(F)(F)F)cn3)c2)=C([O-])O1.[Na+].[Na+],train
CCC[C@H](NC(=O)[C@@H]1[C@H]2CCC[C@H]2CN1C(=O)[C@@H](NC(=O)[C@@H](NC(=O)c1cnccn1)C1CCCCC1)C(C)(C)C)C(=O)C(=O)NC1CC1,train
CCC[C@H](N[C@@H](C)C(=O)N1[C@H](C(=O)O)C[C@@H]2CCCC[C@@H]21)C(=O)O,train
CCC[C@H](N[C@H](C)C(=O)N1[C@H](C(=O)O)C[C@@H]2CCCC[C@@H]21)C(=O)OCC,train
CCCc1nc(C(C)(C)O)c(C(=O)O)n1Cc1ccc(-c2ccccc2-c2nn[nH]n2)cc1,train
CCCc1nc(C(C)(C)O)c(C(=O)OCc2oc(=O)oc2C)n1Cc1ccc(-c2ccccc2-c2nn[nH]n2)cc1,train
CCCc1nc(C(C)(C)O)c(C(=O)OCc2oc(=O)oc2C)n1Cc1ccc(-c2ccccc2-c2nn[nH]n2)cc1.NS(=O)(=O)c1cc2c(cc1Cl)NCNS2(=O)=O,train
CCCc1nn(C)c2c(=O)nc(-c3cc(S(=O)(=O)N4CCN(C)CC4)ccc3OCC)[nH]c12,train
CCN(C(C)=O)c1cccc(-c2ccnc3c(C#N)cnn23)c1,train
CCN(C)C(=O)Oc1cccc(C(C)N(C)C)c1,train
CCN(CC)C(=O)C(C#N)=Cc1cc(O)c(O)c([N+](=O)[O-])c1,train
CCN(CC)C(=O)NC1C=C2c3cccc4[nH]cc(c34)CC2N(C)C1,train
CCN(CC)C(=O)Nc1ccc(OCC(O)CNC(C)(C)C)c(C(C)=O)c1,train
CCN(CC)C(=O)[C@]1(c2ccccc2)C[C@@H]1C[NH3+].[Cl-],train
CCN(CC)C(=S)SSC(=S)N(CC)CC,train
CCN(CC)C(C)C(=O)c1ccccc1,train
CCN(CC)CC#CCOC(=O)C(O)(c1ccccc1)C1CCCCC1,train
CCN(CC)CC(=O)Nc1c(C)cccc1C,train
CCN(CC)CCCC(C)Nc1ccnc2cc(Cl)ccc12,train
CCN(CC)CCN1C(=O)CN=C(c2ccccc2F)c2cc(Cl)ccc21,train
CCN(CC)CCNC(=O)c1c(C)[nH]c(C=C2C(=O)Nc3ccc(F)cc32)c1C,train
CCN(CC)CCNC(=O)c1cc(Cl)c(N)cc1OC,train
CCN(CC)CCNC(=O)c1ccc(N)cc1,train
CCN(CC)CCOC(=O)c1ccc(N)cc1,train
CCN(CC)CCOC(=O)c1ccc(N)cc1Cl,train
CCN(CC)CCOc1ccc(C(=C(Cl)c2ccccc2)c2ccccc2)cc1,train
CCN(CC)c1ccc(C(=C2C=CC(=[N+](CC)CC)C=C2)c2cc(S(=O)(=O)O)ccc2S(=O)(=O)O)cc1,train
CCN(CCCCOC(=O)c1ccc(OC)c(OC)c1)C(C)Cc1ccc(OC)cc1,train
CCN(CCO)CCCC(C)Nc1ccnc2cc(Cl)ccc12,train
CCN(Cc1ccncc1)C(=O)C(CO)c1ccccc1,train
CCN1C(=O)NC(c2ccccc2)C1=O,train
CCN1CCN(C(=O)NC(C(=O)NC2C(=O)N3C2SC(C)(C)C3C(=O)[O-])c2ccccc2)C(=O)C1=O,train
CCNC(=NCCCC[C@H](NC(=O)[C@H](CC(C)C)NC(=O)[C@@H](CCCCN=C(NCC)NCC)NC(=O)[C@H](Cc1ccc(O)cc1)NC(=O)[C@H](CO)NC(=O)[C@@H](Cc1cccnc1)NC(=O)[C@@H](Cc1ccc(Cl)cc1)NC(=O)[C@@H](Cc1ccc2ccccc2c1)NC(C)=O)C(=O)N1CCC[C@H]1C(=O)N[C@H](C)C(N)=O)NCC,train
CCNC(=O)C1CCCN1C(=O)C(CCCN=C(N)N)NC(=O)C(CC(C)C)NC(=O)C(CC(C)C)NC(=O)C(Cc1ccc(O)cc1)NC(=O)C(CO)NC(=O)C(Cc1c[nH]c2ccccc12)NC(=O)C(Cc1cnc[nH]1)NC(=O)C1CCC(=O)N1,train
CCNC(=O)C1CCCN1C(=O)C(CCCN=C(N)N)NC(=O)C(CC(C)C)NC(=O)C(COC(C)(C)C)NC(=O)C(Cc1ccc(O)cc1)NC(=O)C(CO)NC(=O)C(Cc1c[nH]c2ccccc12)NC(=O)C(Cc1cnc[nH]1)NC(=O)C1CCC(=O)N1,train
CCNC(=O)CCCC=CC[C@@H]1[C@@H](C=C[C@@H](O)CCc2ccccc2)[C@H](O)C[C@@H]1O,train
CCNC1CC(C)S(=O)(=O)c2sc(S(N)(=O)=O)cc21,train
CCO/N=C(\C(=O)NC1C(=O)N2C(C(=O)O)=C(Sc3nc(-c4cc[n+](C)cc4)cs3)CSC12)c1nsc(NP(=O)([O-])O)n1,train
CCOC(=O)C(CCc1ccccc1)NC(C)C(=O)N1C(C(=O)O)CC2CCCC21,train
CCOC(=O)C(CCc1ccccc1)NC(C)C(=O)N1C(C(=O)O)CC2CCCCC21,train
CCOC(=O)C(CCc1ccccc1)NC(C)C(=O)N1CCCC1C(=O)O,train
CCOC(=O)C(CCc1ccccc1)NC(C)C(=O)N1Cc2ccccc2CC1C(=O)O,train
CCOC(=O)C(CCc1ccccc1)NC1CCc2ccccc2N(CC(=O)O)C1=O,train
CCOC(=O)C1(c2ccccc2)CCN(C)CC1,train
CCOC(=O)C1=C(C)NC(C)=C(C(=O)OC)C1c1cccc(Cl)c1Cl,train
CCOC(=O)C1=C(COCCN)NC(C)=C(C(=O)OC)C1c1ccccc1Cl,train
CCOC(=O)C1=CC(OC(CC)CC)C(NC(C)=O)C(N)C1,train
CCOC(=O)CC(SP(=S)(OC)OC)C(=O)OCC,train
CCOC(=O)CCC(=O)OC1C(OC2C(C)C(OC3CC(C)(OC)C(O)C(C)O3)C(C)C(=O)OC(CC)C(C)(O)C(O)C(C)C(=O)C(C)CC2(C)O)OC(C)CC1N(C)C,train
CCOC(=O)N1CCC(=C2c3ccc(Cl)cc3CCc3cccnc32)CC1,train
CCOC(=O)Nc1ccc(NCc2ccc(F)cc2)cc1N,train
CCOC(=O)OC1(C(=O)COC(=O)CC)CCC2C3CCC4=CC(=O)C=CC4(C)C3C(O)CC21C,train
CCOC(=O)O[C@]1(C(=O)OCCl)CCC2C3CCC4=CC(=O)C=C[C@]4(C)C3[C@@H](O)C[C@@]21C,train
CCOC(=O)c1ccc(C#Cc2ccc3c(c2)C(C)(C)CCS3)nc1,train
CCOC(=O)c1ccc(N)cc1,train
CCOC(=O)c1cncn1C(C)c1ccccc1,train
CCOC(=O)n1ccn(C)c1=S,train
CCOCCP(CCOCC)CCP(CCOCC)CCOCC,train
CCOP(=O)(OCC)C(C)NC(=O)N(CCCl)N=O,train
CCOP(=O)(OCC)SCC[N+](C)(C)C.[I-],train
CCOc1cc(CC(=O)NC(CC(C)C)c2ccccc2N2CCCCC2)ccc1C(=O)O,train
CCOc1cc([C@H](CS(C)(=O)=O)N2C(=O)c3cccc(NC(C)=O)c3C2=O)ccc1OC,train
CCOc1ccc(C[C@@H](CN(CCN(CC(=O)[O-])CC(=O)[O-])CC(=O)[O-])N(CC(=O)[O-])CC(=O)[O-])cc1.[Gd+3].[H+].[H+],train
CCOc1ccc(C[C@H]2NC(=O)CCSSC[C@@H](C(=O)N3CCC[C@H]3C(=O)N[C@@H](CCCN)C(=O)NCC(N)=O)NC(=O)[C@H](CC(N)=O)NC(=O)C([C@@H](C)O)NC(=O)[C@H]([C@@H](C)CC)NC2=O)cc1,train
CCOc1ccc(Cc2cc([C@@H]3O[C@H](CO)[C@@H](O)[C@H](O)[C@H]3O)ccc2Cl)cc1,train
CCOc1ccccc1OCCN[C@@H](C)Cc1ccc(OC)c(S(N)(=O)=O)c1.Cl,train
CCOc1nc2cccc(C(=O)OCc3oc(=O)oc3C)c2n1Cc1ccc(-c2ccccc2-c2nc(=O)o[nH]2)cc1,train
CCS(=O)(=O)CCn1c([N+](=O)[O-])cnc1C,train
CC[C@@H]1C=C(C)C[C@H](C)C[C@H](OC)[C@H]2O[C@@](O)(C(=O)C(=O)N3CCCC[C@H]3C(=O)O[C@H](C(C)=C[C@@H]3CC[C@H](Cl)[C@H](OC)C3)[C@H](C)[C@@H](O)CC1=O)[C@H](C)C[C@@H]2OC,train
CC[C@H](C)[C@@H]1NC(=O)[C@@H]2CSSC[C@H](NC(=O)[C@H](CC(C)C)NC(=O)[C@@H]3CSSC[C@H](NC(=O)[C@H](CC(=O)O)NC(=O)[C@@H](NC(=O)[C@H](Cc4ccc(O)cc4)NC(=O)[C@@H](NC(=O)[C@@H](N)C(C)C)C(C)C)[C@@H](C)O)C(=O)N[C@@H]([C@@H](C)O)C(=O)N[C@@H](CCC(=O)O)C(=O)N[C@@H](CO)C(=O)NCC(=O)N[C@@H](CCC(N)=O)C(=O)N[C@@H](CC(N)=O)C(=O)N[C@@H](CC(C)C)C(=O)N3)C(=O)N[C@@H](CCC(=O)O)C(=O)NCC(=O)N[C@@H](CO)C(=O)N[C@@H](CC(N)=O)C(=O)N[C@@H](C(C)C)C(=O)N[C@@H](CSSC[C@@H](C(=O)N[C@H](C(=O)N[C@H](C(=O)NCC(=O)N[C@@H](CCC(=O)O)C(=O)NCC(=O)N[C@H](C(=O)N3CCC[C@H]3C(=O)N[C@@H](CCCCN)C(=O)N3CCC[C@H]3C(=O)N[C@@H](CCC(N)=O)C(=O)N[C@@H](CO)C(=O)N[C@@H](Cc3cnc[nH]3)C(=O)N[C@@H](CC(N)=O)C(=O)N[C@@H](CC(=O)O)C(=O)NCC(=O)N[C@@H](CC(=O)O)C(=O)N[C@@H](Cc3ccccc3)C(=O)N[C@@H](CCC(=O)O)C(=O)N[C@@H](CCC(=O)O)C(=O)N[C@H](C(=O)N3CCC[C@H]3C(=O)N[C@@H](CCC(=O)O)C(=O)N[C@@H](CCC(=O)O)C(=O)N[C@@H](Cc3ccc(O)cc3)C(=O)N[C@@H](CC(C)C)C(=O)N[C@@H](CCC(N)=O)C(=O)O)[C@@H](C)CC)[C@@H](C)O)[C@@H](C)O)C(C)C)NC(=O)[C@H](CCC(N)=O)NC(=O)[C@H](CC(N)=O)NC(=O)[C@H](CCCCN)NC(=O)[C@H](CCC(=O)O)NC(=O)CNC(=O)[C@H](CC(=O)O)NC(=O)[C@H](CO)NC(=O)CNC(=O)[C@H](CC(C)C)NC1=O)C(=O)NCC(=O)N[C@@H](CCC(N)=O)C(=O)NCC(=O)N[C@@H](CC(N)=O)C(=O)N[C@@H](CCCCN)C(=O)N2,train
CC[C@H](C)[C@H](NC(=O)CN)C(=O)N[C@H](C(=O)N[C@@H](CCC(=O)O)C(=O)N[C@@H](CCC(N)=O)C(=O)N[C@H]1CSSC[C@@H]2NC(=O)[C@H]([C@@H](C)CC)NC(=O)[C@H](CO)NC(=O)[C@H]([C@@H](C)O)NC(=O)[C@H](CSSC[C@H](NC(=O)[C@H](CC(C)C)NC(=O)[C@H](Cc3cnc[nH]3)NC(=O)[C@H](CCC(N)=O)NC(=O)[C@H](CC(N)=O)NC(=O)[C@@H](NC(=O)[C@@H](N)Cc3ccccc3)C(C)C)C(=O)NCC(=O)N[C@@H](CO)C(=O)N[C@@H](Cc3cnc[nH]3)C(=O)N[C@@H](CC(C)C)C(=O)N[C@@H](C(C)C)C(=O)N[C@@H](CCC(=O)O)C(=O)N[C@@H](C)C(=O)N[C@@H](CC(C)C)C(=O)N[C@@H](Cc3ccc(O)cc3)C(=O)N[C@@H](CC(C)C)C(=O)N[C@@H](C(C)C)C(=O)N[C@H](C(=O)NCC(=O)N[C@@H](CCC(=O)O)C(=O)N[C@@H](CCCNC(=N)N)C(=O)NCC(=O)N[C@@H](Cc3ccccc3)C(=O)N[C@@H](Cc3ccccc3)C(=O)N[C@@H](Cc3ccc(O)cc3)C(=O)N[C@H](C(=O)N3CCC[C@H]3C(=O)N[C@@H](CCCCN)C(=O)N[C@H](C(=O)N[C@@H](CCCNC(=N)N)C(=O)N[C@@H](CCCNC(=N)N)C(=O)O)[C@@H](C)O)[C@@H](C)O)CSSC[C@@H](C(=O)NCC(=O)O)NC(=O)[C@H](Cc3ccc(O)cc3)NC(=O)[C@H](CC(N)=O)NC(=O)[C@H](CCC(=O)O)NC(=O)[C@H](CC(C)C)NC(=O)[C@H](CCC(N)=O)NC(=O)[C@H](Cc3ccc(O)cc3)NC(=O)[C@H](CC(C)C)NC(=O)[C@H](CO)NC2=O)NC1=O)C(C)C,train
CC[C@H](C)[C@H](NC(=O)CN)C(=O)N[C@H](C(=O)N[C@@H](CCC(=O)O)C(=O)N[C@@H](CCC(N)=O)C(=O)N[C@H]1CSSC[C@@H]2NC(=O)[C@H]([C@@H](C)CC)NC(=O)[C@H](CO)NC(=O)[C@H]([C@@H](C)O)NC(=O)[C@H](CSSC[C@H](NC(=O)[C@H](CC(C)C)NC(=O)[C@H](Cc3cnc[nH]3)NC(=O)[C@H](CCC(N)=O)NC(=O)[C@H](CC(N)=O)NC(=O)[C@@H](NC(=O)[C@@H](N)Cc3ccccc3)C(C)C)C(=O)NCC(=O)N[C@@H](CO)C(=O)N[C@@H](Cc3cnc[nH]3)C(=O)N[C@@H](CC(C)C)C(=O)N[C@@H](C(C)C)C(=O)N[C@@H](CCC(=O)O)C(=O)N[C@@H](C)C(=O)N[C@@H](CC(C)C)C(=O)N[C@@H](Cc3ccc(O)cc3)C(=O)N[C@@H](CC(C)C)C(=O)N[C@@H](C(C)C)C(=O)N[C@H](C(=O)NCC(=O)N[C@@H](CCC(=O)O)C(=O)N[C@@H](CCCNC(=N)N)C(=O)NCC(=O)N[C@@H](Cc3ccccc3)C(=O)N[C@@H](Cc3ccccc3)C(=O)N[C@@H](Cc3ccc(O)cc3)C(=O)N[C@H](C(=O)N3CCC[C@H]3C(=O)N[C@@H](CCCCN)C(=O)N[C@H](C(=O)O)[C@@H](C)O)[C@@H](C)O)CSSC[C@@H](C(=O)N[C@@H](CC(N)=O)C(=O)O)NC(=O)[C@H](Cc3ccc(O)cc3)NC(=O)[C@H](CC(N)=O)NC(=O)[C@H](CCC(=O)O)NC(=O)[C@H](CC(C)C)NC(=O)[C@H](CCC(N)=O)NC(=O)[C@H](Cc3ccc(O)cc3)NC(=O)[C@H](CC(C)C)NC(=O)[C@H](CO)NC2=O)NC1=O)C(C)C,train
CC[C@H](C)[C@H](NC(=O)[C@H](CCC(=O)O)NC(=O)[C@H](CCC(=O)O)NC(=O)[C@H](Cc1ccccc1)NC(=O)[C@H](CC(=O)O)NC(=O)CNC(=O)[C@H](CC(N)=O)NC(=O)CNC(=O)CNC(=O)CNC(=O)CNC(=O)[C@@H]1CCCN1C(=O)[C@H](CCCNC(=N)N)NC(=O)[C@@H]1CCCN1C(=O)[C@H](N)Cc1ccccc1)C(=O)N1CCC[C@H]1C(=O)N[C@@H](CCC(=O)O)C(=O)N[C@@H](CCC(=O)O)C(=O)N[C@@H](Cc1ccc(O)cc1)C(=O)N[C@@H](CC(C)C)C(=O)O,train
CC[C@H]1OC(=O)[C@H](C)C(=O)[C@H](C)[C@@H](O[C@@H]2O[C@H](C)C[C@H](N(C)C)[C@H]2O)[C@](C)(OC)C[C@@H](C)C(=O)[C@@H](C)[C@H]2N(CCCCn3cnc(-c4cccnc4)c3)C(=O)O[C@]12C,train
CC[C@H]1OC(=O)[C@H](C)[C@@H](OC2CC(C)(OC)C(O)C(C)O2)[C@H](C)[C@@H](OC2OC(C)CC(N(C)C)C2O)[C@](C)(OC)C[C@@H](C)C(=O)[C@H](C)[C@@H](O)[C@]1(C)O,train
CC[C@H]1OC(=O)[C@H](C)[C@@H](O[C@H]2C[C@@](C)(OC)[C@@H](O)[C@H](C)O2)[C@H](C)[C@@H](O[C@@H]2O[C@H](C)C[C@H](N(C)C)[C@H]2O)[C@](C)(O)C[C@@H](C)C(=O)[C@H](C)[C@@H](O)[C@]1(C)O.O=C(O)[C@H](O)[C@@H](O)[C@H](O[C@@H]1O[C@H](CO)[C@H](O)[C@H](O)[C@H]1O)[C@H](O)CO,train
CC[C@]1(O)C[C@@H]2CN(CCc3c([nH]c4ccccc34)[C@@](C(=O)OC)(c3cc4c(cc3OC)N(C)[C@H]3[C@@](O)(C(=O)OC)[C@H](OC(C)=O)[C@]5(CC)C=CCN6CC[C@]43[C@@H]65)C2)C1,train
CC[C@]1(O)C[C@H]2CN(CCc3c([nH]c4ccccc34)[C@@](C(=O)OC)(c3cc4c(cc3OC)N(C=O)[C@H]3[C@@](O)(C(=O)OC)[C@H](OC(C)=O)[C@]5(CC)C=CCN6CC[C@]43[C@@H]65)C2)C1,train
CC[N+](C)(C)Cc1ccccc1Br,train
CC[N+](C)(C)c1cccc(O)c1,train
CCc1c(C)[nH]c2c1C(=O)C(CN1CCOCC1)CC2,train
CCc1c(C)c2cc3nc(cc4nc(cc5[nH]c(cc1[nH]2)c(C)c5C(C)O)C(C)=C4CCC(=O)O)C(CCC(=O)O)=C3C.[Na+],train
CCc1c2c(nc3ccc(OC(=O)N4CCC(N5CCCCC5)CC4)cc13)-c1cc3c(c(=O)n1C2)COC(=O)C3(O)CC,train
CCc1cc(C(N)=S)ccn1,train
CCc1ccc(C(C)CCc2ccc([N+](C)(C)C)cc2)cc1.[Cl-],train
CCc1ccc(CCOc2ccc(CC3SC(=O)NC3=O)cc2)nc1,train
CCc1nc(N)nc(N)c1-c1ccc(Cl)cc1,train
CCc1nn(CCCN2CCN(c3cccc(Cl)c3)CC2)c(=O)n1CCOc1ccccc1,train
CCn1cc(C(=O)O)c(=O)c2cc(F)c(N3CCNC(C)C3)c(F)c21,train
CCn1cc(C(=O)O)c(=O)c2cc(F)c(N3CCNCC3)cc21,train
CCn1cc(C(=O)O)c(=O)c2ccc(C)nc21,train
CN(C(=O)CC(=O)N(C)c1c(I)c(C(=O)NC(CO)C(O)CO)c(I)c(C(=O)NC(CO)C(O)CO)c1I)c1c(I)c(C(=O)NC(CO)C(O)CO)c(I)c(C(=O)NC(CO)C(O)CO)c1I,train
CN(C)C(=N)N=C(N)N,train
CN(C)C(=O)C(CC[NH+]1CCC(O)(c2ccc(Cl)cc2)CC1)(c1ccccc1)c1ccccc1,train
CN(C)C(=O)Oc1ccc[n+](C)c1,train
CN(C)C(=O)Oc1cccc([N+](C)(C)C)c1,train
CN(C)C/C=C/C(=O)Nc1cc2c(Nc3ccc(F)c(Cl)c3)ncnc2cc1O[C@@H]1CCOC1,train
CN(C)C1C(=O)C(=C(N)[O-])C(=O)C2(O)C(=O)C3=C(O)c4c(O)cccc4C(C)(O)C3C(O)C12.CN(C)C1C(=O)C(=C(N)[O-])C(=O)C2(O)C(=O)C3=C(O)c4c(O)cccc4C(C)(O)C3C(O)C12.[Ca+2],train
CN(C)CC(c1ccc(O)cc1)C1(O)CCCCC1,train
CN(C)CCC(c1ccc(Cl)cc1)c1ccccn1,train
CN(C)CCC=C1c2ccccc2CCc2ccccc21,train
CN(C)CCC=C1c2ccccc2COc2ccc(CC(=O)O)cc21.Cl,train
CN(C)CCC=C1c2ccccc2COc2ccccc21,train
CN(C)CCCN1c2ccccc2CCc2ccc(Cl)cc21,train
CN(C)CCCN1c2ccccc2CCc2ccccc21,train
CN(C)CCCN1c2ccccc2Sc2ccc(Cl)cc21,train
CN(C)CCCOc1nn(Cc2ccccc2)c2ccccc12,train
CN(C)CCOC(c1ccc(Cl)cc1)c1ccccn1,train
CN(C)CCOC(c1ccccc1)c1ccccc1,train
CN(C)CCOc1ccc(C(=C(CCCl)c2ccccc2)c2ccccc2)cc1,train
CN(C)CCc1c[nH]c2ccc(CC3COC(=O)N3)cc12,train
CN(C)CCc1c[nH]c2ccc(Cn3cncn3)cc12,train
CN(C)CCc1c[nH]c2ccc(Cn3cncn3)cc12.O=C(O)c1ccccc1,train
CN(C)NN=C1N=CN=C1C(N)=O,train
CN(C)[C@@H]1C(=O)C(C(=O)NCNCCCC[C@H](N)C(=O)O)=C(O)[C@@]2(O)C(=O)C3=C(O)c4c(O)cccc4[C@@](C)(O)C3C[C@@H]12,train
CN(C)c1cc(NC(=O)CNC(C)(C)C)c(O)c2c1CC1CC3C(N(C)C)C(=O)C(C(N)=O)=C(O)C3(O)C(=O)C1=C2O,train
CN(C)c1ccc(O)c2c1C[C@H]1C[C@H]3[C@H]([NH+](C)C)C(=O)C(=C(N)[O-])C(=O)[C@@]3(O)C(=O)C1=C2[O-],train
CN(C)c1ccc2nc3ccc(=[N+](C)C)cc-3sc2c1,train
CN(CC=CC#CC(C)(C)C)Cc1cccc2ccccc12,train
CN(CC=Cc1ccccc1)Cc1cccc2ccccc12.Cl,train
CN(CCCl)CCCl,train
CN(CCOc1ccc(CC2SC(=O)NC2=O)cc1)c1ccccn1.O=C(O)C=CC(=O)O,train
CN(CCOc1ccc(NS(C)(=O)=O)cc1)CCc1ccc(NS(C)(=O)=O)cc1,train
CN(Cc1cnc2nc(N)nc(N)c2n1)c1ccc(C(=O)NC(CCC(=O)O)C(=O)O)cc1,train
CN(N=O)C(=O)NC1C(O)OC(CO)C(O)C1O,train
CN1/C(=C(\[O-])Nc2ccccn2)C(=O)c2ccccc2S1(=O)=O.[Na+],train
CN1C(=O)C(O)N=C(c2ccccc2)c2cc(Cl)ccc21,train
CN1C(=O)C(O)N=C(c2ccccc2Cl)c2cc(Cl)ccc21,train
CN1C(=O)CC(C)(c2ccccc2)C1=O,train
CN1C(=O)CN=C(c2ccccc2)c2cc(Cl)ccc21,train
CN1C(=O)CN=C(c2ccccc2F)c2cc([N+](=O)[O-])ccc21,train
CN1C(=O)OC(C)(C)C1=O,train
CN1C(CCl)Nc2cc(Cl)c(S(N)(=O)=O)cc2S1(=O)=O,train
CN1C(CSCC(F)(F)F)Nc2cc(Cl)c(S(N)(=O)=O)cc2S1(=O)=O,train
CN1C2CC(OC(=O)C(CO)c3ccccc3)CC1C1OC12,train
CN1C2CCC1CC(OC(=O)C(CO)c1ccccc1)C2,train
CN1C2CCC1CC(OC(=O)C(O)c1ccccc1)C2,train
CN1C2CCC1CC(OC(=O)c1c[nH]c3ccccc13)C2,train
CN1C2CCCC1CC(NC(=O)c1nn(C)c3ccccc13)C2,train
CN1C=CC=C/C1=C\[NH+]=O,train
CN1CCC(=C2c3ccccc3CC(=O)c3sccc32)CC1,train
CN1CCC(=C2c3ccccc3CCn3c(C=O)cnc32)CC1,train
CN1CCC23CCCCC2C1Cc1ccc(O)cc13,train
CN1CCC23c4c5ccc(O)c4OC2C(=O)CCC3(O)C1C5,train
CN1CCC23c4c5ccc(O)c4OC2C(=O)CCC3C1C5,train
CN1CCC23c4c5ccc(O)c4OC2C(O)C=CC3C1C5,train
CN1CCCN=C1C=Cc1cccs1,train
CN1CCC[C@@H]1Cc1c[nH]c2ccc(CCS(=O)(=O)c3ccccc3)cc12,train
CN1CCN(C(=O)OC2c3nccnc3C(=O)N2c2ccc(Cl)cn2)CC1,train
CN1CCN(C(c2ccccc2)c2ccccc2)CC1,train
CN1CCN(C2=Nc3ccccc3Oc3ccc(Cl)cc32)CC1,train
CN1CCN(CCC=C2c3ccccc3Sc3ccc(S(=O)(=O)N(C)C)cc32)CC1,train
CN1CCN(CCCN2c3ccccc3Sc3ccc(C(F)(F)F)cc32)CC1,train
CN1CCN(CCCN2c3ccccc3Sc3ccc(Cl)cc32)CC1,train
CN1CCN2c3ccccc3Cc3ccccc3C2C1,train
CN1CCN2c3ncccc3Cc3ccccc3C2C1,train
CN1CCOC(c2ccccc2)c2ccccc2C1,train
CN1c2c([nH]c(N)nc2=O)NCC1CNc1ccc(C(=O)NC(CCC(=O)O)C(=O)O)cc1,train
CN=C(NC#N)NCCSCc1nc[nH]c1C,train
CNC(=C[N+](=O)[O-])NCCSCc1ccc(CN(C)C)o1,train
CNC(=C[N+](=O)[O-])NCCSCc1csc(CN(C)C)n1,train
CNC(=O)CN(CCN(CCN(CC(=O)[O-])CC(=O)NC)CC(=O)[O-])CC(=O)[O-].O.[Gd+3],train
CNC(=O)Oc1ccc2c(c1)C1(C)CCN(C)C1N2C,train
CNC(=O)c1c(I)c(C(=O)NCC(=O)Nc2c(I)c(C(=O)O)c(I)c(C(=O)NCCO)c2I)c(I)c(N(C)C(C)=O)c1I,train
CNC(=O)c1c(I)c(NC(C)=O)c(I)c(C(=O)O)c1I,train
CNC(=O)c1cc(Oc2ccc(NC(=O)Nc3ccc(Cl)c(C(F)(F)F)c3)c(F)c2)ccn1,train
CNC(=O)c1cc(Oc2ccc(NC(=O)Nc3ccc(Cl)c(C(F)(F)F)c3)cc2)ccn1,train
CNC(=O)c1ccccc1Sc1ccc2c(C=Cc3ccccn3)n[nH]c2c1,train
CNC(=O)c1cnn(-c2nc(N)c3ncn([C@@H]4O[C@H](CO)[C@@H](O)[C@H]4O)c3n2)c1,train
CNC(C)C(O)c1ccccc1,train
CNC(C)C1CCC(N)C(OC2C(N)CC(N)C(OC3OCC(C)(O)C(NC)C3O)C2O)O1,train
CNC(C)Cc1ccccc1,train
CNC(CC(C)C)C(=O)NC1C(=O)NC(CC(N)=O)C(=O)NC2C(=O)NC3C(=O)NC(C(=O)NC(C(=O)O)c4cc(O)cc(O)c4-c4cc3ccc4O)C(O)c3ccc(c(Cl)c3)Oc3cc2cc(c3OC2OC(CO)C(O)C(O)C2OC2CC(C)(N)C(O)C(C)O2)Oc2ccc(cc2Cl)C1O,train
CNC1(C)C2CCC(C2)C1(C)C,train
CNC1(c2ccccc2Cl)CCCCC1=O,train
CNC1C(OC2C(OC3C(O)C(O)C(N=C(N)N)C(O)C3N=C(N)N)OC(C)C2(O)C=O)OC(CO)C(O)C1O,train
CNC1CCC(c2ccc(Cl)c(Cl)c2)c2ccccc21,train
CNCC(O)c1ccc(O)c(O)c1,train
CNCC(O)c1ccc(OC(=O)C(C)(C)C)c(OC(=O)C(C)(C)C)c1,train
CNCC(O)c1cccc(O)c1,train
CNCCC(Oc1ccc(C(F)(F)F)cc1)c1ccccc1,train
CNCCC=C1c2ccccc2CCc2ccccc21,train
CNCCCC12CCC(c3ccccc31)c1ccccc12,train
CNCCCC1c2ccccc2C=Cc2ccccc21,train
CNCCCN1c2ccccc2CCc2ccccc21,train
CNCC[C@@H](Oc1ccccc1C)c1ccccc1.Cl,train
CNCCc1ccccn1,train
CNC[C@H](O)[C@@H](O)[C@H](O)[C@H](O)CO.CNC[C@H](O)[C@@H](O)[C@H](O)[C@H](O)CO.O=C([O-])CN(CCN(CC(=O)[O-])CC(=O)O)CCN(CC(=O)[O-])CC(=O)O.[Gd+3],train
CNC[C@H](O)[C@@H](O)[C@H](O)[C@H](O)CO.CNC[C@H](O)[C@@H](O)[C@H](O)[C@H](O)CO.O=C([O-])CN(CCN(CC(=O)[O-])CC(=O)[O-])CCN(CC(=O)[O-])C(COCc1ccccc1)C(=O)[O-].[Gd+3].[H+].[H+],train
CNNCc1ccc(C(=O)NC(C)C)cc1,train
CNS(=O)(=O)CCc1ccc2[nH]cc(C3CCN(C)CC3)c2c1,train
CNS(=O)(=O)Cc1ccc2[nH]cc(CCN(C)C)c2c1,train
CN[C@H](CC(C)C)C(=O)N[C@H]1C(=O)N[C@@H](CC(N)=O)C(=O)N[C@H]2C(=O)N[C@H]3C(=O)N[C@H](C(=O)N[C@@H](C(=O)O)c4cc(O)cc(O)c4-c4cc3ccc4O)[C@H](O[C@H]3C[C@](C)(N)[C@@H](O)[C@H](C)O3)c3ccc(c(Cl)c3)Oc3cc2cc(c3O[C@@H]2O[C@H](CO)[C@@H](O)[C@H](O)[C@H]2O[C@H]2C[C@](C)(NCc3ccc(-c4ccc(Cl)cc4)cc3)[C@@H](O)[C@H](C)O2)Oc2ccc(cc2Cl)[C@H]1O,train
CNc1ccc(-c2nc3ccc(O)cc3s2)cc1F,train
CNc1ccc(/C=C/c2ccc(OCCOCCOCC[18F])cc2)cc1,train
COC(=O)C(c1ccccc1)C1CCCCN1,train
COC(=O)C(c1ccccc1Cl)N1CCc2sccc2C1,train
COC(=O)C1=C(C)NC(C)=C(C(=O)OC(C)C)C1c1cccc2nonc12,train
COC(=O)C1=C(C)NC(C)=C(C(=O)OC)C1c1ccccc1[N+](=O)[O-],train
COC(=O)C1=C(C)NC(C)=C(C(=O)OCC(C)C)C1c1ccccc1[N+](=O)[O-],train
COC(=O)C1=C(C)NC(C)=C(C(=O)OCC[NH+](C)Cc2ccccc2)C1c1cccc([N+](=O)[O-])c1,train
COC(=O)C1C2CC3c4[nH]c5cc(OC)ccc5c4CCN3CC2CC(OC(=O)C=Cc2cc(OC)c(OC)c(OC)c2)C1OC,train
COC(=O)C1C2CC3c4[nH]c5cc(OC)ccc5c4CCN3CC2CC(OC(=O)c2cc(OC)c(OC)c(OC)c2)C1OC,train
COC(=O)C=CC(=O)O,train
COC(=O)CCC(=O)CN.Cl,train
COC(=O)CCc1ccc(OCC(O)CNC(C)C)cc1,train
COC(=O)N(C)c1c(N)nc(-c2nn(Cc3ccccc3F)c3ncccc23)nc1N,train
COC(=O)Nc1nc2ccc(C(=O)c3ccccc3)cc2[nH]1,train
COC(=O)[C@H]1[C@@H](c2ccc(I)cc2)CC2CC[C@H]1N2CCCF,train
COC1=CC(=O)CC(C)C12Oc1c(Cl)c(OC)cc(OC)c1C2=O,train
COC1C(CO)OC(OCC2OC(OC3C(CO)OC(C)C(O)C3O)C(O)C(O)C2OC2OC(CO)C(OC)C(O)C2OCCO)C(O)C1O,train
COC1CC2CCC(C)C(O)(O2)C(=O)C(=O)N2CCCCC2C(=O)OC(C(C)CC2CCC(O)C(OC)C2)CC(=O)C(C)C=C(C)C(O)C(OC)C(=O)C(C)CC(C)C=CC=CC=C1C,train
COC1CC2CCC(C)C(O)(O2)C(=O)C(=O)N2CCCCC2C(=O)OC(C(C)CC2CCC(OC(=O)C(C)(CO)CO)C(OC)C2)CC(=O)C(C)C=C(C)C(O)C(OC)C(=O)C(C)CC(C)C=CC=CC=C1C,train
COCC(=O)Nc1c(I)c(C(=O)NCC(O)CO)c(I)c(C(=O)N(C)CC(O)CO)c1I,train
COCC1=C(C(=O)O)N2C(=O)C(NC(=O)C(=NOC)c3csc(N)n3)C2SC1,train
COCCCCC(=NOCCN)c1ccc(C(F)(F)F)cc1,train
COCCCN1CCC(NC(=O)c2cc(Cl)c(N)c3c2OCC3)CC1,train
COCCCOc1cc(C[C@H](C[C@H](N)[C@@H](O)C[C@H](C(=O)NCC(C)(C)C(N)=O)C(C)C)C(C)C)ccc1OC,train
COCCCOc1ccnc(CS(=O)c2nc3ccccc3[nH]2)c1C,train
COCCNC(=O)CN(CCN(CCN(CC(=O)[O-])CC(=O)NCCOC)CC(=O)[O-])CC(=O)[O-].[Gd+3],train
COCCOC(=O)C1=C(C)NC(C)=C(C(=O)OC(C)C)C1c1cccc([N+](=O)[O-])c1,train
COCCOC(=O)NCC(=O)N[C@H]1[C@H]([C@H](O)[C@H](O)CO)O[C@@](OC[C@H]2O[C@H](O[C@H](C)[C@H](N)C(=O)O)[C@H](NC(C)=O)[C@@H](O)[C@H]2O)(C(=O)O)C[C@@H]1O,train
COCCOC(=O)NCCCC[C@H](NC(=O)OCCOC)C(=O)NCCCCCCCOP(C)(=O)O,train
COCCOC(=O)NCCCC[C@H](NC(=O)OCCOC)C(=O)NCCCCCOP(C)(=O)O,train
COCCOCCOCCOCCOCCOCCOCCOCCOCCOCCOCCOCCOCCOCCOCCOCCOCCOCCOCCOCCOCCOCCOCCOCCOCCOCCOCCO,train
COCCO[C@@H]1[C@H](SP(=O)([O-])OC[C@H]2O[C@@H](n3cc(C)c(=O)[nH]c3=O)[C@H](OCCOC)[C@@H]2SP(=O)([O-])OC[C@H]2O[C@@H](n3cc(C)c(N)nc3=O)[C@H](OCCOC)[C@@H]2SP(=O)([O-])OC[C@H]2O[C@@H](n3cnc4c(N)ncnc43)C[C@@H]2SP(=O)([O-])OC[C@H]2O[C@@H](n3cnc4c(=O)[nH]c(N)nc43)C[C@@H]2SP(=O)([O-])OC[C@H]2O[C@@H](n3cc(C)c(=O)[nH]c3=O)C[C@@H]2SP(=O)([O-])OC[C@H]2O[C@@H](n3cc(C)c(N)nc3=O)C[C@@H]2SP(=O)([O-])OC[C@H]2O[C@@H](n3cc(C)c(=O)[nH]c3=O)C[C@@H]2SP(=O)([O-])OC[C@H]2O[C@@H](n3cnc4c(=O)[nH]c(N)nc43)C[C@@H]2SP(=O)([O-])OC[C@H]2O[C@@H](n3cc(C)c(N)nc3=O)C[C@@H]2SP(=O)([O-])OC[C@H]2O[C@@H](n3cc(C)c(=O)[nH]c3=O)C[C@@H]2SP(=O)([O-])OC[C@H]2O[C@@H](n3cc(C)c(=O)[nH]c3=O)C[C@@H]2SP(=O)([O-])OC[C@H]2O[C@@H](n3cc(C)c(N)nc3=O)C[C@@H]2SP(=O)([O-])OC[C@H]2O[C@@H](n3cnc4c(=O)[nH]c(N)nc43)[C@H](OCCOC)[C@@H]2SP(=O)([O-])OC[C@@H]2O[C@H](n3cc(C)c(N)nc3=O)[C@@H](OCCOC)[C@H]2SP(=O)([O-])OC[C@@H]2O[C@H](n3cnc4c(N)ncnc43)[C@@H](OCCOC)[C@H]2SP(=O)([O-])OC[C@@H]2O[C@H](n3cc(C)c(N)nc3=O)[C@@H](OCCOC)[C@H]2SP(=O)([O-])OC[C@@H]2O[C@H](n3cc(C)c(N)nc3=O)[C@@H](OCCOC)[C@H]2O)[C@@H](COP(=O)([O-])S[C@H]2[C@@H](OCCOC)[C@H](n3cc(C)c(N)nc3=O)O[C@@H]2COP(=O)([O-])S[C@H]2[C@@H](OCCOC)[C@H](n3cnc4c(=O)[nH]c(N)nc43)O[C@@H]2CO)O[C@H]1n1cc(C)c(N)nc1=O.[Na+].[Na+].[Na+].[Na+].[Na+].[Na+].[Na+].[Na+].[Na+].[Na+].[Na+].[Na+].[Na+].[Na+].[Na+].[Na+].[Na+].[Na+].[Na+],train
COCCc1ccc(OCC(O)CNC(C)C)cc1,train
COC[C@@H](NC(C)=O)C(=O)NCc1ccccc1,train
CON=C(C(=O)NC1C(=O)N2C(C(=O)O)=CCSC12)c1csc(N)n1,train
CON=C(C(=O)NC1C(=O)N2C(C(=O)[O-])=C(COC(C)=O)CSC12)c1csc(N)n1,train
CON=C(C(=O)NC1C(=O)N2C(C(=O)[O-])=C(COC(N)=O)CSC12)c1ccco1,train
CON=C(C(=O)N[C@@H]1C(=O)N2C(C(=O)OC(C)OC(C)=O)=C(COC(N)=O)CS[C@H]12)c1ccco1,train
CON=C1CN(c2nc3c(cc2F)c(=O)c(C(=O)O)cn3C2CC2)CC1CN,train
CO[C@@H]1C(=O)[C@]2(C)[C@@H](OC)C[C@H]3OC[C@@]3(OC(C)=O)[C@H]2[C@H](OC(=O)c2ccccc2)[C@]2(O)C[C@H](OC(=O)[C@H](O)[C@@H](NC(=O)OC(C)(C)C)c3ccccc3)C(C)=C1C2(C)C,train
CO[C@@H]1O[C@@H](COS(=O)(=O)O)[C@H](O[C@@H]2O[C@H](C(=O)[O-])[C@H](OC)[C@@H](O)[C@@H]2OS(=O)(=O)O)[C@@H]([O-])[C@@H]1NOS(=O)(=O)O,train
CO[C@@]12[C@H](COC(N)=O)C3=C(C(=O)C(C)=C(N)C3=O)N1C[C@@H]1N[C@@H]12,train
CO[C@H]1/C=C/O[C@@]2(C)Oc3c(C)c(O)c4c(c3C2=O)C(=O)/C(=C/NN2CCN(C)CC2)C(=C4O)NC(=O)/C(C)=C\C=C\[C@H](C)[C@H](O)[C@@H](C)[C@@H](O)[C@@H](C)[C@H](OC(C)=O)[C@@H]1C,train
CO[C@H]1/C=C/O[C@@]2(C)Oc3c(C)c(O)c4c(c3C2=O)C(=O)/C(=C/NN2CCN(C3CCCC3)CC2)C(=C4O)NC(=O)/C(C)=C\C=C\[C@H](C)[C@H](O)[C@@H](C)[C@@H](O)[C@@H](C)[C@H](OC(C)=O)[C@@H]1C,train
CO[C@H]1C=CO[C@@]2(C)Oc3c(C)c(O)c4c(O)c(c5c(nc6cc(C)ccn65)c4c3C2=O)NC(=O)C(C)=CC=C[C@H](C)[C@H](O)[C@@H](C)[C@@H](O)[C@@H](C)[C@H](OC(C)=O)[C@@H]1C,train
CO[C@H]1C[C@@H]2CC[C@@H](C)[C@@](O)(O2)C(=O)C(=O)N2CCCC[C@H]2C(=O)O[C@H]([C@H](C)C[C@@H]2CC[C@@H](OCCO)[C@H](OC)C2)CC(=O)[C@H](C)/C=C(\C)[C@@H](O)[C@@H](OC)C(=O)[C@H](C)C[C@H](C)/C=C/C=C/C=C/1C,train
COc1c(C)c2c(c(O)c1CC=C(C)CCC(=O)O)C(=O)OC2,train
COc1c(C)c2c(c(O)c1CC=C(C)CCC(=O)OCCN1CCOCC1)C(=O)OC2,train
COc1c(N2CC3CCCNC3C2)c(F)cc2c(=O)c(C(=O)O)cn(C3CC3)c12,train
COc1c(N2CCNC(C)C2)c(F)cc2c(=O)c(C(=O)O)cn(C3CC3)c12,train
COc1c2occc2cc2ccc(=O)oc12,train
COc1cc(-c2[o+]c3cc(O)cc(O)c3cc2O)cc(OC)c1O.[Cl-],train
COc1cc(Br)c(C[N+]2(CCOCCC3CCC4CC3C4(C)C)CCOCC2)cc1OC.[Br-],train
COc1cc(C(=O)NCc2ccc(OCCN(C)C)cc2)cc(OC)c1OC,train
COc1cc(C(=O)NS(=O)(=O)c2ccccc2C)ccc1Cc1cn(C)c2ccc(NC(=O)OC3CCCC3)cc12,train
COc1cc(C(C)=O)ccc1OCCCN1CCC(c2noc3cc(F)ccc23)CC1,train
COc1cc(C)c(C=CC(C)=CC=CC(C)=CC(=O)O)c(C)c1C,train
COc1cc(C2c3cc4c(cc3C(O)C3COC(=O)C23)OCO4)cc(OC)c1OC,train
COc1cc(C2c3cc4c(cc3C(OC3OC5COC(C)OC5C(O)C3O)C3COC(=O)C23)OCO4)cc(OC)c1O,train
COc1cc(C2c3cc4c(cc3C(OC3OC5COC(c6cccs6)OC5C(O)C3O)C3COC(=O)C23)OCO4)cc(OC)c1O,train
COc1cc(CNC(=O)CCCCC=CC(C)C)ccc1O,train
COc1cc(Cc2cnc(N)nc2N)cc(OC)c1OC,train
COc1cc(Cc2cnc(N)nc2N)cc(OC)c1OC.Cc1cc(NS(=O)(=O)c2ccc(N)cc2)no1,train
COc1cc(NC(C)CCCN)c2ncccc2c1,train
COc1cc(NCc2ccc3nc(N)[nH+]c(N)c3c2C)cc(OC)c1OC,train
COc1cc(NCc2ccc3nc(N)nc(N)c3c2C)cc(OC)c1OC.O=C[C@H](O)[C@@H](O)[C@H](O)[C@H](O)C(=O)O,train
COc1cc(Nc2c(C#N)cnc3cc(OCCCN4CCN(C)CC4)c(OC)cc23)c(Cl)cc1Cl,train
COc1cc([C@@H]2c3cc4c(cc3[C@@H](OC3OC5COC(C)OC5C(O)C3O)[C@H]3COC(=O)[C@H]23)OCO4)cc(OC)c1OP(=O)(O)O,train
COc1cc2c(cc1OC)C1CC(=O)C(CC(C)C)CN1CC2,train
COc1cc2c(cc1OC)CN(C(=O)[C@H](C)N[C@@H](CCc1ccccc1)C(=O)O)[C@H](C(=O)O)C2,train
COc1cc2c(cc1OC)[C@@H](Cc1cc(OC)c(OC)c(OC)c1)[N+](C)(CCCOC(=O)CCC=CCCC(=O)OCCC[N+]1(C)CCc3cc(OC)c(OC)cc3[C@H]1Cc1cc(OC)c(OC)c(OC)c1)CC2,train
COc1cc2nc(N3CCN(C(=O)C4CCCO4)CC3)nc(N)c2cc1OC,train
COc1cc2nc(N3CCN(C(=O)c4ccco4)CC3)nc(N)c2cc1OC,train
COc1cc2nccc(Oc3ccc(NC(=O)C4(C(=O)Nc5ccc(F)cc5)CC4)cc3)c2cc1OC,train
COc1ccc(C(CN(C)C)C2(O)CCCCC2)cc1,train
COc1ccc(CC2c3cc(OC)c(OC)cc3CC[N+]2(C)CCC(=O)OCCCCCOC(=O)CC[N+]2(C)CCc3cc(OC)c(OC)cc3C2Cc2ccc(OC)c(OC)c2)cc1OC,train
COc1ccc(CC2c3cc(OC)c(OC)cc3CC[N+]2(C)CCC(=O)OCCCCCOC(=O)CC[N+]2(C)CCc3cc(OC)c(OC)cc3C2Cc2ccc(OC)c(OC)c2)cc1OC.O=S(=O)([O-])c1ccccc1.O=S(=O)([O-])c1ccccc1,train
COc1ccc(CN(CCN(C)C)c2ccccn2)cc1,train
COc1ccc(CNc2nc(N3CCC[C@H]3CO)ncc2C(=O)NCc2ncccn2)cc1Cl,train
COc1ccc(Cc2nccc3cc(OC)c(OC)cc23)cc1OC,train
COc1ccc(OC)c(C(O)CNC(=O)CN)c1,train
COc1ccc2[n-]c(S(=O)Cc3ncc(C)c(OC)c3C)nc2c1.COc1ccc2[n-]c(S(=O)Cc3ncc(C)c(OC)c3C)nc2c1.[Mg+2],train
COc1ccc2[nH]cc(CCNC(C)=O)c2c1,train
COc1ccc2c(c1)C13CCCCC1C(C2)N(C)CC3,train
COc1ccc2c(c1)N(CC(C)CN(C)C)c1ccccc1S2,train
COc1ccc2c(c1)c(CC(=O)O)c(C)n2C(=O)c1ccc(Cl)cc1,train
COc1ccc2c3c1OC1C(=O)CCC4(O)C(C2)N(C)CCC314,train
COc1ccc2c3c1OC1C(O)C=CC4C(C2)N(C)CCC341,train
COc1ccc2c3c1O[C@H]1C(=O)CC[C@H]4[C@H](C2)N(C)CC[C@]314,train
COc1ccc2cc(C(C)C(=O)[O-])ccc2c1.[Na+],train
COc1ccc2cc(CCC(C)=O)ccc2c1,train
COc1ccc2cccc(CCNC(C)=O)c2c1,train
COc1ccc2nc(S(=O)Cc3ncc(C)c(OC)c3C)[nH]c2c1,train
COc1cccc(C2(O)CCCCC2CN(C)C)c1,train
COc1cccc2c1C(=O)c1c(O)c3c(c(O)c1C2=O)CC(O)(C(=O)CO)CC3OC1CC([NH3+])C(O)C(C)O1,train
COc1cccc2c1C(=O)c1c(O)c3c(c(O)c1C2=O)CC(O)(C(C)=O)CC3OC1CC(N)C(O)C(C)O1,train
COc1ccccc1OCC(O)CN1CCN(CC(=O)Nc2c(C)cccc2C)CC1,train
COc1ccccc1OCC(O)CO,train
COc1ccccc1OCC(O)COC(N)=O,train
COc1ccccc1Oc1c(NS(=O)(=O)c2ccc(C(C)(C)C)cc2)nc(-c2ncccn2)nc1OCCO,train
COc1ccnc(CS(=O)c2nc3ccc(OC(F)F)cc3[nH]2)c1OC,train
COc1nc(C)nc(Cl)c1NC1=NCCN1,train
COc1nc(N)nc2c1ncn2[C@@H]1O[C@H](CO)[C@@H](O)[C@H]1O,train
CS(=O)(=O)CCNCc1ccc(-c2ccc3ncnc(Nc4ccc(OCc5cccc(F)c5)c(Cl)c4)c3c2)o1,train
CS(=O)(=O)O.CS(=O)(=O)O.C[C@@H](Cc1ccccc1)NC(=O)[C@@H](N)CCCCN,train
CS(=O)(=O)O.c1ccc([C@@H]2CCNC[C@H]2COc2ccc3c(c2)OCO3)cc1,train
CS(=O)(=O)OCCCCOS(C)(=O)=O,train
CS(=O)(=O)c1ccc(C(=O)Nc2ccc(Cl)c(-c3ccccn3)c2)c(Cl)c1,train
CS(=O)(=O)c1ccc(C2=C(c3ccccc3)C(=O)OC2)cc1,train
CS(C)=O,train
CSCCC1NC(=O)C(CC(C)C)NC(=O)C(CCCNC(=N)N)NC(=O)C(CO)NC(=O)C2CSSCC3NC(=O)C(CO)NC(=O)CNC(=O)C(C(C)O)NC(=O)C(CSSCC(N)C(=O)NC(CCCCN)C(=O)NCC(=O)NC(CCCCN)C(=O)NCC(=O)NC(C)C(=O)NC(CCCCN)C(=O)N2)NC(=O)C(CSSCC(C(N)=O)NC(=O)C(CCCCN)NC(=O)CNC(=O)C(CO)NC(=O)C(CCCNC(=N)N)NC3=O)NC(=O)C(CC(=O)O)NC(=O)C(Cc2ccc(O)cc2)NC1=O,train
CSCC[C@H](NC(=O)[C@H](CO)NC(=O)[C@H](Cc1ccc(O)cc1)NC(=O)C(N)CO)C(=O)N[C@@H](CCC(=O)O)C(=O)N[C@@H](Cc1c[nH]cn1)C(=O)N[C@@H](Cc1ccccc1)C(=O)N[C@@H](CCCNC(=N)N)C(=O)N[C@@H](Cc1c[nH]c2ccccc12)C(=O)NCC(=O)N[C@@H](CCCCN)C(=O)N1CCC[C@H]1C(=O)N[C@H](C(=O)NCC(=O)N[C@H](CCCCN)C(=O)N[C@H](CCCCN)C(=O)N[C@H](CCCNC(=N)N)C(=O)N[C@H](CCCNC(=N)N)C(=O)N1CCC[C@H]1C(=O)N[C@H](C(=O)N[C@@H](CCCCN)C(=O)N[C@H](C(=O)N[C@@H](Cc1ccc(O)cc1)C(=O)N1CCC[C@H]1C(=O)O)C(C)C)C(C)C)C(C)C,train
CSc1ccc2c(c1)N(CCC1CCCCN1C)c1ccccc1S2,train
C[C@@H](N[C@@H](CCc1ccccc1)C(=O)O)C(=O)N1CCC[C@H]1C(=O)O,train
C[C@@H](O)[C@H]1C(=O)N2C(C(=O)O)=C(S[C@@H]3CN[C@H](CNS(N)(=O)=O)C3)[C@H](C)[C@H]12,train
C[C@@H](O)[C@H]1C(=O)N2C(C(=O)O)=C(S[C@H]3CC[C@@H](C(=O)N(C)C)N3)[C@H](C)[C@H]12,train
C[C@@H](O[C@@H]1OCCN(Cc2nc(=O)[nH][nH]2)[C@@H]1c1ccc(F)cc1)c1cc(C(F)(F)F)cc(C(F)(F)F)c1,train
C[C@@H](O[C@H]1OCCN(Cc2nc(=O)n(P(=O)(O)O)[nH]2)[C@H]1c1ccc(F)cc1)c1cc(C(F)(F)F)cc(C(F)(F)F)c1,train
C[C@@H](O[C@H]1OCCN(Cc2nc(=O)n(P(=O)([O-])[O-])[nH]2)[C@H]1c1ccc(F)cc1)c1cc(C(F)(F)F)cc(C(F)(F)F)c1.C[NH2+]C[C@H](O)[C@@H](O)[C@H](O)[C@H](O)CO.C[NH2+]C[C@H](O)[C@@H](O)[C@H](O)[C@H](O)CO,train
C[C@@H](c1ncncc1F)[C@](O)(Cn1cncn1)c1ccc(F)cc1F,train
C[C@@H]1CC2C3C[C@H](F)C4=CC(=O)C=CC4(C)[C@@]3(Cl)C(O)CC2(C)C1C(=O)CO,train
C[C@@H]1CC=CC=CC=CC=C[C@H](OC2O[C@H](C)[C@@H](O)[C@H](N)[C@@H]2O)C[C@@H]2O[C@](O)(C[C@@H](O)C[C@H]3O[C@@H]3C=CC(=O)O1)C[C@H](O)[C@H]2C(=O)O,train
C[C@@H]1CCO[C@H]2Cn3cc(C(=O)NCc4ccc(F)cc4F)c(=O)c([O-])c3C(=O)N12.[Na+],train
C[C@@H]1C[C@H]2C3CCC4=CC(=O)C=C[C@]4(C)[C@@]3(Cl)[C@@H](O)C[C@]2(C)[C@@]1(O)C(=O)CCl,train
C[C@@H]1C[C@H]2C3C[C@H](F)C4=CC(=O)C=C[C@]4(C)[C@@]3(F)[C@@H](O)C[C@]2(C)[C@@]1(O)C(=O)SCF,train
C[C@@H]1C[C@H]2[C@@H]3C[C@H](F)C4=CC(=O)C=C[C@]4(C)[C@@]3(F)[C@@H](O)C[C@]2(C)[C@@]1(OC(=O)c1ccco1)C(=O)SCF,train
C[C@@H]1O[C@@H]1P(=O)([O-])O.[NH3+]C(CO)(CO)CO,train
C[C@@](Cc1ccc(O)c(O)c1)(NN)C(=O)O.N[C@@H](Cc1ccc(O)c(O)c1)C(=O)O,train
C[C@@]1(COc2ccc(N3CCC(Oc4ccc(OC(F)(F)F)cc4)CC3)cc2)Cn2cc([N+](=O)[O-])nc2O1,train
C[C@H](N)C(=O)O.NCCCC[C@H](N)C(=O)O.N[C@@H](CCC(=O)O)C(=O)O.N[C@@H](Cc1ccc(O)cc1)C(=O)O,train
C[C@H](N[C@@H](CCc1ccccc1)C(=O)O)C(=O)N1Cc2ccccc2C[C@H]1C(=O)O,train
C[C@H](N[C@@H](CCc1ccccc1)C(=O)O)C(=O)N1[C@H](C(=O)O)C[C@@H]2CCC[C@@H]21,train
C[C@H](O)C1C(=O)N2C(C(=O)O)=C(S[C@@H]3CN[C@H](C(=O)N(C)C)C3)[C@H](C)C12.O.O.O,train
C[C@H]1CN(C[C@H](Cc2ccccc2)C(=O)NCC(=O)O)CC[C@@]1(C)c1cccc(O)c1.O.O,train
C[C@H]1C[C@H]2[C@@H]3C[C@H](F)C4=CC(=O)C=C[C@]4(C)[C@@]3(F)[C@@H](O)C[C@]2(C)[C@@]1(O)C(=O)CCl,train
C[C@H]1c2cccc([O-])c2C([O-])=C2C(=O)[C@]3(O)C(=O)C(=C(N)[O-])C(=O)[C@@H](N(C)C)[C@@H]3[C@@H]([O-])[C@@H]21.[Ca+2].[Ca+2],train
C[C@]12C=CC(=O)C=C1[C@@H](F)C[C@H]1[C@@H]3C[C@@H](O)[C@](O)(C(=O)CO)[C@@]3(C)C[C@H](O)[C@@]12F,train
C[C@]12CCC(=O)C=C1CC[C@H]1[C@@H]3CC[C@](O)(C(=O)CO)[C@@]3(C)C[C@H](O)[C@@]12F,train
C[C@]12CCC3[C@@H](CC[C@H]4NC(=O)C=C[C@]34C)[C@@H]1CC[C@@H]2C(=O)Nc1cc(C(F)(F)F)ccc1C(F)(F)F,train
C[C@]12CC[C@@H]3c4ccc(O)cc4C[C@@H](CCCCCCCCCS(=O)CCCC(F)(F)C(F)(F)F)[C@H]3[C@@H]1CC[C@@H]2O,train
C[C@]12CC[C@H]3[C@@H](CCC4=CC(=O)CC[C@@H]43)[C@@H]1CC[C@@H]2O,train
C[C@]12COC(=O)C[C@@H]1CC[C@@H]1[C@@H]2CC[C@@]2(C)[C@H]1CC[C@]2(C)O,train
C[N+](C)(C)CC(=O)[O-],train
C[N+](C)(C)CC(O)CC(=O)O,train
C[N+](C)(C)CCO,train
C[N+](C)(C)CCO.Cn1c(=O)c2[nH]cnc2n(C)c1=O,train
C[N+](C)(C)CCOC(=O)CCC(=O)OCC[N+](C)(C)C,train
C[N+](C)(C)CCOC(N)=O,train
C[N+]1(C)C2CC(OC(=O)C(CO)c3ccccc3)CC1C1OC12,train
C[N+]1(C)CCC(OC(=O)C(O)(c2ccccc2)C2CCCC2)C1,train
C[N+]1(C)CCCC(OC(=O)C(O)(c2ccccc2)c2ccccc2)C1,train
C[N+]1(CC2CC2)CC[C@]23c4c5ccc(O)c4O[C@H]2C(=O)CC[C@@]3(O)[C@H]1C5.[Br-],train
C[NH+](C)[C@@H]1C(=O)C(=C(N)[O-])C(=O)[C@@]2(O)C(=O)C3=C(O)c4c(O)ccc(Cl)c4[C@@H](O)[C@H]3C[C@@H]12,train
C[NH+](C)[C@H]1C(=O)C(=C(N)[O-])C(=O)[C@@]2(O)C(=O)C3=C([O-])c4c(O)cccc4[C@@](C)(O)[C@@H]3C[C@H]12,train
Cc1[nH]c(=O)c(C#N)cc1-c1ccncc1,train
Cc1c(C(=O)NN2CCCCC2)nn(-c2ccc(Cl)cc2Cl)c1-c1ccc(Cl)cc1.Cl,train
Cc1c(C)c2c(c(C)c1O)CCC(C)(COc1ccc(CC3SC(=O)NC3=O)cc1)O2,train
Cc1c(C)c2c(c(C)c1OC(=O)CCC(=O)OCCO)CCC(C)(CCCC(C)CCCC(C)CCCC(C)C)O2,train
Cc1c(C2(c3cc(Br)c(O)c(Br)c3C)OS(=O)(=O)c3ccccc32)cc(Br)c(O)c1Br,train
Cc1c(N)nc(C(CC(N)=O)NCC(N)C(N)=O)nc1C(=O)NC(C(=O)NC(C)C(O)C(C)C(=O)NC(C(=O)NCCc1nc(-c2nc(C(=O)NCCC[S+](C)C)cs2)cs1)C(C)O)C(O[C@@H]1O[C@@H](CO)[C@@H](O)[C@H](O)[C@@H]1O[C@H]1O[C@H](CO)[C@@H](O)[C@H](OC(N)=O)[C@@H]1O)c1cnc[nH]1.O=S(=O)([O-])O,train
Cc1c(O)cccc1C(=O)NC(CSc1ccccc1)C(O)CN1CC2CCCCC2CC1C(=O)NC(C)(C)C,train
Cc1c(OCC(F)(F)F)ccnc1CS(=O)c1nc2ccccc2[nH]1,train
Cc1cc(C#N)cc(C)c1Oc1nc(Nc2ccc(C#N)cc2)nc(N)c1Br,train
Cc1cc(C(=O)NNCc2ccccc2)no1,train
Cc1cc(C)c(C=C2C(=O)Nc3ccccc32)[nH]1,train
Cc1cc(C)c(NC(=O)CN(CC(=O)O)CC(=O)O)c(C)c1Br,train
Cc1cc(C)cc(OCC2CNC(=O)O2)c1,train
Cc1cc(C=CC#N)cc(C)c1Nc1ccnc(Nc2ccc(C#N)cc2)n1,train
Cc1cc(NS(=O)(=O)c2ccc(N)cc2)no1,train
Cc1cc2c(s1)=Nc1ccccc1NC=2N1CCN(C)CC1,train
Cc1cc2c(s1)=Nc1ccccc1NC=2N1CCN(C)CC1.O.O.O=C(O)c1cc2ccccc2c(Cc2c(O)c(C(=O)O)cc3ccccc23)c1O,train
Cc1ccc(-c2nc3ccc(C)cn3c2CC(=O)N(C)C)cc1,train
Cc1ccc(-n2[nH]c(C)c(N/N=C3\C=CC=C(c4cccc(C(=O)O)c4)C3=O)c2=O)cc1C,train
Cc1ccc(-n2nccn2)c(C(=O)N2CCN(c3nc4cc(Cl)ccc4o3)CC[C@H]2C)c1,train
Cc1ccc(=O)n(-c2ccccc2)c1,train
Cc1ccc(C(=O)Nc2ccc(CN3CCN(C)CC3)c(C(F)(F)F)c2)cc1C#Cc1cnc2cccnn12,train
Cc1ccc(C(=O)c2cc(O)c(O)c([N+](=O)[O-])c2)cc1,train
Cc1ccc(C(=O)c2ccc(CC(=O)[O-])n2C)cc1,train
Cc1ccc(C)c(OCCCC(C)(C)C(=O)O)c1,train
Cc1ccc(Cl)c(Nc2ccccc2C(=O)[O-])c1Cl,train
Cc1ccc(N(CC2=NCCN2)c2cccc(O)c2)cc1,train
Cc1ccc(NC(=O)c2ccc(CN3CCN(C)CC3)cc2)cc1Nc1nccc(-c2cccnc2)n1,train
Cc1ccc(Nc2nccc(N(C)c3ccc4c(C)n(C)nc4c3)n2)cc1S(N)(=O)=O,train
Cc1ccc(O)c(C(CCN(C(C)C)C(C)C)c2ccccc2)c1,train
Cc1ccc(S(=O)(=O)NC(=O)NN2CCCCCC2)cc1,train
Cc1ccc(Sc2ccccc2N2CCNCC2)c(C)c1,train
Cc1ccc([C@@H]2O[C@H](CO)[C@@H](O)[C@H](O)[C@H]2O)cc1Cc1ccc(-c2ccc(F)cc2)s1,train
Cc1cccc(C)c1NC(=O)C1CCCCN1C,train
Cc1cccc(C)c1OCC(C)N,train
Cc1cccc(CN2CCN(C(c3ccccc3)c3ccc(Cl)cc3)CC2)c1,train
Cc1cccc(Nc2ccccc2C(=O)O)c1C,train
Cc1ccccc1C(OCCN(C)C)c1ccccc1,train
Cc1ccccc1N1C(=O)c2cc(S(N)(=O)=O)c(Cl)cc2NC1C,train
Cc1ccnc2c1NC(=O)c1cccnc1N2C1CC1,train
Cc1ccsc1C(=CCCN1CCCC(C(=O)O)C1)c1sccc1C,train
Cc1cn(-c2cc(NC(=O)c3ccc(C)c(Nc4nccc(-c5cccnc5)n4)c3)cc(C(F)(F)F)c2)cn1,train
Cc1cn(C2C=CC(CO)O2)c(=O)[nH]c1=O,train
Cc1cn(C2CC(N=[N+]=[N-])C(CO)O2)c(=O)[nH]c1=O,train
Cc1cn(C2CC(O)C(CO)O2)c(=O)[nH]c1=O,train
Cc1cn([C@H]2C[C@H](N=[N+]=[N-])[C@@H](CO)O2)c(=O)[nH]c1=O.Nc1ccn([C@@H]2CS[C@H](CO)O2)c(=O)n1,train
Cc1cnc(NC(=O)C2=C([O-])c3ccccc3S(=O)(=O)N2C)s1.[Na+],train
Cc1nc(=O)c2cc(CN(C)c3ccc(C(=O)N[C@@H](CCC(=O)O)C(=O)O)s3)ccc2[nH]1,train
Cc1nc(Nc2ncc(C(=O)Nc3c(C)cccc3Cl)s2)cc(N2CCN(CCO)CC2)n1,train
Cc1nc2c([nH]1)CCN(C(=O)c1ccc(NC(=O)c3ccccc3-c3ccccc3)cc1)c1ccccc1-2,train
Cc1nc2n(c(=O)c1CCN1CCC(c3noc4cc(F)ccc34)CC1)CCCC2,train
Cc1nc2n(c(=O)c1CCN1CCC(c3noc4cc(F)ccc34)CC1)CCCC2O,train
Cc1ncc(CO)c(CO)c1O,train
Cc1ncc(COP(=O)([O-])[O-])c(CN(CCN(CC(=O)[O-])Cc2c(COP(=O)([O-])[O-])cnc(C)c2[O-])CC(=O)[O-])c1[O-].[H+].[H+].[H+].[Mn+2].[Na+].[Na+].[Na+],train
Cc1ncc([N+](=O)[O-])n1CCO,train
Cc1ncc2n1-c1ccc(Cl)cc1C(c1ccccc1F)=NC2,train
Cc1nccn1CC1CCc2c(c3ccccc3n2C)C1=O,train
Cc1nnc2n1-c1ccc(Cl)cc1C(c1ccccc1)=NC2,train
Cc1nnc2n1-c1ccc(Cl)cc1C(c1ccccc1Cl)=NC2,train
Cc1onc(-c2c(Cl)cccc2Cl)c1C(=O)NC1C(=O)N2C1SC(C)(C)C2C(=O)[O-],train
Cc1onc(-c2c(F)cccc2Cl)c1C(=O)NC1C(=O)N2C1SC(C)(C)C2C(=O)O,train
Cc1onc(-c2ccccc2)c1-c1ccc(S(N)(=O)=O)cc1,train
Cc1onc(-c2ccccc2)c1C(=O)NC1C(=O)N2C1SC(C)(C)C2C(=O)[O-],train
Cc1oncc1C(=O)Nc1ccc(C(F)(F)F)cc1,train
Cl.Cl.Cl.Cl.Cl.Cl.Cl.Cl.c1cc(CN2CCCNCCNCCCNCC2)ccc1CN1CCCNCCNCCCNCC1,train
Cl.Cl.OCCN1CCN(CCC=C2c3ccccc3Sc3ccc(Cl)cc32)CC1,train
Cl.NC(N)=NC(=O)c1nc(Cl)c(N)nc1N,train
Cl.NC(N)=NC(=O)c1nc(Cl)c(N)nc1N.NS(=O)(=O)c1cc2c(cc1Cl)NCNS2(=O)=O,train
Cl.O.O=C1Cc2cc(CCN3CCN(c4nsc5ccccc45)CC3)c(Cl)cc2N1,train
Cl.O=C(O)[C@H]1OC=C[C@@H](O)[C@@H]1O,train
Cl.O=C(O[C@H]1CN2CCC1CC2)N1CCc2ccccc2[C@@H]1c1ccccc1,train
ClC1C(Cl)C(Cl)C(Cl)C(Cl)C1Cl,train
ClCC1CO1.NCCNCCNCCNCCN,train
Clc1ccc(C(c2ccccc2Cl)C(Cl)Cl)cc1,train
Clc1ccc(CCC(Cn2ccnc2)Sc2c(Cl)cccc2Cl)cc1.O=[N+]([O-])O,train
Clc1ccc(COC(Cn2ccnc2)c2ccc(Cl)cc2Cl)c(Cl)c1,train
Clc1ccc(COC(Cn2ccnc2)c2ccc(Cl)cc2Cl)cc1,train
Clc1ccc(CON=C(Cn2ccnc2)c2ccc(Cl)cc2Cl)c(Cl)c1,train
Clc1ccc(CSC(Cn2ccnc2)c2ccc(Cl)cc2Cl)cc1,train
Clc1ccc2c(c1)C(N1CCNCC1)=Nc1ccccc1O2,train
Clc1ccc2c(c1)C(c1ccccc1)=NCc1nncn1-2,train
Clc1ccc2c(c1)CCc1cccnc1C2=C1CCNCC1,train
Clc1ccc2nsnc2c1NC1=NCCN1,train
Clc1cccc(Cl)c1NC1=NCCN1,train
Clc1ccccc1CN1CCc2sccc2C1,train
Cn1c(=O)c2[nH]cnc2n(C)c1=O,train
Cn1c(=O)c2c(ncn2C)n(C)c1=O,train
Cn1c(=O)c2c(ncn2CC(O)CO)n(C)c1=O,train
Cn1c(=O)cc(N2CCCC(N)C2)n(Cc2ccccc2C#N)c1=O,train
Cn1c(CCCC(=O)O)nc2cc(N(CCCl)CCCl)ccc21,train
Cn1c(CNc2ccc(C(=N)N)cc2)nc2cc(C(=O)N(CCC(=O)O)c3ccccn3)ccc21,train
Cn1cc[nH]c1=S,train
Cn1nnc2c(C(N)=O)ncn2c1=O,train
F,train
FC(F)(F)C(F)(F)C(F)(F)F,train
FC(F)OC(Cl)C(F)(F)F,train
FC(F)OC(F)(F)C(F)Cl,train
FC(F)OC(F)C(F)(F)F,train
FCOC(C(F)(F)F)C(F)(F)F,train
FS(F)(F)(F)(F)F,train
Fc1ccc(C2CCNCC2COc2ccc3c(c2)OCO3)cc1,train
Fc1ccccc1C1=NCC(=S)N(CC(F)(F)F)c2ccc(Cl)cc21,train
I,train
N,train
N#CCC(C1CCCC1)n1cc(-c2ncnc3[nH]ccc23)cn1,train
N#C[C@@H]1C[C@@H]2C[C@@H]2N1C(=O)[C@@H](N)C12C[C@@H]3C[C@@H](CC(O)(C3)C1)C2.O=C(O)C(F)(F)F,train
N#Cc1c(N(CC(=O)[O-])CC(=O)[O-])sc(C(=O)[O-])c1CC(=O)[O-].[Sr+2].[Sr+2],train
N#Cc1cc(NC(=O)C(=O)O)c(Cl)c(NC(=O)C(=O)O)c1,train
N#Cc1cc(NC(=O)C(=O)O)c(Cl)c(NC(=O)C(=O)O)c1.NC(CO)(CO)CO,train
N#Cc1ccc(C(c2ccc(C#N)cc2)n2cncn2)cc1,train
N#Cc1ccc2c(c1)N(CCCN1CCC(O)CC1)c1ccccc1S2,train
N#Cc1ccccc1-c1cc(-c2ccccn2)cn(-c2ccccc2)c1=O,train
N#[N+][O-],train
N.N.O=C(O)C1(C(=O)O)CCC1.[Pt],train
N=C(N)N,train
N=C(N)N=C(N)N,train
N=C(N)c1ccc(OCCCCCOc2ccc(C(=N)N)cc2)cc1,train
N=C(N)c1ccc(OCCCOc2ccc(C(=N)N)cc2Br)c(Br)c1.O=S(=O)(O)CCO,train
N=c1nc(N2CCCCC2)cc(N)n1O,train
NC(=NCCCCCCN=C(N)N=C(N)Nc1ccc(Cl)cc1)N=C(N)Nc1ccc(Cl)cc1,train
NC(=NCCCCCCN=C(N)N=C(N)Nc1ccc(Cl)cc1)N=C(N)Nc1ccc(Cl)cc1.O=C(O)[C@H](O)[C@@H](O)[C@H](O)[C@H](O)CO.O=C(O)[C@H](O)[C@@H](O)[C@H](O)[C@H](O)CO,train
NC(=O)C(c1ccccc1)(c1ccccc1)C1CCN(CCc2ccc3c(c2)CCO3)C1,train
NC(=O)C1CCCN1C(=O)C(Cc1cnc[nH]1)NC(=O)C1CCC(=O)N1,train
NC(=O)CCC(N)C(=O)O,train
NC(=O)CCC1NC(=O)C(Cc2ccccc2)NC(=O)C(Cc2ccc(O)cc2)NC(=O)C(N)CSSCC(C(=O)N2CCCC2C(=O)NC(CCCN=C(N)N)C(=O)NCC(N)=O)NC(=O)C(CC(N)=O)NC1=O,train
NC(=O)CCC1NC(=O)C(Cc2ccccc2)NC(=O)C(Cc2ccc(O)cc2)NC(=O)CCSSCC(C(=O)N2CCCC2C(=O)NC(CCCN=C(N)N)C(=O)NCC(N)=O)NC(=O)C(CC(N)=O)NC1=O,train
NC(=O)CS(=O)C(c1ccccc1)c1ccccc1,train
NC(=O)Cc1cccc(C(=O)c2ccccc2)c1N,train
NC(=O)N1c2ccccc2CC(O)c2ccccc21,train
NC(=O)NO,train
NC(=O)N[C@@H](CCC(=O)O)C(=O)O,train
NC(=O)OCC(COC(N)=O)c1ccccc1,train
NC(=O)c1cn(Cc2c(F)cccc2F)nn1,train
NC(=O)c1cnccn1,train
NC(=O)c1ncn(C2OC(CO)C(O)C2O)n1,train
NC(C(=O)NC1C(=O)N2C(C(=O)O)=C(Cl)CSC12)c1ccccc1,train
NC(C(=O)O)C(O)c1ccc(O)c(O)c1,train
NC(CO)(CO)CO,train
NC(CO)(CO)CO.O=C(c1ccccc1)c1ccc2n1CCC2C(=O)O,train
NC(CO)C(=O)NNCc1ccc(O)c(O)c1O.N[C@@H](Cc1ccc(O)c(O)c1)C(=O)O,train
NC(Cc1cc(I)c(Oc2cc(I)c(O)c(I)c2)c(I)c1)C(=O)O,train
NC(Cc1cc(I)c(Oc2ccc(O)c(I)c2)c(I)c1)C(=O)O,train
NC(Cc1ccc(N(CCCl)CCCl)cc1)C(=O)O,train
NC(Cc1ccc(OP(=O)(O)O)c(CO)c1)C(=O)O,train
NC(N)=NC(=O)Cc1c(Cl)cccc1Cl,train
NC(N)=NCCCC(N)C(=O)O,train
NC(N)=NCc1cccc(I)c1,train
NC(N)=NN=Cc1c(Cl)cccc1Cl,train
NC(N)=Nc1nc(CSCCC(N)=NS(N)(=O)=O)cs1,train
NC12CC3CC(CC(C3)C1)C2,train
NC1=N/C(=C(/N=O)C(=O)N[C@@H]2C(=O)N3C(C(=O)O)=C(/C=C4\CCN([C@@H]5CCNC5)C4=O)CS[C@H]23)NS1,train
NC1CC1c1ccccc1,train
NC1[C@H]2CN(c3nc4c(cc3F)c(=O)c(C(=O)O)cn4-c3ccc(F)cc3F)C[C@@H]12,train
NCC(=O)CCC(=O)O,train
NCC(=O)O,train
NCC(CC(=O)O)c1ccc(Cl)cc1,train
NCC(O)c1ccc(O)c(O)c1,train
NCC1(CC(=O)O)CCCCC1,train
NCC1CCC(C(=O)O)CC1,train
NCC1OC(OC2C(CO)OC(OC3C(O)C(N)CC(N)C3OC3OC(CN)C(O)C(O)C3N)C2O)C(N)C(O)C1O,train
NCC1OC(OC2C(CO)OC(OC3C(O)C(N)CC(N)C3OC3OC(CO)C(O)C(O)C3N)C2O)C(N)C(O)C1O,train
NCC1OC(OC2C(N)CC(N)C(OC3OC(CO)C(O)C(N)C3O)C2O)C(N)CC1O,train
NCC1OC(OC2C(N)CC(N)C(OC3OC(CO)C(O)C(N)C3O)C2O)C(O)C(O)C1O,train
NCCC(O)(P(=O)([O-])O)P(=O)([O-])O.[Na+].[Na+],train
NCCC(O)C(=O)NC1CC(N)C(OC2OC(CN)C(O)C(O)C2O)C(O)C1OC1OC(CO)C(O)C(N)C1O,train
NCCCC(=O)O,train
NCCCC(N)(C(=O)O)C(F)F,train
NCCCC(O)(P(=O)(O)O)P(=O)(O)O,train
NCCCCC(NC(CCc1ccccc1)C(=O)O)C(=O)N1CCCC1C(=O)O,train
NCCCCCC(=O)O,train
NCCCC[C@@H]1NC(=O)[C@@H](Cc2c[nH]c3ccccc23)NC(=O)C(c2ccccc2)NC(=O)[C@@H]2C[C@@H](OC(=O)NCCN)CN2C(=O)[C@H](Cc2ccccc2)NC(=O)[C@H](Cc2ccc(OCc3ccccc3)cc2)NC1=O.N[C@@H](CC(=O)O)C(=O)O.N[C@@H](CC(=O)O)C(=O)O,train
NCCCC[C@@H]1NC(=O)[C@@H](Cc2c[nH]c3ccccc23)NC(=O)[C@H](c2ccccc2)NC(=O)[C@@H]2C[C@@H](OC(=O)NCCN)CN2C(=O)[C@H](Cc2ccccc2)NC(=O)[C@H](Cc2ccc(OCc3ccccc3)cc2)NC1=O,train
NCCCC[C@H](NC(=O)[C@@H]1CCCN1C(=O)[C@@H]1CSSC[C@H](NC(=O)CNC(=O)CNC(=O)CN)C(=O)N[C@@H](Cc2ccc(O)cc2)C(=O)N[C@@H](Cc2ccccc2)C(=O)N[C@@H](CCC(N)=O)C(=O)N[C@@H](CC(N)=O)C(=O)N1)C(=O)NCC(N)=O,train
NCCCNCCSP(=O)(O)O,train
NCCNCCNCCN,train
NCCNCCNCCNCCN,train
NCCO,train
NCCS,train
NCCc1ccc(O)c(O)c1,train
NCCc1cnc[nH]1,train
NCc1ccc(S(N)(=O)=O)cc1,train
NNC(=O)c1ccncc1,train
NNCCc1ccccc1,train
NNc1nncc2ccccc12,train
NS(=O)(=O)Cc1noc2ccccc12,train
NS(=O)(=O)c1cc(Cl)c(Cl)c(S(N)(=O)=O)c1,train
NS(=O)(=O)c1cc2c(cc1C(F)(F)F)NCNS2(=O)=O,train
NS(=O)(=O)c1cc2c(cc1Cl)NC=NS2(=O)=O,train
NS(=O)(=O)c1cc2c(cc1Cl)NCNS2(=O)=O,train
N[C@@H]1CCCCN(c2c(F)cc3c(=O)c(C(=O)O)cn(C4CC4)c3c2Cl)C1,train
Nc1[nH]c(=O)ncc1F,train
Nc1c(CC(=O)O)cccc1C(=O)c1ccc(Br)cc1,train
Nc1cc(Cl)c(NC2=NCCN2)c(Cl)c1,train
Nc1ccc(C(=O)NCC(=O)O)cc1,train
Nc1ccc(C(=O)O)c(O)c1,train
Nc1ccc(N=Nc2ccccc2)c(N)n1,train
Nc1ccc(O)c(C(=O)O)c1,train
Nc1ccc(S(=O)(=O)Nc2ncccn2)cc1,train
Nc1ccc(S(=O)(=[OH+])[NH2+]c2ncccn2)cc1.[Ag+],train
Nc1ccc(S(N)(=O)=O)cc1,train
Nc1cccc2c1C(=O)N(C1CCC(=O)NC1=O)C2=O,train
Nc1ccn(C2CCC(CO)O2)c(=O)n1,train
Nc1ccn(C2CSC(CO)O2)c(=O)n1,train
Nc1ccn(C2OC(CO)C(O)C2(F)F)c(=O)n1,train
Nc1ccn(C2OC(CO)C(O)C2O)c(=O)n1,train
Nc1ccn(C[C@@H](CO)OCP(=O)(O)O)c(=O)n1,train
Nc1ccn([C@@H]2CS[C@H](CO)O2)c(=O)n1.Nc1nc(NC2CC2)c2ncn([C@H]3C=C[C@@H](CO)C3)c2n1,train
Nc1ccncc1,train
Nc1nc(=O)c2c(CCc3ccc(C(=O)N[C@H](CCC(=O)O)C(=O)O)cc3)c[nH]c2[nH]1,train
Nc1nc(=O)c2c([nH]1)NCC(CNc1ccc(C(=O)NC(CCC(=O)O)C(=O)O)cc1)N2C=O,train
Nc1nc(=O)c2ncn(CCC(CO)CO)c2[nH]1,train
Nc1nc(=O)c2ncn(COC(CO)CO)c2[nH]1,train
Nc1nc(=O)c2ncn(COCCO)c2[nH]1,train
Nc1nc(=O)n([C@@H]2CS[C@H](CO)O2)cc1F,train
Nc1nc(=S)c2[nH]cnc2[nH]1,train
Nc1nc(Cl)nc2c1ncn2C1CC(O)C(CO)O1,train
Nc1nc(Cl)nc2c1ncn2[C@@H]1O[C@H](CO)[C@@H](O)[C@@H]1F,train
Nc1nc(F)nc2c1ncn2C1OC(CO)C(O)C1O,train
Nc1nc(F)nc2c1ncn2C1OC(COP(=O)(O)O)C(O)C1O,train
Nc1nc2ccc(OC(F)(F)F)cc2s1,train
Nc1ncn(C2CC(O)C(CO)O2)c(=O)n1,train
Nc1ncn(C2OC(CO)C(O)C2O)c(=O)n1,train
Nc1ncnc2c1ncn2C1OC(CO)C(O)C1O,train
Nc1ncnc2c1ncn2CCOCP(=O)(O)O,train
Nc1nnc(-c2cccc(Cl)c2Cl)c(N)n1,train
O.O.O.O.O.O=S([O-])([O-])=S.[Na+].[Na+],train
O=C(/C=C/c1cccc(S(=O)(=O)Nc2ccccc2)c1)NO,train
O=C(C1CCCCC1)N1CC(=O)N2CCc3ccccc3C2C1,train
O=C(CCCCC(=O)Nc1c(I)cc(I)c(C(=O)O)c1I)Nc1c(I)cc(I)c(C(=O)O)c1I,train
O=C(CCCCCCC(=O)Nc1ccccc1)NO,train
O=C(CCCN1CCC(O)(c2ccc(Cl)cc2)CC1)c1ccc(F)cc1,train
O=C(CCCc1ccccc1)OCC(COC(=O)CCCc1ccccc1)OC(=O)CCCc1ccccc1,train
O=C(NC(CO)C(O)c1ccc([N+](=O)[O-])cc1)C(Cl)Cl,train
O=C(NC1CCN(CCCCC2(C(=O)NCC(F)(F)F)c3ccccc3-c3ccccc32)CC1)c1ccccc1-c1ccc(C(F)(F)F)cc1,train
O=C(NCC(O)CO)c1c(I)c(C(=O)NCC(O)CO)c(I)c(N(CCO)C(=O)CO)c1I,train
O=C(NCCN1CCOCC1)c1ccc(Cl)cc1,train
O=C(NCCO[N+](=O)[O-])c1cccnc1,train
O=C(Nc1c(Cl)cncc1Cl)c1ccc(OC(F)F)c(OCC2CC2)c1,train
O=C(O)C(=O)O.[NH-]C1CCCCC1[NH-].[Pt+2],train
O=C(O)C(O)Cc1ccccc1,train
O=C(O)C(S)C(S)C(=O)O,train
O=C(O)C1=C/C(=N/Nc2ccc(O)c(C(=O)O)c2)C=CC1=O,train
O=C(O)C1=C/C(=N/Nc2ccc(S(=O)(=O)Nc3ccccn3)cc2)C=CC1=O,train
O=C(O)C1N=C(c2ccccc2)c2cc(Cl)ccc2NC1=O,train
O=C(O)CC(O)(CC(=O)O)C(=O)O,train
O=C(O)CCCCCCCC(=O)O,train
O=C(O)CCCO,train
O=C(O)CCCc1ccc(N(CCCl)CCCl)cc1,train
O=C(O)CCCc1ccccc1,train
O=C(O)CCNC(=O)c1ccc(N/N=C2\C=CC(=O)C(C(=O)O)=C2)cc1,train
O=C(O)CCc1nc(-c2ccccc2)c(-c2ccccc2)o1,train
O=C(O)CN(CCN(CC(=O)O)CC(=O)O)CC(=O)O,train
O=C(O)CN(CCN(CC(=O)O)CC(=O)O)CCN(CC(=O)O)CC(=O)O,train
O=C(O)CN(CCN(CC(=O)O)CC(=O)O)CCN(CC(=O)O)CC(=O)O.[In],train
O=C(O)CN1C(=O)[C@@H](N[C@H](CCc2ccccc2)C(=O)O)CCc2ccccc21,train
O=C(O)CNC(=O)CNC(=O)CNC(=O)CSC(=O)c1ccccc1,train
O=C(O)COCCN1CCN(C(c2ccccc2)c2ccc(Cl)cc2)CC1,train
O=C(O)C[CH2][Ge](=[O])[O][Ge](=[O])[CH2]CC(=O)O,train
O=C(O)O,train
O=C(O)[C@@H]1C[C@@H](C2CCCCC2)CN1C(=O)CP(=O)(O)CCCCc1ccccc1,train
O=C(O)[C@@H]1O[C@@H](O[C@H]2[C@H](O)[C@@H](NS(=O)(=O)O)[C@@H](O)O[C@@H]2COS(=O)(=O)O)[C@H](OS(=O)(=O)O)[C@@H](O)[C@@H]1O,train
O=C(O)[C@H](O)[C@@H](O)[C@H](O)[C@H](O)CO.[Fe+3].[Na+],train
O=C(O)c1cc(-c2ccc(F)cc2F)ccc1O,train
O=C(O)c1ccc2nc(-c3cc(Cl)cc(Cl)c3)oc2c1,train
O=C(O)c1ccccc1O,train
O=C(O)c1cn(C2CC2)c2cc(N3CCNCC3)c(F)cc2c1=O,train
O=C(OC1CC2CCC(C1)[N+]21CCCC1)C(O)(c1ccccc1)c1ccccc1,train
O=C(OOC(=O)c1ccccc1)c1ccccc1,train
O=C(O[C@@H]1C[N+]2(CCCOc3ccccc3)CCC1CC2)C(O)(c1cccs1)c1cccs1,train
O=C(Oc1ccccc1C(=O)O)c1ccccc1O,train
O=C([O-])CC([S-])C(=O)[O-].[Au+].[Na+].[Na+],train
O=C([O-])CN(CCN(CC(=O)[O-])CC(=O)[O-])CCN(CC(=O)[O-])CC(=O)[O-].[Gd+3].[H+].[H+],train
O=C([O-])CN(CCN(CC(=O)[O-])C[C@H](COP(=O)([O-])OC1CCC(c2ccccc2)(c2ccccc2)CC1)N(CC(=O)[O-])CC(=O)[O-])CC(=O)[O-].[Gd+3].[Na+].[Na+].[Na+],train
O=C([O-])CN1CCN(CC(=O)[O-])CCN([C@H](CO)[C@H](O)CO)CCN(CC(=O)[O-])CC1.[Gd+3],train
O=C([O-])Cc1ccccc1Nc1c(Cl)cccc1Cl,train
O=C([O-])P(=O)([O-])[O-],train
O=C([O-])[O-].O=C([O-])[O-].O=C([O-])[O-].[La+3].[La+3],train
O=C([O-])[O-].[Li+].[Li+],train
O=C([O-])[O-].[Na+].[Na+],train
O=C([O-])c1cccnc1,train
O=C(c1ccc(OCCN2CCCCC2)cc1)c1c(-c2ccc(O)cc2)sc2cc(O)ccc12,train
O=C(c1ccccc1)c1ccc2n1CCC2C(=O)O,train
O=C1C=CC=C/C1=C1\N/C(=C2/C=CC=CC2=O)N(c2ccc(C(=O)O)cc2)N1,train
O=C1CCC(N2C(=O)c3ccccc3C2=O)C(=O)N1,train
O=C1CCC2(O)C3Cc4ccc(O)c5c4C2(CCN3CC2CC2)C1O5,train
O=C1CN(N=Cc2ccc([N+](=O)[O-])o2)C(=O)N1,train
O=C1CN=C(c2ccccc2)c2cc([N+](=O)[O-])ccc2N1,train
O=C1CN=C(c2ccccc2Cl)c2cc([N+](=O)[O-])ccc2N1,train
O=C1NC(=O)C(c2ccccc2)(c2ccccc2)N1,train
O=C1NC(c2ccccc2)(c2ccccc2)C(=O)N1COP(=O)([O-])[O-].[Na+].[Na+],train
O=C1Nc2ccc(Cl)cc2C(c2ccccc2)=NC1O,train
O=C1Nc2ccc(Cl)cc2C(c2ccccc2Cl)=NC1O,train
O=C1c2c(O)ccc(O)c2C(=O)c2c(NCCNCCO)ccc(NCCNCCO)c21,train
O=CCC(O)C=O,train
O=C[C@H](O)[C@@H](O)[C@H](O)[C@H](O)CO[C@H]1O[C@H](CO[C@@H]2O[C@@H](CO)[C@H](O)[C@@H](O)[C@@H]2O)[C@@H](O)[C@H](O)[C@H]1O,train
O=NN(CCCl)C(=O)NC1CCCCC1,train
O=NN(CCCl)C(=O)NCCCl,train
O=N[O-],train
O=P(O)(O)C(Cl)(Cl)P(=O)(O)O,train
O=P(O)(O)C(O)(Cc1cccnc1)P(=O)(O)O,train
O=P(O)(O)C(O)(Cn1ccnc1)P(=O)(O)O,train
O=P(O)(O)C(O)P(=O)(O)O,train
O=P(O)(O)CP(=O)(O)O,train
O=P([O-])(O)C(Sc1ccc(Cl)cc1)P(=O)([O-])O.[Na+].[Na+],train
O=P([O-])(O)O,train
O=P([O-])([O-])O.[K+].[K+],train
O=P1(N(CCCl)CCCl)NCCCO1,train
O=P1(NCCCl)OCCCN1CCCl,train
O=S(=O)(O)CCS,train
O=S(=O)(O)O[C@@H]1[C@@H](OS(=O)(=O)O)[C@H](O[C@@H]2CO[C@@H](O)[C@H](OS(=O)(=O)O)[C@H]2OS(=O)(=O)O)OC[C@H]1O,train
O=S(=O)([O-])[O-].[Ba+2],train
O=S(=O)([O-])[O-].[Zn+2],train
O=S([O-])([O-])=S,train
O=[N+]([O-])OC1COC2C(O[N+](=O)[O-])COC12,train
O=[N+]([O-])OCC(CO[N+](=O)[O-])O[N+](=O)[O-],train
O=[N+]([O-])O[C@@H]1CO[C@H]2[C@@H]1OC[C@@H]2O,train
O=[NH+][O-].[Na+],train
O=c1[nH]c(=O)n(C2CC(O)C(CO)O2)cc1F,train
O=c1[nH]c(=O)n(C2CC(O)C(CO)O2)cc1I,train
O=c1[nH]c(=O)n([C@H]2C[C@H](O)[C@@H](CO)O2)cc1C(F)(F)F,train
O=c1[nH]c2ccccc2n1C1CCN(CCCC(c2ccc(F)cc2)c2ccc(F)cc2)CC1,train
O=c1ccn([C@@H]2O[C@H](COP(=O)(O)O[C@H]3[C@@H](O)[C@H](n4ccc(=O)[nH]c4=O)O[C@@H]3CO)[C@@H](O)[C@H]2O)c(=O)[nH]1,train
O=c1n(CCCN2CCN(c3cccc(Cl)c3)CC2)nc2ccccn12,train
OB1OCc2cc(F)ccc21,train
OC(CCN1CCCCC1)(c1ccccc1)C1CCCCC1,train
OC(CNCC(O)C1CCc2cc(F)ccc2O1)C1CCc2cc(F)ccc2O1,train
OC(c1cc(C(F)(F)F)nc2c(C(F)(F)F)cccc12)C1CCCCN1,train
OCC(O)C(O)C(O)C(O)CO,train
OCC(O)CO,train
OCC(S)CS,train
OCC1OC(O)C(F)C(O)C1O,train
OCC1OC(O)C(O)C(O)C1O,train
OCC1OC(OC2C(CO)OC(O)(CO)C2O)C(O)C(O)C1O,train
OCC1OC(n2cnc3c2NC=NCC3O)CC1O,train
OCCN1CC(O)C(O)C(O)C1CO,train
OCCN1CCN(CCCN2c3ccccc3Sc3ccc(C(F)(F)F)cc32)CC1,train
OCCN1CCN(CCCN2c3ccccc3Sc3ccc(Cl)cc32)CC1,train
OCCOCCN1CCN(C(c2ccccc2)c2ccc(Cl)cc2)CC1,train
OCCOCCN1CCN(C2=Nc3ccccc3Sc3ccccc32)CC1,train
OCCOc1ccc(C(=C(CCCl)c2ccccc2)c2ccccc2)cc1,train
OC[C@H]1O[C@@H](c2ccc(Cl)c(Cc3ccc(O[C@H]4CCOC4)cc3)c2)[C@H](O)[C@@H](O)[C@@H]1O,train
OCc1cc(C(O)CNCCCCCCOCCCCc2ccccc2)ccc1O,train
OCc1ccccc1,train
O[C@@H]1CO[C@H]2[C@@H]1OC[C@@H]2O,train
Oc1c(Cl)cc(Cl)c(Cl)c1Cc1c(O)c(Cl)cc(Cl)c1Cl,train
Oc1cc(Cl)ccc1Oc1ccc(Cl)cc1Cl,train
Oc1ccc(O)cc1,train
Oc1ccc(OCc2ccccc2)cc1,train
Oc1ccc2c3c1OC1C(O)CCC4(O)C(C2)N(CC2CCC2)CCC314,train
S=P(N1CC1)(N1CC1)N1CC1,train
S=[Se]=S,train
S=c1nc[nH]c2nc[nH]c12,train
[249Cf].[249Cf].[O-2].[O-2].[O-2],train
[Ag],train
[As+3].[As+3].[O-2].[O-2].[O-2],train
[As],train
[Ba+2].[H-].[H-],train
[C-]#N.[C-]#N.[C-]#N.[C-]#N.[C-]#N.[C-]#N.[Fe+2],train
[C-]#N.[C-]#N.[C-]#N.[C-]#N.[C-]#N.[Fe+3].[N-]=O.[Na+].[Na+].[Na+].[Na+],train
[C-]#N.[C-]#N.[C-]#N.[C-]#N.[C-]#N.[Fe].[N-]=O,train
[CH2]CC=O,train
[Ca+2],train
[Cl-],train
[Cl][Pt+2][Cl].[NH2-].[NH2-],train
[Cl][Tl],train
[Cl][Zn][Cl],train
[Cr],train
[Cu],train
[Fe],train
[Fe].[O]=[Fe][OH].[O]=[Fe][OH],train
[Ga+3],train
[Gd],train
[H-].[H-].[Sr+2],train
[I-].[Na+],train
[K+],train
[La],train
[Li+],train
[Li+].[OH-],train
[Mg+2],train
[N]=O,train
[Na+],train
[Na+].[O]=[99Tc](=[O])(=[O])[O-],train
[OH-],train
[Ra],train
[Se],train
[Sm],train
[Tc],train
[Y],train
[Zn],train
c1cc2c(c(NC3=NCCN3)c1)CCCC2,train
c1ccc(C2(N3CCCCC3)CCCCC2)cc1,train
c1ccc2[nH]c(-c3cscn3)nc2c1,train
c1ccc2c(CC3=NCCN3)cccc2c1,train
c1ccc2c(c1)CCCC2C1=NCCN1,train
c1cnc2cc3c(cc2n1)C1CNCC3C1,train
c1coc(CNc2ncnc3nc[nH]c23)c1,train
Brc1c(NC2=NCCN2)ccc2nccnc12,valid
C#CC1(O)CCC2C3CCC4=Cc5oncc5CC4(C)C3CCC21C,valid
C=C1C(=CC=C2CCCC3(C)C2CCC3C(C)C=CC(O)C2CC2)CC(O)CC1O,valid
C=C1C[C@@H]2[C@H](CC[C@]3(C)C(=O)CC[C@@H]23)[C@@]2(C)C=CC(=O)C=C12,valid
C=CC[N+]1([C@H]2CC3C4CCC5C[C@H](O)[C@@H](N6CCOCC6)C[C@]5(C)C4CC[C@]3(C)[C@H]2OC(C)=O)CCCC1.[Br-],valid
CC(=O)Oc1ccc(C(c2ccc(OC(C)=O)cc2)c2ccccn2)cc1,valid
CC(C)(C(=O)O)c1ccc(C(O)CCCN2CCC(C(O)(c3ccccc3)c3ccccc3)CC2)cc1,valid
CC(C)(C)NC(=O)C1CCC2C3CCC4NC(=O)C=CC4(C)C3CCC12C,valid
CC(C)(C)NC(=O)N[C@H](C(=O)N1C[C@H]2[C@@H]([C@H]1C(=O)NC(CC1CCC1)C(=O)C(N)=O)C2(C)C)C(C)(C)C,valid
CC(C)(C)NC(=O)[C@@H]1CC2CCCCC2CN1C[C@@H](O)[C@H](Cc1ccccc1)NC(=O)[C@H](CC(N)=O)NC(=O)c1ccc2ccccc2n1,valid
CC(C)(C)NCC(O)COc1cccc2c1CCC(=O)N2,valid
CC(C)(ON=C(C(=O)NC1C(=O)N2C(C(=O)[O-])=C(C[n+]3ccccc3)CSC12)c1csc(N)n1)C(=O)O,valid
CC(C)CC1C(=O)N2CCCC2C2(O)OC(NC(=O)C3C=C4c5cccc6[nH]c(Br)c(c56)CC4N(C)C3)(C(C)C)C(=O)N12,valid
CC(C)COCC(CN(Cc1ccccc1)c1ccccc1)N1CCCC1,valid
CC(C)C[C@H](NC(=O)[C@H](C)NC(=O)[C@H](CCC(=O)O)NC(=O)[C@@H](NC(=O)[C@H](CC(C)C)NC(=O)[C@H](Cc1cnc[nH]1)NC(=O)[C@H](CO)NC(=O)CNC(=O)[C@H](CS)NC(=O)[C@H](CC(C)C)NC(=O)[C@H](Cc1cnc[nH]1)NC(=O)[C@H](CCC(N)=O)NC(=O)[C@H](CC(N)=O)NC(=O)[C@@H](NC(=O)[C@@H](N)Cc1ccccc1)C(C)C)C(C)C)C(=O)N[C@@H](Cc1ccc(O)cc1)C(=O)N[C@@H](CC(C)C)C(=O)N[C@H](C(=O)N[C@@H](CS)C(=O)NCC(=O)N[C@@H](CCC(=O)O)C(=O)N[C@@H](CCCNC(=N)N)C(=O)NCC(=O)N[C@@H](Cc1ccccc1)C(=O)N[C@@H](Cc1ccccc1)C(=O)N[C@@H](Cc1ccc(O)cc1)C(=O)N[C@H](C(=O)N[C@@H](CCCCN)C(=O)N1CCC[C@H]1C(=O)N[C@H](C(=O)O)[C@@H](C)O)[C@@H](C)O)C(C)C.CC[C@H](C)[C@H](NC(=O)CN)C(=O)N[C@H](C(=O)N[C@@H](CCC(=O)O)C(=O)N[C@@H](CCC(N)=O)C(=O)N[C@@H](CS)C(=O)N[C@@H](CS)C(=O)N[C@H](C(=O)N[C@@H](CO)C(=O)N[C@H](C(=O)N[C@@H](CS)C(=O)N[C@@H](CO)C(=O)N[C@@H](CC(C)C)C(=O)N[C@@H](Cc1ccc(O)cc1)C(=O)N[C@@H](CCC(N)=O)C(=O)N[C@@H](CC(C)C)C(=O)N[C@@H](CCC(=O)O)C(=O)N[C@@H](CC(N)=O)C(=O)N[C@@H](Cc1ccc(O)cc1)C(=O)N[C@@H](CS)C(=O)N[C@@H](CC(N)=O)C(=O)O)[C@@H](C)CC)[C@@H](C)O)C(C)C,valid
CC(C)N=c1cc2n(-c3ccc(Cl)cc3)c3ccccc3nc-2cc1Nc1ccc(Cl)cc1,valid
CC(C)NCC(O)COc1ccc(CCOCC2CC2)cc1,valid
CC(C)[C@@H]1NC(=O)[C@H](CCCCN)NC(=O)[C@@H](Cc2c[nH]c3ccccc23)NC(=O)[C@H](Cc2ccc(O)cc2)NC(=O)[C@H](Cc2ccccc2)N(C)C(=O)[C@H](CCSCC(=O)NC[C@H](N)C(=O)N[C@@H](CCCCN)C(=O)N[C@@H](CS)C(=O)N[C@@H](CCCCN)C(N)=O)NC1=O,valid
CC(C)n1c(C=CC(O)CC(O)CC(=O)O)c(-c2ccc(F)cc2)c2ccccc21,valid
CC(CS)C(=O)N1CCCC1C(=O)O,valid
CC(O)(CS(=O)(=O)c1ccc(F)cc1)C(=O)Nc1ccc(C#N)c(C(F)(F)F)c1,valid
CC(c1cc2ccccc2s1)N(O)C(N)=O,valid
CC12CCC3C(=CCc4cc(OS(=O)(=O)O)ccc43)C1CCC2=O,valid
CC12CCC3c4ccc(O)cc4CCC3C1CCC2OC(=O)CCC1CCCC1,valid
CC1OC(OC2C(O)CC(OC3C(O)CC(OC4CCC5(C)C(CCC6C5CC(O)C5(C)C(C7=CC(=O)OC7)CCC65O)C4)OC3C)OC2C)CC(O)C1O,valid
CC1OC(OCC2OC(Oc3c(-c4ccc(OCCO)c(OCCO)c4)oc4cc(OCCO)cc(O)c4c3=O)C(O)C(O)C2O)C(O)C(O)C1O,valid
CC1OC2(CS1)CN1CCC2CC1,valid
CC=C1NC(=O)C2CSSCCC=CC(CC(=O)NC(C(C)C)C(=O)N2)OC(=O)C(C(C)C)NC1=O,valid
CC=CCC(C)C(O)C1C(=O)NC(CC)C(=O)N(C)CC(=O)N(C)C(CC(C)C)C(=O)NC(C(C)C)C(=O)N(C)C(CC(C)C)C(=O)NC(C)C(=O)NC(C)C(=O)N(C)C(CC(C)C)C(=O)N(C)C(CC(C)C)C(=O)N(C)C(C(C)C)C(=O)N1C,valid
CCC(=O)N(c1ccccc1)C1(C(=O)OC)CCN(CCC(=O)OC)CC1.Cl,valid
CCC(=O)N(c1ccccc1)C1CCN(CCc2ccccc2)CC1,valid
CCC(C(N)=O)N1CCCC1=O,valid
CCC(C)CCCCC(=O)NC(CCNCS(=O)(=O)[O-])C(=O)NC(C(=O)NC(CCNCS(=O)(=O)[O-])C(=O)NC1CCNC(=O)C(C(C)O)NC(=O)C(CCNCS(=O)(=O)[O-])NC(=O)C(CCNCS(=O)(=O)[O-])NC(=O)C(CC(C)C)NC(=O)C(CC(C)C)NC(=O)C(CCNCS(=O)(=O)[O-])NC1=O)C(C)O.[Na+].[Na+].[Na+].[Na+].[Na+],valid
CCC1(C)CC(=O)NC1=O,valid
CCC1=C(C)CN(C(=O)NCCc2ccc(S(=O)(=O)NC(=O)NC3CCC(C)CC3)cc2)C1=O,valid
CCCCCOc1ccc(-c2ccc(-c3ccc(C(=O)N[C@H]4C[C@@H](O)[C@@H](O)NC(=O)[C@@H]5[C@@H](O)[C@@H](C)CN5C(=O)[C@H]([C@@H](C)O)NC(=O)[C@H]([C@H](O)[C@@H](O)c5ccc(O)cc5)NC(=O)[C@@H]5C[C@@H](O)CN5C(=O)[C@H]([C@@H](C)O)NC4=O)cc3)cc2)cc1,valid
CCCCCc1cc(O)c2c(c1)OC(C)(C)C1CCC(C)=CC21,valid
CCCc1nc2c(C)cc(-c3nc4ccccc4n3C)cc2n1Cc1ccc(-c2ccccc2C(=O)O)cc1,valid
CCN(CC)CCOC(=O)C1(C2CCCCC2)CCCCC1,valid
CCN1CC(CCN2CCOCC2)C(c2ccccc2)(c2ccccc2)C1=O,valid
CCN[C@H]1CN(CCCOC)S(=O)(=O)c2sc(S(N)(=O)=O)cc21,valid
CCOC(=O)C(CCc1ccccc1)NC1CCCN2CCCC(C(=O)O)N2C1=O,valid
CCOC(=O)C1=C(COCCN)NC(C)=C(C(=O)OC)C1c1ccccc1Cl.O=S(=O)(O)c1ccccc1,valid
CCOC(=O)c1ncn2c1CN(C)C(=O)c1cc(F)ccc1-2,valid
CCOCCn1c(N2CCCN(C)CC2)nc2ccccc21,valid
CCOc1nc2cccc(C(=O)O)c2n1Cc1ccc(-c2ccccc2-c2nn[nH]n2)cc1,valid
CCOc1nc2cccc(C(=O)OC(C)OC(=O)OC3CCCCC3)c2n1Cc1ccc(-c2ccccc2-c2nn[nH]n2)cc1,valid
CC[C@H](C)[C@@H]1NC(=O)[C@H](CCCNC(=N)N)NC(=O)[C@H](CC(=O)O)NC(=O)[C@H](CCSC)NC(=O)[C@H](CCCCN)NC(=O)[C@H](CCCNC(=N)N)NC(=O)CNC(=O)[C@H](Cc2ccccc2)NC(=O)[C@@H](NC(=O)CNC(=O)[C@H](CO)NC(=O)CNC(=O)[C@H](CCC(N)=O)NC(=O)[C@@H](NC(=O)[C@H](CCSC)NC(=O)[C@H](CCCCN)NC(=O)[C@@H]2CCCN2C(=O)[C@@H](N)CO)C(C)C)CSSC[C@@H](C(=O)N[C@@H](CCCCN)C(=O)N[C@H](C(=O)N[C@@H](CC(C)C)C(=O)N[C@@H](CCCNC(=N)N)C(=O)N[C@@H](CCCNC(=N)N)C(=O)N[C@@H](CC2C=NC=N2)C(=O)O)C(C)C)NC(=O)CNC(=O)[C@H](CC(C)C)NC(=O)CNC(=O)[C@H](CO)NC(=O)[C@H](CO)NC(=O)[C@@H](CO)NC(=O)[C@H](CO)NC1=O,valid
CC[C@H](C)[C@H](NC(=O)[C@@H]1CCCN1C(=O)CNC(=O)[C@H](Cc1ccccc1)NC(=O)[C@H](CC(N)=O)NC(=O)[C@H](CC(N)=O)NC(=O)[C@H](CO)NC(=O)[C@H](CO)NC(=O)[C@H](Cc1cnc[nH]1)NC(=O)[C@@H](NC(=O)[C@H](CC(C)C)NC(=O)[C@H](Cc1ccccc1)NC(=O)[C@H](CC(N)=O)NC(=O)[C@H](C)NC(=O)[C@H](CC(C)C)NC(=O)[C@H](CCCNC(=N)N)NC(=O)[C@H](CCC(N)=O)NC(=O)[C@@H](NC(=O)[C@H](C)NC(=O)[C@H](CS)NC(=O)[C@@H](NC(=O)[C@H](C)NC(=O)[C@@H](NC(=O)[C@H](CC(N)=O)NC(=O)[C@H](CS)NC(=O)[C@@H](N)CCCCN)[C@@H](C)O)[C@@H](C)O)[C@@H](C)O)C(C)C)C(=O)N[C@@H](CC(C)C)C(=O)N1CCC[C@H]1C(=O)N1CCC[C@H]1C(=O)N[C@H](C(=O)N[C@@H](CC(N)=O)C(=O)N[C@H](C(=O)NCC(=O)N[C@@H](CO)C(=O)N[C@@H](CC(N)=O)C(=O)N[C@H](C(=O)N[C@@H](Cc1ccc(O)cc1)C(N)=O)[C@@H](C)O)C(C)C)[C@@H](C)O,valid
CC[C@H](C)[C@H](NC(=O)[C@H](CS)NC(=O)[C@H](CCCCN)NC(=O)[C@H](CC(N)=O)NC(=O)CNC(=O)[C@H](CCC(N)=O)NC(=O)CNC(=O)[C@H](CS)NC(=O)[C@@H](NC(=O)[C@H](CC(N)=O)NC(=O)[C@H](CO)NC(=O)CNC(=O)[C@H](CCC(=O)O)NC(=O)[C@H](CS)NC(=O)[C@H](CC(C)C)NC(=O)[C@H](CS)NC(=O)[C@H](CC(C)C)NC(=O)[C@H](CC(N)=O)NC(=O)[C@H](CCC(N)=O)NC(=O)CNC(=O)[C@H](CO)NC(=O)[C@H](CCC(=O)O)NC(=O)[C@@H](NC(=O)[C@H](CS)NC(=O)[C@H](CC(=O)O)NC(=O)[C@@H](NC(=O)[C@H](Cc1ccc(O)cc1)NC(=O)[C@@H](NC(=O)[C@@H](N)CC(C)C)[C@@H](C)O)[C@@H](C)O)[C@@H](C)O)C(C)C)C(=O)N[C@@H](CC(C)C)C(=O)NCC(=O)N[C@@H](CO)C(=O)N[C@@H](CC(=O)O)C(=O)NCC(=O)N[C@@H](CCC(=O)O)C(=O)N[C@@H](CCCCN)C(=O)N[C@@H](CC(N)=O)C(=O)N[C@@H](CCC(N)=O)C(=O)N[C@@H](CS)C(=O)N[C@H](C(=O)N[C@H](C(=O)NCC(=O)N[C@@H](CCC(=O)O)C(=O)NCC(=O)N[C@H](C(=O)N1CCC[C@H]1C(=O)N[C@@H](CCCCN)C(=O)N1CCC[C@H]1C(=O)N[C@@H](CCC(N)=O)C(=O)N[C@@H](CO)C(=O)N[C@@H](Cc1cnc[nH]1)C(=O)N[C@@H](CC(N)=O)C(=O)N[C@@H](CC(=O)O)C(=O)NCC(=O)N[C@@H](CC(=O)O)C(=O)N[C@@H](Cc1ccccc1)C(=O)N[C@@H](CCC(=O)O)C(=O)N[C@@H](CCC(=O)O)C(=O)N[C@H](C(=O)N1CCC[C@H]1C(=O)N[C@@H](CCC(=O)O)C(=O)N[C@@H](CCC(=O)O)C(=O)N[C@@H](Cc1ccc(O)cc1)C(=O)N[C@@H](CC(C)C)C(=O)N[C@@H](CCC(N)=O)C(=O)O)[C@@H](C)CC)[C@@H](C)O)[C@@H](C)O)C(C)C,valid
CCc1cc2c(cc1CC)CC(NCC(O)c1ccc(O)c3[nH]c(=O)ccc13)C2,valid
CCc1cccc2c3c([nH]c12)C(CC)(CC(=O)O)OCC3,valid
CCn1nc(C(=O)O)c(=O)c2cc3c(cc21)OCO3,valid
CN(C)CCC=C1c2ccccc2C=Cc2ccccc21,valid
CN(C)CCC=C1c2ccccc2CSc2ccccc21,valid
CN(C)CCCC1(c2ccc(F)cc2)OCc2cc(C#N)ccc21,valid
CN(C)CCOC(=O)C(c1ccccc1)C1(O)CCCC1,valid
CN(C)CCOC(c1ccccc1)c1ccccc1.Cn1c(=O)c2[nH]c(Cl)nc2n(C)c1=O,valid
CN(Cc1cc(Br)cc(Br)c1N)C1CCCCC1,valid
CN(Cc1ccc(C(C)(C)C)cc1)Cc1cccc2ccccc12,valid
CN1C(=O)CC(=O)N(c2ccccc2)c2cc(Cl)ccc21,valid
CN1CC(C(=O)NC2(C)OC3(O)C4CCCN4C(=O)C(Cc4ccccc4)N3C2=O)C=C2c3cccc4[nH]cc(c34)CC21,valid
CN1CC(C(=O)NC2(C)OC3(O)C4CCCN4C(=O)C(Cc4ccccc4)N3C2=O)CC2c3cccc4[nH]cc(c34)CC21,valid
CN1CCC(=C2c3ccccc3C=Cc3ccccc32)CC1,valid
CN1CCC(=C2c3ccccc3CCc3sccc32)CC1,valid
CN1CCCC1CCOC(C)(c1ccccc1)c1ccc(Cl)cc1,valid
CN1CCN(C2=c3ccccc3=Nc3ccc(Cl)cc3N2)CC1,valid
CN=C1CN(O)C(c2ccccc2)=c2cc(Cl)ccc2=N1,valid
CNCC[C@H](Oc1cccc2ccccc12)c1cccs1.Cl,valid
CN[C@H]1C(=O)N[C@@H]2Cc3ccc(cc3)Oc3cc4cc(c3O[C@@H]3O[C@H](C(=O)O)[C@@H](O)[C@H](O)[C@H]3NC(=O)CCCCCCCCC(C)C)Oc3ccc(cc3Cl)[C@@H](O)[C@@H]3NC(=O)[C@H](NC(=O)[C@@H]4NC(=O)[C@@H](NC2=O)c2cc(cc(O)c2Cl)Oc2ccc1cc2O)c1ccc(O)c(c1)-c1c(O[C@H]2O[C@H](CO)[C@@H](O)[C@H](O)[C@@H]2O)cc(O)cc1[C@@H](C(=O)NCCCN(C)C)NC3=O,valid
COC(=O)C1C(OC(=O)c2ccccc2)CC2CCC1N2C,valid
COC1(NC(=O)Cc2cccs2)C(=O)N2C(C(=O)[O-])=C(COC(N)=O)CSC21,valid
COC12CCC3(CC1C(C)(O)C(C)(C)C)C1Cc4ccc(O)c5c4C3(CCN1CC1CC1)C2O5,valid
COCc1c(C(C)C)nc(C(C)C)c(C=CC(O)CC(O)CC(=O)O)c1-c1ccc(F)cc1,valid
CON=C(C(=O)NC1C(=O)N2C(C(=O)[O-])=C(CSc3nc(=O)c([O-])nn3C)CSC12)c1csc(N)n1,valid
CON=C(C(=O)NC1C(=O)N2C(C(=O)[O-])=C(C[N+]3(C)CCCC3)CSC12)c1csc(N)n1,valid
COc1cc2c(c(OC)c1OC)-c1ccc(OC)c(=O)cc1C(NC(C)=O)CC2,valid
COc1cc2c(cc1O)CCNC21CSC2c3c(OC(C)=O)c(C)c4c(c3C(COC1=O)N1C(O)C3Cc5cc(C)c(OC)c(O)c5C(C21)N3C)OCO4,valid
COc1cc2c(cc1OC)C(=O)C(CC1CCN(Cc3ccccc3)CC1)C2,valid
COc1cc2nc(N3CCN(C(=O)C4COc5ccccc5O4)CC3)nc(N)c2cc1OC,valid
COc1ccc(-c2ccc3cc(C(=O)O)ccc3c2)cc1C12CC3CC(CC(C3)C1)C2,valid
COc1ccc(C2Sc3ccccc3N(CC[NH+](C)C)C(=O)C2OC(C)=O)cc1,valid
COc1ccc(CC(C)(C)NCC(O)c2cc(O)cc3c2OCC(=O)N3)cc1,valid
COc1ccc(CC(C)NCC(O)c2ccc(O)c(NC=O)c2)cc1,valid
COc1ccc(CCN(C)CCCC(C#N)(c2ccc(OC)c(OC)c2)C(C)C)cc1OC,valid
COc1ccc(Cl)cc1C(=O)NCCc1ccc(S(=O)(=O)NC(=O)NC2CCCCC2)cc1,valid
COc1ccc2c3c1OC1C(O)CCC4C(C2)N(C)CCC341,valid
COc1ccc2c3c1OC1CC(O)C=CC31CCN(C)C2,valid
COc1ccccc1OCCNCC(O)COc1cccc2[nH]c3ccccc3c12,valid
C[C@@H](O)[C@H]1C(=O)N2C(C(=O)O)=C(S[C@@H]3CN[C@H](C(=O)Nc4cccc(C(=O)O)c4)C3)[C@H](C)[C@H]12,valid
C[N+]1(C)C2CC(OC(=O)C(O)(c3cccs3)c3cccs3)CC1C1OC12.[Br-],valid
Cc1c(-c2ccccc2)oc2c(C(=O)OCCN3CCCCC3)cccc2c1=O,valid
Cc1c(O)c(=O)ccn1C,valid
Cc1cc(C2CCCCC2)n(O)c(=O)c1,valid
Cc1cc2c(cc1CC(=O)c1sccc1S(=O)(=O)Nc1onc(C)c1Cl)OCO2,valid
Cc1ccc(-c2cc(C(F)(F)F)nn2-c2ccc(S(N)(=O)=O)cc2)cc1,valid
Cc1ccc(S(=O)(=O)NC(=O)NN2CC3CCCC3C2)cc1,valid
Cc1cccc([C@@H](C)c2cnc[nH]2)c1C,valid
Cc1ccccc1C(=O)Nc1ccc(C(=O)N2CCCC(O)c3cc(Cl)ccc32)c(C)c1,valid
Cc1cn[nH]c1,valid
Cc1cnc(C(=O)NCCc2ccc(S(=O)(=O)NC(=O)NC3CCCCC3)cc2)cn1,valid
Cc1cnc(C(=O)O)c[n+]1[O-],valid
Cc1nc(-c2ccc(OCC(C)C)c(C#N)c2)sc1C(=O)O,valid
Cc1nnc(SCC2=C(C(=O)[O-])N3C(=O)C(NC(=O)Cn4cnnn4)C3SC2)s1,valid
Clc1ccccc1C(c1ccccc1)(c1ccccc1)n1ccnc1,valid
Cn1nnc(-c2ccc(-c3ccc(N4C[C@H](CO)OC4=O)cc3F)cn2)n1,valid
NC(=O)CCC1NC(=O)C(Cc2ccccc2)NC(=O)C(Cc2ccc(O)cc2)NC(=O)C(N)CSSCC(C(=O)N2CCCC2C(=O)NC(CCCN=C(N)N)C(=O)NCC(N)=O)NC(=O)C(CC(N)=O)NC1=O.NCCCCC(NC(=O)C1CCCN1C(=O)C1CSSCC(N)C(=O)NC(Cc2ccc(O)cc2)C(=O)NC(Cc2ccccc2)C(=O)NC(CCC(N)=O)C(=O)NC(CC(N)=O)C(=O)N1)C(=O)NCC(N)=O,valid
NC(=O)N1c2ccccc2C=Cc2ccccc21,valid
NC1=NCC2c3ccccc3Cc3ccccc3N12,valid
NCCCC(N)CC(=O)NCC1NC(=O)C(CO)NC(=O)C(N)CNC(=O)C(C2CCN=C(N)N2)NC(=O)C(=CNC(N)=O)NC1=O,valid
NCCNc1ccc(NCCN)c2c1C(=O)c1ccncc1C2=O,valid
NS(=O)(=O)c1cc(C(=O)O)c(NCc2ccco2)cc1Cl,valid
NS(=O)(=O)c1cc(C2(O)NC(=O)c3ccccc32)ccc1Cl,valid
N[C@@H](CC(=O)N1CCn2c(nnc2C(F)(F)F)C1)Cc1cc(F)c(F)cc1F,valid
Nc1ccc(S(=O)(=O)c2ccc(N)cc2)cc1,valid
Nc1cccc2c1CN(C1CCC(=O)NC1=O)C2=O,valid
Nc1nc(=O)c2nc(CNc3ccc(C(=O)NC(CCC(=O)O)C(=O)O)cc3)cnc2[nH]1,valid
Nc1nc(C(=CCC(=O)O)C(=O)NC2C(=O)N3C(C(=O)O)=CCSC23)cs1,valid
Nc1nc(CC(=O)Nc2ccc(CCNC[C@H](O)c3ccccc3)cc2)cs1,valid
O=C(CCCN1CC=C(n2c(=O)[nH]c3ccccc32)CC1)c1ccc(F)cc1,valid
O=C(NCC1CN(c2ccc(N3CCOCC3=O)cc2)C(=O)O1)c1ccc(Cl)s1,valid
O=C(O)CCCN1CCC(OC(c2ccc(Cl)cc2)c2ccccn2)CC1,valid
O=C(OC1CC2CC3CC(C1)N2CC3=O)c1c[nH]c2ccccc12,valid
O=C([NH2+]CC1CCCCN1)c1cc(OCC(F)(F)F)ccc1OCC(F)(F)F,valid
O=C([O-])CCSC[C@H]1O[C@@H]2O[C@H]3[C@H](O)[C@@H](O)[C@@H](O[C@H]4[C@H](O)[C@@H](O)[C@@H](O[C@H]5[C@H](O)[C@@H](O)[C@@H](O[C@H]6[C@H](O)[C@@H](O)[C@@H](O[C@H]7[C@H](O)[C@@H](O)[C@@H](O[C@H]8[C@H](O)[C@@H](O)[C@@H](O[C@H]9[C@H](O)[C@@H](O)[C@@H](O[C@H]1[C@H](O)[C@H]2O)O[C@@H]9CSCCC(=O)[O-])O[C@@H]8CSCCC(=O)[O-])O[C@@H]7CSCCC(=O)[O-])O[C@@H]6CSCCC(=O)[O-])O[C@@H]5CSCCC(=O)[O-])O[C@@H]4CSCCC(=O)[O-])O[C@@H]3CSCCC(=O)[O-].[Na+].[Na+].[Na+].[Na+].[Na+].[Na+].[Na+].[Na+],valid
O=C([O-])c1cc(=O)c2c(OCC(O)COc3cccc4oc(C(=O)[O-])cc(=O)c34)cccc2o1,valid
O=C1CC2(CCCC2)CC(=O)N1CCCCN1CCN(c2ncccn2)CC1,valid
O=C1CCc2cc(OCCCCc3nnnn3C3CCCCC3)ccc2N1,valid
O=C1CCc2ccc(OCCCCN3CCN(c4cccc(Cl)c4Cl)CC3)cc2N1,valid
O=C1CN(N=Cc2ccc(-c3ccc([N+](=O)[O-])cc3)o2)C([O-])=N1,valid
O=C1CN=C(c2ccccn2)c2cc(Br)ccc2N1,valid
O=C1Nc2ccc(Cl)cc2C(C#CC2CC2)(C(F)(F)F)O1,valid
O=C1[C@H](CC[C@H](O)c2ccc(F)cc2)[C@@H](c2ccc(O)cc2)N1c1ccc(F)cc1,valid
O=c1[nH]c2cc(Cl)ccc2o1,valid
O=c1[nH]c2ccccc2n1CCCN1CCC(n2c(=O)[nH]c3cc(Cl)ccc32)CC1,valid
O=c1[nH]cc(F)c(=O)[nH]1,valid
O=c1nc[nH]c2c1ncn2C1CCC(CO)O1,valid
OC(Cn1cncn1)(Cn1cncn1)c1ccc(F)cc1F,valid
OCCN(CCO)c1nc(N2CCCCC2)c2nc(N(CCO)CCO)nc(N3CCCCC3)c2n1,valid
Oc1ccc(C2C[NH2+]CCc3c2cc(O)c(O)c3Cl)cc1,valid
Oc1ccc2c(c1)C13CCCCC1(O)C(C2)N(CC1CCC1)CC3,valid
Oc1ccc2c(c1)CC[C@H](c1ccccc1)[C@@H]2c1ccc(OCCN2CCCC2)cc1,valid
Oc1cccc(-c2c3nc(c(-c4cccc(O)c4)c4ccc([nH]4)c(-c4cccc(O)c4)c4nc(c(-c5cccc(O)c5)c5ccc2[nH]5)CC4)C=C3)c1,valid
