smiles,split
Brc1c(NC2=NCCN2)ccc2nccnc12,test
C#CCN1C(=O)COc2cc(F)c(N3C(=O)C4=C(CCCC4)C3=O)cc21,test
C#CCN1CC(=O)N(COC(=O)[C@@H]2[C@@H](C=C(C)C)C2(C)C)C1=O,test
C#C[C@]1(O)C=C[C@H]2[C@@H]3CCC4=CC(=O)CC[C@@H]4[C@H]3CC[C@@]21CC,test
C#C[C@]1(O)CC[C@H]2[C@@H]3CCC4=Cc5oncc5C[C@]4(C)[C@H]3CC[C@@]21C,test
C#Cc1cccc(Nc2ncnc3cc(OCCOC)c(OCCOC)cc23)c1,test
C(=C/C=N/c1ccccc1)\C=C\Nc1ccccc1,test
C(CCOCC1CO1)COCC1CO1,test
C(COCC1CO1)OCC1CO1,test
C/C(=C(/CCO)SSCC1CCCO1)N(C=O)Cc1cnc(C)nc1N,test
C/C(=C(/OCCOc1ccc(Cl)cc1)c1ccc(Cl)cc1Cl)n1ccnc1,test
C/C(=C(\CCOC(=O)c1ccccc1)SS/C(CCOC(=O)c1ccccc1)=C(/C)N(C=O)Cc1cnc(C)nc1N)N(C=O)Cc1cnc(C)nc1N,test
C/C(=C\C(=O)OCCCCCCCCC(=O)O)C[C@@H]1OC[C@H](C[C@@H]2O[C@H]2[C@@H](C)[C@H](C)O)[C@@H](O)[C@H]1O,test
C/C(=C\c1csc(C)n1)C1C[C@@H]2O[C@]2(C)CCC[C@H](C)C(O)[C@@H](C)C(=O)C(C)(C)[C@@H](O)CC(=O)O1,test
C/C(=N\NC(=O)Nc1cc(F)cc(F)c1)c1ncccc1C(=O)[O-],test
C/C=C/C[C@@H](C)[C@@H](O)[C@H]1C(=O)N[C@@H](CC)C(=O)N(C)CC(=O)N(C)[C@@H](CC(C)C)C(=O)N[C@@H](C(C)C)C(=O)N(C)[C@@H](CC(C)C)C(=O)N[C@@H](C)C(=O)N[C@H](C)C(=O)N(C)[C@@H](CC(C)C)C(=O)N(C)[C@@H](CC(C)C)C(=O)N(C)[C@@H](C(C)C)C(=O)N1C,test
C/C=C1\[C@H]2C=C(C)C[C@]1(N)c1ccc(=O)[nH]c1C2,test
C1=CCC(c2ccccc2)CC1,test
C1=CCCC=CCC1,test
C1=CC[C]([Ti+2][C]2=CC=CC2)=C1,test
C1=Cc2cccc3cccc1c23,test
C1CC(COCC2CO2)CCC1COCC1CO1,test
C1CCC2(CCCCO2)OC1,test
C1CCC2=NCCCN2CC1,test
C1CN(CCOCCN2CCOCC2)CCO1,test
C1CN(P2(N3CC3)=NP(N3CC3)(N3CC3)=NP(N3CC3)(N3CC3)=N2)CCO1,test
C1CS1,test
C=C(c1ccc(C(=O)O)cc1)c1cc2c(cc1C)C(C)(C)CCC2(C)C,test
C=C1C[C@H]2[C@@H]3C=C(C)C4=CC(=O)CC[C@]4(C)[C@H]3CC[C@]2(C)[C@@]1(OC(C)=O)C(C)=O,test
C=C1C[C@]23CC[C@H]4[C@](C)(CCC[C@@]4(C)C(=O)O[C@@H]4O[C@H](CO)[C@@H](O)[C@H](O)[C@H]4O)[C@@H]2C[C@@H](O[C@@H]2O[C@H](CO)[C@@H](O)[C@H](O[C@@H]4O[C@H](CO)[C@@H](O)[C@H](O)[C@H]4O)[C@H]2OC2O[C@H](CO)[C@@H](O)[C@H](O)[C@H]2O)[C@@H]1C3,test
C=C1c2c(Cl)ccc(O)c2C(=O)C2=C(O)[C@]3(O)C(=O)C(C(N)=O)=C(O)[C@@H](N(C)C)[C@@H]3[C@@H](O)[C@H]12.O=C(O)c1cc(S(=O)(=O)O)ccc1O,test
C=CC(=O)Nc1cc2c(Nc3ccc(F)c(Cl)c3)ncnc2cc1OCCCN1CCOCC1,test
C=CCN1C(=O)C(CC(C)C)NC1=S,test
C=CCNC1=C2C[C@@H](C)C[C@H](OC)[C@H](O)[C@@H](C)C=C(C)[C@H](OC(N)=O)[C@@H](OC)C=CC=C(C)C(=O)NC(=CC1=O)C2=O,test
C=CCOC(=O)C(C)(C)OC(=O)c1cc(-n2c(=O)cc(C(F)(F)F)n(C)c2=O)ccc1Cl,test
C=CCOC(Cn1ccnc1)c1ccc(Cl)cc1Cl,test
C=CCc1ccc(OC(=O)Cc2ccccc2)c(OC)c1,test
C=C[C@H]1CN2CC[C@H]1C[C@H]2[C@H](O)c1ccnc2ccc(OC)cc12.C=C[C@H]1CN2CC[C@H]1C[C@H]2[C@H](O)c1ccnc2ccc(OC)cc12,test
C=Cc1c(C)c2cc3nc(c(CC(=O)[O-])c4[n-]c(cc5nc(cc1[n-]2)C(C)=C5CC)c(C)c4C(=O)[O-])C(CCC(=O)[O-])C3C.[Cu+2],test
CC#CCC(C)[C@H](O)/C=C/[C@@H]1[C@H]2c3cccc(CCCC(=O)[O-])c3O[C@H]2C[C@H]1O,test
CC(=C\c1ccccc1)/C=C1/SC(=S)N(CC(=O)O)C1=O,test
CC(=O)C1C(=O)C=C(C)OC1=O,test
CC(=O)CC(=O)Nc1ccc2[nH]c(=O)[nH]c2c1,test
CC(=O)N1CCN(c2ccc(OC[C@H]3CO[C@](Cn4ccnc4)(c4ccc(Cl)cc4Cl)O3)cc2)CC1,test
CC(=O)NC1(c2cccc(F)c2)CCN(CC[C@@]2(c3ccc(Cl)c(Cl)c3)CN(c3ccccc3)C(=O)CO2)CC1.O=C(O)CCC(=O)O,test
CC(=O)Nc1c(I)c(C(=O)N[C@H]2C(O)O[C@H](CO)[C@@H](O)[C@@H]2O)c(I)c(N(C)C(C)=O)c1I,test
CC(=O)Nc1ccc(OCCOCCOc2ccc(NC(C)=O)cc2)cc1,test
CC(=O)OCC(=O)[C@@]1(O)CC[C@H]2[C@@H]3CCC4=CC(=O)CC[C@]4(C)C3=CC[C@@]21C,test
CC(=O)OCC(=O)[C@@]12OC3(CCCC3)O[C@@H]1C[C@H]1[C@@H]3CCC4=CC(=O)C=C[C@]4(C)[C@@]3(F)[C@@H](O)C[C@@]12C,test
CC(=O)OC[C@H]1O[C@@H](O[C@H]2[C@H](O)[C@@H](OC(=O)c3ccccc3C(=O)O)[C@H](O)O[C@@H]2COC(C)=O)[C@H](O)[C@@H](OC(=O)c2ccccc2C(=O)O)[C@@H]1O,test
CC(=O)O[C@@H]1C(=O)O[C@@H]2[C@H]1OC(=O)[C@@H]2OC(C)=O,test
CC(=O)O[C@@]12CO[C@@H]1C[C@H](O)[C@@]1(C)C(=O)[C@H](O)C3=C(C)[C@@H](OC(=O)[C@H](O)[C@@H](NC(=O)OC(C)(C)C)c4ccccc4)C[C@@](O)([C@@H](OC(=O)c4ccccc4)[C@H]21)C3(C)C,test
CC(=O)O[C@H]1C(=O)[C@@]2(C)[C@H]([C@H](OC(=O)c3ccccc3)[C@]3(O)C[C@H](OC(=O)[C@H](O)[C@@H](NC(=O)c4ccccc4)c4ccccc4)C(C)=C1C3(C)C)[C@]1(OC(C)=O)CO[C@@H]1C[C@@H]2O,test
CC(=O)O[C@H]1CC[C@@]2(C)C(=CC[C@@H]3[C@@H]2CC[C@]2(C)C(C(C)=O)=CC[C@@H]32)C1,test
CC(=O)O[C@H]1C[C@@H]2CC[C@@H]3[C@H](CC[C@@]4(C)[C@H]3C[C@H](N3CC[N+](C)(C)CC3)[C@@H]4OC(C)=O)[C@@]2(C)C[C@@H]1N1CC[N+](C)(C)CC1,test
CC(=O)O[C@H]1C[C@@H]2CC[C@@H]3[C@H](CC[C@@]4(C)[C@H]3C[C@H]([N+]3(C)CCCCC3)[C@@H]4OC(C)=O)[C@@]2(C)C[C@@H]1[N+]1(C)CCCCC1,test
CC(=O)O[C@]1(C(C)=O)CC[C@H]2[C@@H]3C=C(Cl)C4=CC(=O)[C@@H]5C[C@@H]5[C@]4(C)[C@H]3CC[C@@]21C,test
CC(=O)Oc1ccc(C(=C2CCCCC2)c2ccc(OC(C)=O)cc2)cc1,test
CC(=O)Oc1ccc(C(c2ccc(OC(C)=O)cc2)c2ccccn2)cc1,test
CC(C(=O)O)c1ccc(C2CCCCC2)c2ccccc12,test
CC(C(=O)O)c1ccc(CC2CCCC2=O)cc1,test
CC(C(=O)O)c1ccc2c(c1)CC(=O)c1ccccc1S2,test
CC(C(O)c1ccccc1)N(C)C/C=C/c1ccccc1,test
CC(C(O)c1ccccc1)N(C)CCOC(c1ccccc1)c1ccccc1,test
CC(C)(C(=O)c1cccnc1)c1cccnc1,test
CC(C)(C)NC(=O)[C@H]1CC[C@H]2[C@@H]3CC[C@H]4NC(=O)C=C[C@]4(C)[C@H]3CC[C@]12C,test
CC(C)(C)NCC(O)CSc1nc(-c2ccc(C(N)=O)s2)cs1,test
CC(C)(C)NC[C@H](O)COc1nsnc1N1CCOCC1,test
CC(C)(C)OC(=O)c1ncn2c1[C@@H]1CCCN1C(=O)c1c(Br)cccc1-2,test
CC(C)(C)[C@]1(O)CCN2C[C@H]3c4ccccc4CCc4cccc(c43)[C@@H]2C1,test
CC(C)(C)c1cc(/C=C2\SC(=N)NC2=O)cc(C(C)(C)C)c1O,test
CC(C)(C)c1ccc(C(=O)CCCN2CCC(OC(c3ccccc3)c3ccccc3)CC2)cc1,test
CC(C)(C)c1ccc(CSc2cnn(C(C)(C)C)c(=O)c2Cl)cc1,test
CC(C)(O)[C@@H]1[C@H]2OC(=O)[C@@H]1[C@]1(O)C[C@H]3O[C@]34C(=O)O[C@H]2[C@]14C,test
CC(C)(O)c1ccccc1CC[C@@H](SCC1(CC(=O)[O-])CC1)c1cccc(/C=C/c2ccc3ccc(Cl)cc3n2)c1,test
CC(C)(OOC(C)(C)c1ccccc1)c1ccccc1,test
CC(C)(Sc1cc(C(C)(C)C)c(O)c(C(C)(C)C)c1)Sc1cc(C(C)(C)C)c(O)c(C(C)(C)C)c1,test
CC(C)(c1ccccc1)c1cc(-n2nc3ccccc3n2)c(O)c(C(C)(C)c2ccccc2)c1,test
CC(C)(c1ccccc1)c1ccc(Nc2ccc(C(C)(C)c3ccccc3)cc2)cc1,test
CC(C)=C1CC[C@@H](C)CC1=O,test
CC(C)C(=O)OCC(=O)[C@@]12O[C@H](C3CCCCC3)O[C@@H]1C[C@H]1[C@@H]3CCC4=CC(=O)C=C[C@]4(C)[C@H]3[C@@H](O)C[C@@]12C,test
CC(C)CN(C[C@@H](O)[C@H](Cc1ccccc1)NC(=O)O[C@H]1CO[C@H]2OCC[C@H]21)S(=O)(=O)c1ccc(N)cc1,test
CC(C)COCC(CN(Cc1ccccc1)c1ccccc1)N1CCCC1,test
CC(C)C[C@H](NC(=O)[C@@H](Cc1c[nH]c2ccccc12)NC(=O)[C@H](Cc1ccc(O)cc1)NC(=O)[C@H](CO)NC(=O)[C@H](Cc1c[nH]c2ccccc12)NC(=O)[C@H](Cc1c[nH]cn1)NC(=O)[C@@H]1CCC(=O)N1)C(=O)N[C@@H](CCCNC(=N)N)C(=O)N1CCC[C@@H]1C(=O)NCC(N)=O.O=C(O)c1cc2ccccc2c(Cc2c(O)c(C(=O)O)cc3ccccc23)c1O,test
CC(C)C[C@H](NC(=O)[C@H](CCc1ccccc1)NC(=O)CN1CCOCC1)C(=O)N[C@@H](Cc1ccccc1)C(=O)N[C@@H](CC(C)C)C(=O)[C@@]1(C)CO1,test
CC(C)C[C@H](NC(=O)[C@H](Cc1ccccc1)NC(=O)c1cnccn1)B(O)O,test
CC(C)C[C@H]1C(=O)N2CCC[C@H]2[C@]2(O)O[C@](NC(=O)[C@@H]3C=C4c5cccc6[nH]c(Br)c(c56)C[C@H]4N(C)C3)(C(C)C)C(=O)N12,test
CC(C)C[C@H]1C(=O)N2CCC[C@H]2[C@]2(O)O[C@](NC(=O)[C@@H]3C[C@@H]4c5cccc6[nH]cc(c56)C[C@H]4N(C)C3)(C(C)C)C(=O)N12,test
CC(C)N(C(=O)COc1nnc(C(F)(F)F)s1)c1ccc(F)cc1,test
CC(C)Oc1cc(-n2nc(C(C)(C)C)oc2=O)c(Cl)cc1Cl,test
CC(C)c1nc(CN(C)C(=O)N[C@H](C(=O)N[C@@H](Cc2ccccc2)C[C@H](O)[C@H](Cc2ccccc2)NC(=O)OCc2cncs2)C(C)C)cs1,test
CC(C)c1nnc2ccc(-c3ocnc3-c3cc(F)ccc3F)cn12,test
CC(C)n1nc(-c2cc3cc(O)ccc3[nH]2)c2c(N)ncnc21,test
CC(C/N=C/c1ccccc1O)/N=C/c1ccccc1O,test
CC(CN(C)C)CN1c2ccccc2S(=O)(=O)c2ccccc21,test
CC(CN1c2ccccc2Sc2cccnc21)N(C)C,test
CC(CNC(=O)c1cccnc1)NC(=O)c1cccnc1,test
CC(COc1ccccc1)N(CCCl)Cc1ccccc1,test
CC(Cc1ccccc1)NCCn1cnc2c1c(=O)n(C)c(=O)n2C,test
CC(NCCC(c1ccccc1)c1ccccc1)c1ccccc1,test
CC(NNC(=O)c1ccccc1)c1ccccc1,test
CC(Oc1c(Cl)cccc1Cl)C1=NCCN1,test
CC/C=C1/OC(=O)c2ccccc21,test
CC1(C)C(/C=C\C=C/C=C\C=C2\N(CCCCS(=O)(=O)[O-])c3ccc4ccccc4c3C2(C)C)=[N+](CCCCS(=O)(=O)[O-])c2ccc3ccccc3c21,test
CC1(C)C2=CCCC(C)(C)[C@]23CC[C@H]1C3,test
CC1(C)CCC(=Cc2ccc(Cl)cc2)C1(O)Cn1cncn1,test
CC1(C)CCC(C)(C)c2cc(C(=O)Nc3ccc(C(=O)O)cc3)ccc21,test
CC1(C)CCC[C@]2(C)[C@H]3CCO[C@]3(C)CC[C@@H]12,test
CC1(C)CNC(=NN=C(/C=C/c2ccc(C(F)(F)F)cc2)/C=C/c2ccc(C(F)(F)F)cc2)NC1,test
CC1(C)Oc2ccc(C#N)cc2[C@@H](N2CCCC2=O)[C@@H]1O,test
CC1(C)S[C@@H]2[C@H](NC(=O)C3(N)CCCCC3)C(=O)N2[C@H]1C(=O)O,test
CC1(COc2ccc(CC3SC(=O)NC3=O)cc2)CCCCC1,test
CC1(S(=O)(=O)[O-])CC(=O)c2ccccc2C1=O,test
CC1(c2ccccc2)OC(C(=O)O)=CC1=O,test
CC12CC1(C)C(=O)N(c1cc(Cl)cc(Cl)c1)C2=O,test
CC12CCC(CC1)C(C)(C)O2,test
CC12CCCC=C1C(=O)OC2=O,test
CC1=C(/C=C/C(C)=C/C=C/C(C)=C/C(=O)Oc2c(C)c(C)c3c(c2C)CC[C@@](C)(CCC[C@H](C)CCC[C@H](C)CCCC(C)C)O3)C(C)(C)CCC1,test
CC1=C(/C=C/C(C)=C/C=C/C(C)=C/C=C\C=C(C)\C=C\C=C(C)\C=C\C2=C(C)C(=O)CCC2(C)C)C(C)(C)CCC1=O,test
CC1=C(C(=O)Nc2ccccc2)S(=O)(=O)CCO1,test
CC1=C(C(=O)Nc2ccccc2)SCCO1,test
CC1=C(C)C(=O)C(C(CCCCCC(=O)O)c2ccccc2)=C(C)C1=O,test
CC1=C(C)S(=O)(=O)CCS1(=O)=O,test
CC1=C2C[C@H]3[C@@H](CC=C4C[C@@H](O)CC[C@@]43C)[C@@H]2CC[C@]12O[C@@H]1C[C@H](C)CN[C@H]1[C@H]2C,test
CC1=C2N=C(C=C3N=C(C(C)=C4[C@@H](CCC(N)=O)[C@](C)(CC(N)=O)[C@](C)([C@@H]5N=C1[C@](C)(CCC(=O)NC[C@@H](C)OP(=O)([O-])O[C@H]1[C@@H](O)[C@@H](n6cnc7cc(C)c(C)cc76)O[C@@H]1CO)[C@H]5CC(N)=O)[N]4[Co+][C]#N)[C@@](C)(CC(N)=O)[C@@H]3CCC(N)=O)C(C)(C)[C@@H]2CCC(N)=O,test
CC1=C2[C@H]3OC(=O)[C@@H](C)[C@@H]3CC[C@@]2(C)C=CC1=O,test
CC1=CC(=O)[C@H]2C[C@@H]1C2(C)C,test
CC1=CCC(C(C)C)=CC1,test
CC1=CCC2C(C1)C2(C)C,test
CC1=NC(C)OC1C,test
CC1=NN(c2ccc(C)c(C)c2)C(=O)/C1=N/Nc1cccc(-c2cccc(C(=O)O)c2)c1O,test
CC1C2CC(CC2C2CCCC(O)C2)C1(C)C,test
CC1CC(OC(=O)C(O)c2ccccc2)CC(C)(C)N1C,test
CC1CCCC(=O)C1=O,test
CC1CCCC(C)N1NC(=O)c1ccc(Cl)c(S(N)(=O)=O)c1,test
CC1CCN(CCCC(=O)c2ccc(F)cc2)CC1,test
CC1CCc2nccnc21,test
CC1CN1,test
CC1CN1P(=O)(N1CC1C)N1CC1C,test
CC1COC(Cn2cncn2)(c2ccc(Oc3ccc(Cl)cc3)cc2Cl)O1,test
CC1COc2c(N3CCN(C)CC3)c(F)cc3c(=O)c(C(=O)O)cn1c23,test
CC1Cc2ccccc2N1NC(=O)c1ccc(Cl)c(S(N)(=O)=O)c1,test
CC1OC(=O)C(C)OC1=O,test
CC1OCCC1=O,test
CC=C1CC2C=CC1C2,test
CCC(=O)N(c1ccccc1)C1CCN(Cc2cccs2)CC1,test
CCC(=O)NCCC1CCc2ccc3c(c21)CCO3,test
CCC(=O)O[C@H]1[C@@H](N2CCCCC2)C[C@H]2[C@@H]3CC[C@H]4C[C@H](OC(C)=O)[C@@H](N5CCCCC5)C[C@]4(C)[C@H]3CC[C@@]21C,test
CCC(C)C1N=C(C)C(C)S1,test
CCC(C)n1ncn(-c2ccc(N3CCN(c4ccc(OC[C@H]5CO[C@](Cn6cncn6)(c6ccc(Cl)cc6Cl)O5)cc4)CC3)cc2)c1=O,test
CCC1(C)CC(=O)NC(=O)C1,test
CCC1(C2=NCCN2)Cc2ccccc2O1,test
CCC1(c2cccc(O)c2)CCCCN(C)C1,test
CCC1(c2cnc[nH]2)Cc2ccccc2C1,test
CCC12COCN1COC2,test
CCC1=C(C)CN(C(=O)NCCc2ccc(S(=O)(=O)NC(=O)N[C@H]3CC[C@H](C)CC3)cc2)C1=O,test
CCC1NC(=O)c2cc(S(N)(=O)=O)c(Cl)cc2N1,test
CCC1OCC(COc2ccc(Oc3ccccc3)cc2)O1,test
CCCC(=O)N1CCCN(c2nc(N)c3cc(OC)c(OC)cc3n2)CC1,test
CCCC(CCC)C(=O)O[C@H]1C[C@H]2CC[C@@H](C1)[N+]2(C)C,test
CCCC1CCOC(C)S1,test
CCCCC(=O)N(Cc1ccc(-c2ccccc2-c2nnn[nH]2)cc1)[C@@H](C(=O)O)C(C)C,test
CCCCC(CC)CN1CN(CC(CC)CCCC)CC(C)(N)C1,test
CCCCC1=NC2(CCCC2)C(=O)N1Cc1ccc(-c2ccccc2-c2nnn[nH]2)cc1,test
CCCCCOC(=O)COc1cc(N2C(=O)C3=C(CCCC3)C2=O)c(F)cc1Cl,test
CCCCCOc1ccccc1/C(=C\SC)n1ccnc1,test
CCCCC[C@@H](O)C1C(=O)OC(C)[C@H](O)C=CC=CC=CC=CC=C(C)C(O)C(O)C(O)C[C@H](O)C[C@H](O)C[C@H](O)C[C@H](O)C[C@@H]1O,test
CCCCCc1cc(O)c2c(c1)OC(C)(C)c1ccc(C)cc1-2,test
CCCCCc1cccc(=O)o1,test
CCCCN1CCCC1C(=O)Nc1c(C)cc(C)cc1C,test
CCCC[C@H]1CN(CC2CCOCC2)C(=O)OC12CCN(C1(C)CCN(C(=O)c3c(C)ncnc3C)CC1)CC2,test
CCCCc1cc2c(=O)c(C(=O)OC)c[nH]c2cc1OCc1ccccc1,test
CCCCc1nc(Cl)c(CO)n1Cc1ccc(-c2ccccc2-c2nnn[nH]2)cc1,test
CCCCc1nc2cccnc2n1Cc1ccc(-c2ccccc2-c2nnn[n-]2)cc1,test
CCCCc1ncc(/C=C(\Cc2cccs2)C(=O)O)n1Cc1ccc(C(=O)O)cc1,test
CCCN(CCOc1c(Cl)cc(Cl)cc1Cl)C(=O)n1ccnc1,test
CCCN(CCc1cccs1)[C@H]1CCc2c(O)cccc2C1,test
CCCN[C@H]1CCc2nc(N)sc2C1,test
CCCOC(C(=O)OC1CCN(C)CC1)(c1ccccc1)c1ccccc1,test
CCCOc1sc(C(=O)N2CCC(c3cc(CN)ccc3F)CC2)c(C)c1Br,test
CCCc1c(OCCCCc2nnn[nH]2)ccc(C(C)=O)c1O,test
CCCc1c2oc(C(=O)O)cc(=O)c2cc2c(=O)cc(C(=O)O)n(CC)c12,test
CCCc1ccc(OCC(=O)N2CCN(C(=O)COc3ccc(CCC)cc3OC)CC2)c(OC)c1,test
CCCc1nc(C)c2c(=O)nc(-c3cc(S(=O)(=O)N4CCN(CC)CC4)ccc3OCC)[nH]n12.O=C(O)CC(O)(CC(=O)O)C(=O)O,test
CCCc1ncc(C[n+]2ccccc2C)c(N)n1,test
CCCc1nn(C)c2c(=O)[nH]c(-c3cc(S(=O)(=O)N4CCN(C)CC4)ccc3OCC)nc12.O=C(O)CC(O)(CC(=O)O)C(=O)O,test
CCN(CC)C(=O)c1cc(S(=O)(=O)Cc2ccccc2)c(N2CCC(c3ccccc3)CC2)cc1N(CC)CCN(C)C,test
CCN(CC)CC1CCCCN1CC(=O)N1c2ccccc2C(=O)Nc2cccnc21,test
CCN(CC)CCNC(=O)C1C(C)=NC(/C=C2\C(=O)Nc3ccc(F)cc32)=C1C.O=C(O)CC(O)C(=O)O,test
CCN(CC)CCOC(=O)C(Cc1cccc2ccccc12)CC1CCCO1,test
CCN(CC)CCOc1ccc(C(O)(Cc2ccc(Cl)cc2)c2ccc(C)cc2)cc1,test
CCN(CC)CCc1c[nH]c2ccccc12.CCN(CC)CCc1c[nH]c2ccccc12,test
CCN(CCCCOC(=O)c1ccc(OC)c(OC)c1)C(C)Cc1ccc(OC)cc1,test
CCN1C(=CC=CC=Cc2sc3ccccc3[n+]2CC)Sc2ccccc21,test
CCN1C(=CC=Cc2sc3ccccc3[n+]2CC)Sc2ccccc21,test
CCN1C(=O)c2ccccc2C1Nc1ccc(OCCN2CCCCC2)cc1,test
CCN1CC(CCN2CCOCC2)C(c2ccccc2)(c2ccccc2)C1=O,test
CCN1CCC2(CC1)COc1cc3c(cc12)N(C(=O)c1ccc(-c2ccc(-c4nnc(C)o4)cc2C)cc1)CC3,test
CCN1CCCC1CNC(=O)C(O)(c1ccccc1)c1ccccc1,test
CCN1CCN(c2cc(-c3ccc(F)cc3)c3c(n2)CCCCCC3)CC1,test
CCN1CCc2nc(N)oc2CC1,test
CCN1CN(CC)CN(CC)C1,test
CCNC(=O)N1CCN(CCCC(c2ccc(F)cc2)c2ccc(F)cc2)CC1,test
CCNC1(c2cccs2)CCCCC1=O,test
CCN[C@H]1CN(CCCOC)S(=O)(=O)c2sc(S(N)(=O)=O)cc21,test
CCO/C=C1\N=C(c2ccccc2)OC1=O,test
CCOC(=O)C(C)Oc1ccc(Oc2cnc3cc(Cl)ccc3n2)cc1,test
CCOC(=O)C1=NOC(c2ccccc2)(c2ccccc2)C1,test
CCOC(=O)C1CC(=O)C(=C(O)C2CC2)C(=O)C1,test
CCOC(=O)CN[C@@H](C(=O)N1CC[C@H]1C(=O)NCc1ccc(/C(N)=N/O)cc1)C1CCCCC1,test
CCOC(=O)COc1cc(-c2nn(C)c(OC(F)F)c2Cl)c(F)cc1Cl,test
CCOC(=O)COc1ccc2c(c1)CC(NCC(O)c1cccc(Cl)c1)CC2,test
CCOC(=O)Cn1cccc1-c1nc(-c2ccc(OC)cc2)c(-c2ccc(OC)cc2)s1,test
CCOC(=O)NNc1ccc(N(CC)CC(C)O)nn1,test
CCOC(=O)Nc1ccc2c(c1)N(C(=O)CCN1CCOCC1)c1ccccc1S2,test
CCOC(=O)Nc1cccc(OC(=O)Nc2ccccc2)c1,test
CCOC(=O)[C@H](CCc1ccccc1)N[C@@H](C)C(=O)N1CC2(C[C@H]1C(=O)O)SCCS2,test
CCOC(=O)[C@]1(c2ccccc2)Oc2ccccc2[C@@H]1N,test
CCOC(=O)c1c(N)sc2c1CCN(Cc1ccccc1)C2,test
CCOC(=O)c1ccc(C#Cc2ccc3c(c2)C(C)(C)CCS3)nc1,test
CCOC(=O)c1ccc(NC(=O)CN2CCCCC2)cc1,test
CCOC(=O)c1ccc([C@H]2CC[C@H](NC[C@H](O)COc3ccc(O)c(NS(C)(=O)=O)c3)CC2)cc1,test
CCOC(CN1CCN(CC(C)C(=O)c2ccccc2)CC1)c1ccccc1,test
CCOCCn1c(C2CCN(CCc3ccc(C(C)(C)C(=O)O)cc3)CC2)nc2ccccc21,test
CCOCn1c(-c2ccc(Cl)cc2)c(C#N)c(Br)c1C(F)(F)F,test
CCOP(=O)(SC(C)CC)N1CCSC1=O,test
CCOP(=O)(Sc1ccccc1)Sc1ccccc1,test
CCOc1cc(N)c(Cl)cc1C(=O)NCC1CN(Cc2ccc(F)cc2)CCO1.O=C(O)CC(O)(CC(=O)O)C(=O)O,test
CCOc1ccc(N=Nc2ccc(C=Cc3ccc(N=Nc4ccc(OCC)cc4)cc3S(=O)(=O)[O-])c(S(=O)(=O)[O-])c2)cc1,test
CCOc1cccc([C@]2(N3CCN(c4ccccc4)CC3)CC[C@@H](C)CC2)c1,test
CC[C@@H](C)CCCCC(=O)N[C@@H](CCNCS(=O)(=O)[O-])C(=O)N[C@H](C(=O)N[C@@H](CCNCS(=O)(=O)[O-])C(=O)N[C@H]1CCNC(=O)[C@H]([C@@H](C)O)NC(=O)[C@H](CCNCS(=O)(=O)[O-])NC(=O)[C@H](CCNCS(=O)(=O)[O-])NC(=O)[C@H](CC(C)C)NC(=O)[C@@H](CC(C)C)NC(=O)[C@H](CCNCS(=O)(=O)[O-])NC1=O)[C@@H](C)O,test
CC[C@@H](C)[C@@H](N)C1=N[C@H](C(=O)N[C@@H](CC(C)C)C(=O)N[C@@H](CCC(=O)O)C(=O)N[C@@H](C(=O)N[C@@H]2CCCCNC(=O)[C@@H](CC(N)=O)NC(=O)[C@@H](CC(=O)O)NC(=O)[C@@H](Cc3cnc[nH]3)NC(=O)[C@@H](Cc3ccccc3)NC(=O)[C@@H]([C@H](C)CC)NC(=O)[C@@H](CCCN)NC2=O)[C@@H](C)CC)CS1,test
CC[C@@H]([C@H](C)O)n1ncn(-c2ccc(N3CCN(c4ccc(OCC5CO[C@@](Cn6cncn6)(c6ccc(F)cc6F)C5)cc4)CC3)cc2)c1=O,test
CC[C@@]1(O)C[C@H](O[C@H]2C[C@H](N(C)C)[C@H](O[C@H]3C[C@H](O)[C@H](O[C@H]4CCC(=O)[C@H](C)O4)[C@H](C)O3)[C@H](C)O2)c2c(cc3c(c2O)C(=O)c2c(O)cccc2C3=O)[C@H]1C(=O)OC,test
CC[C@H](C)C(=O)O[C@H]1C[C@H](O)C=C2C=C[C@H](C)[C@H](CC[C@@H](O)C[C@@H](O)CC(=O)[O-])[C@H]21,test
CC[C@H](C)[C@H](NC(=O)[C@H](Cc1ccccc1)NC(=O)[C@H](C)NC(=O)[C@H](CC(=O)O)NC(=O)[C@H](CCCCN)NC(=O)[C@H](CO)NC(=O)[C@@H]1CCCN1C(=O)[C@@H]1CCC(=O)N1)C(=O)NCC(=O)N[C@@H](CC(C)C)C(=O)N[C@@H](CCSC)C(N)=O,test
CC[C@H](C)[C@H]1O[C@]2(CC[C@@H]1C)C[C@@H]1C[C@@H](CC=C(C)[C@@H](O[C@H]3C[C@H](OC)[C@@H](O[C@H]4C[C@H](OC)[C@@H](O)[C@H](C)O4)[C@H](C)O3)[C@@H](C)C=CC=C3CO[C@@H]4[C@H](O)C(C)=C[C@@H](C(=O)O1)[C@]34O)O2,test
CC[C@H](NC(C)C)[C@H](O)c1ccc(O)c2[nH]c(=O)ccc12,test
CC[C@H]1C[C@@H]2C[C@H]3c4[nH]c5ccc(OC)cc5c4CCN(C2)[C@@H]13,test
CC[C@H]1OC(=O)C[C@@H](O)[C@H](C)[C@@H](O[C@@H]2O[C@H](C)[C@@H](O[C@H]3C[C@@](C)(O)[C@@H](O)[C@H](C)O3)[C@H](N(C)C)[C@H]2O)[C@@H](CC=O)C[C@@H](C)C(=O)C=CC(C)=C[C@@H]1CO[C@@H]1O[C@H](C)[C@@H](O)[C@@H](OC)[C@H]1OC,test
CC[C@H]1OC(=O)[C@H](C)C(=O)[C@H](C)[C@@H](O[C@@H]2O[C@H](C)C[C@H](N(C)C)[C@H]2O)[C@](C)(OC)C[C@@H](C)C(=O)[C@H](C)[C@H]2N(CCCCn3cnc(-c4cccnc4)c3)C(=O)O[C@]12C,test
CC[C@H]1[C@@H]2C[C@H]3[C@@H]4N(C)c5ccccc5[C@]45C[C@@H](C2[C@H]5O)N3[C@@H]1O,test
CC[C@]12CCCN3CCc4c(n(c5ccccc45)[C@@](O)(C(=O)OC)C1)[C@@H]32,test
CC[N+](CC)(CCNC(=O)C(=O)NCC[N+](CC)(CC)Cc1ccccc1Cl)Cc1ccccc1Cl,test
CC[N+]1(CC)CCC(=C(c2ccccc2)c2ccccc2)C1C,test
CC[N+]1(CC)CCC(OC(=O)C(O)(c2ccccc2)c2ccccc2)C1,test
CCc1c2c(nc3ccc(OC(=O)N4CCC(N5CCCCC5)CC4)cc13)-c1cc3c(c(=O)n1C2)COC(=O)[C@]3(O)CC,test
CCc1cc(C2=C(C(=O)[O-])N(c3ccccc3C(F)(F)F)S(=O)(=O)c3ccccc32)cc2c1OCO2,test
CCc1nn(C)c(C(=O)NCc2ccc(C(C)(C)C)cc2)c1Cl,test
CCn1c(=O)c2c(nc(/C=C/c3ccc(OC)c(OC)c3)n2C)n(CC)c1=O,test
CCn1cc(C(=O)O)c(=O)c2ccc(C)nc21,test
CCn1cc(C(=O)O)c(=O)c2cnc(N3CCCC3)nc21,test
CCn1cc(C(=O)O)c(=O)c2cnc(N3CCNCC3)nc21,test
CCn1ccnc1CC1COc2ccccc2O1,test
CCn1nc(C(=O)O)c(=O)c2cc3c(cc21)OCO3,test
CCn1nc(C)c2c1C(=O)NCC(c1ccc(O)cc1)=N2,test
CCn1nc(Cc2ccccc2)cc1C1CCN(C[C@H]2C[C@H](N(C)[C@@H](C(=O)O)C(C)C)C[C@@H]2c2cccc(F)c2)CC1,test
CN(C(=O)C(Cl)Cl)c1ccc(OC(=O)c2ccco2)cc1,test
CN(C(=O)CCCOc1ccc2[nH]c(=O)ccc2c1)C1CCCCC1,test
CN(C(=O)c1c(O)c2ccccc2n(C)c1=O)c1ccccc1,test
CN(C)C(=O)CCSC(SCCC(=O)[O-])c1cccc(/C=C/c2ccc3ccc(Cl)cc3n2)c1,test
CN(C)C1CSSSC1,test
CN(C)CCC=C1c2ccccc2C(C)(C)c2ccccc21,test
CN(C)CCC=C1c2ccccc2C=Cc2ccccc21,test
CN(C)CCCN1c2ccccc2C(C)(C)c2ccccc21,test
CN(C)CCN(Cc1cccs1)c1ccccn1,test
CN(C)CCN(Cc1cccs1)c1ccccn1.CN(C)CCN(Cc1cccs1)c1ccccn1,test
CN(C)CCN(Cc1ccsc1)c1ccccn1,test
CN(C)CCN1CCN(c2cccc(Cl)c2)C1=O,test
CN(C)CCOC1=Cc2ccccc2Sc2ccc(Cl)cc21,test
CN(C)CCc1c[nH]c2ccc(CS(=O)(=O)N3CCCC3)cc12,test
CN(C)CCc1c[nH]c2ccc(C[C@H]3COC(=O)N3)cc12,test
CN(C)CCc1c[nH]c2ccc(Cn3cncn3)cc12,test
CN(C)CCn1nnnc1SCC1=C(C(=O)O)N2C(=O)[C@@H](NC(=O)Cc3csc(N)n3)[C@H]2SC1,test
CN(C)[C@@H]1C(O)=C(C(=O)NCN2CCCC2)C(=O)[C@@]2(O)C(O)=C3C(=O)c4c(O)cccc4[C@@](C)(O)C3C[C@@H]12,test
CN(CC1(C)CCCO1)S(=O)(=O)c1ccc(Cl)c(S(N)(=O)=O)c1,test
CN(CCOc1ccc(CC2SC(=O)NC2=O)cc1)c1ccccn1,test
CN(Cc1ccc(C(C)(C)C)cc1)Cc1cccc2ccccc12,test
CN(c1nccc(=O)[nH]1)C1CCN(c2nc3ccccc3n2Cc2ccc(F)cc2)CC1,test
CN1C(=O)/C(=N/NC(N)=S)c2ccccc21,test
CN1C(=O)C(C)(C2=CCCCC2)C(=O)N=C1O,test
CN1C(=O)CN2CCc3ccccc3C2c2cc(Cl)ccc21,test
CN1C(=O)C[C@@H](C(=O)N[C@@H](Cc2c[nH]cn2)C(=O)N2CCC[C@H]2C(N)=O)NC1=O,test
CN1C(=O)N(c2ccccc2Br)Cc2cnc(Nc3ccc4c(c3)OCC(CO)O4)nc21,test
CN1C(=S)CN=C(c2ccccc2)c2cc(Cl)ccc21,test
CN1C(C(=O)Nc2ccccn2)C(=O)c2sc(Cl)cc2S1(=O)=O,test
CN1CC(=O)N=C1NC(=O)Nc1cccc(Cl)c1,test
CN1CCC(=C2c3ccccc3CCc3sccc32)CC1,test
CN1CCC(CN2c3ccccc3Sc3ccccc32)C1,test
CN1CCC(N(Cc2ccccc2)c2ccccc2)CC1,test
CN1CCC(O)(c2ccc(F)cc2)C(C(=O)c2ccc(F)cc2)C1,test
CN1CCCC(CC2c3ccccc3Sc3ccccc32)C1,test
CN1CCC[C@@H]1CCO[C@](C)(c1ccccc1)c1ccc(Cl)cc1,test
CN1CCC[C@@H]1Cc1c[nH]c2ccc(CCS(=O)(=O)c3ccccc3)cc12,test
CN1CCN(C(=O)C2CCCCC2)CC1,test
CN1CCN2c3ccccc3Cc3ccccc3C2C1,test
CN1CCN=C(c2ccccc2)c2cc(Cl)ccc21,test
CN1CCOC(c2ccccc2)c2ccccc2C1,test
CN1CC[C@H](c2c(O)cc(O)c3c(=O)cc(-c4ccccc4Cl)oc23)[C@H](O)C1,test
CN1CCc2cc(Cl)c(O)cc2[C@H]2c3ccccc3CC[C@@H]21,test
CN1CCc2cccc3c2[C@H]1Cc1ccc(O)c(O)c1-3,test
CN1CCc2cccc3c2[C@H]1Cc1ccc(O)c(O)c1-3.CN1CCc2cccc3c2[C@H]1Cc1ccc(O)c(O)c1-3,test
CN1C[C@@H]2C[C@H]1CN2c1cc2c(cc1F)c(=O)c(C(=O)O)cn2C1CC1,test
CN1C[C@H]2c3ccccc3Oc3ccc(Cl)cc3[C@@H]2C1,test
CN1Cc2c(N)cccc2C(c2ccccc2)C1,test
CN1[C@@H]2CC[C@H]1C[C@@H](O)C2,test
CN1[C@@H]2CC[C@H]1C[C@@H](OC(=O)C(CO)c1ccccc1)C2.CN1[C@@H]2CC[C@H]1C[C@@H](OC(=O)C(CO)c1ccccc1)C2,test
CN1[C@@H]2C[C@@H](OC(=O)[C@H](CO)c3ccccc3)C[C@H]1[C@@H]1O[C@@H]12,test
CNC(=O)Oc1ccc2c(c1)[C@]1(C)CCN(C)[C@@H]1N2C,test
CNC(=O)[C@H]1O[C@@H](n2cnc3c(NCc4cc(Cl)ccc4OCc4cc(C)no4)ncnc32)[C@H](O)[C@@H]1N,test
CNC(=O)c1c(I)c(C(=O)NCC(=O)Nc2c(I)c(C(=O)O)c(I)c(C(=O)NCCO)c2I)c(I)c(N(C)C(C)=O)c1I,test
CNC(=O)c1cc(Oc2ccc(NC(=O)Nc3ccc(Cl)c(C(F)(F)F)c3)cc2)ccn1,test
CNC(=O)c1cnn(-c2nc(N)c3ncn([C@@H]4O[C@H](CO)[C@@H](O)[C@H]4O)c3n2)c1,test
CNC1CCCN(c2c(F)cc3c(=O)c(C(=O)O)cn(C4CC4)c3c2OC)C1,test
CNS(=O)(=O)CCc1ccc2[nH]cc(C3CCN(C)CC3)c2c1,test
CN[C@@H]1C[C@@H](c2ccc(Cl)c(Cl)c2)c2ccccc21,test
CN[C@@H]1[C@@H](O[C@H]2O[C@H](CO)[C@@H](N)[C@H](O)[C@H]2O)O[C@H]2C[C@@H](N)[C@@H](O[C@H]3[C@H](O)[C@@H](O)[C@H](N)C[C@@H]3N)O[C@@H]2[C@@H]1O,test
CN[C@@H]1[C@H](O)[C@H](NC)[C@H]2O[C@@]3(O)C(=O)C[C@@H](C)O[C@H]3O[C@@H]2[C@H]1O,test
CN[C@H](CC(C)C)C(=O)N[C@H]1C(=O)N[C@@H](CC(N)=O)C(=O)N[C@H]2C(=O)N[C@H]3C(=O)N[C@H](C(=O)N[C@@H](C(=O)O)c4cc(O)cc(O)c4-c4cc3ccc4O)[C@H](O)c3ccc(c(Cl)c3)Oc3cc2cc(c3O[C@@H]2O[C@H](CO)[C@@H](O)[C@H](O)[C@H]2O[C@H]2C[C@](C)(N)C(O)[C@H](C)O2)Oc2ccc(cc2Cl)[C@H]1O,test
CNc1cc(OC)c(C(=O)N[C@H]2CCN(Cc3ccccc3)[C@H]2C)cc1Cl,test
CO/C=C(/C(=O)OC)c1ccccc1Oc1cc(Oc2ccccc2C#N)ncn1,test
CO/N=C(/C(=O)N[C@@H]1C(=O)N2C(C(=O)[O-])=C(C[n+]3ccn4ncccc43)CS[C@H]12)c1nsc(N)n1,test
CO/N=C(/C1=NOCCO1)c1ccccc1Oc1ncnc(Oc2ccccc2Cl)c1F,test
CO/N=C(\C(=O)N[C@@H]1C(=O)N2C(C(=O)O)=C(CSc3nnnn3C)CS[C@H]12)c1csc(N)n1.CO/N=C(\C(=O)N[C@@H]1C(=O)N2C(C(=O)O)=C(CSc3nnnn3C)CS[C@H]12)c1csc(N)n1,test
CO/N=C(\C(=O)N[C@@H]1C(=O)N2C(C(=O)O)=C(C[N+]3(C)CCCC3)CS[C@H]12)c1csc(N)n1,test
CO/N=C(\C(=O)N[C@@H]1C(=O)N2C(C(=O)[O-])=C(CSc3nc(=O)c([O-])nn3C)CS[C@H]12)c1csc(N)n1,test
CO/N=C(\C(=O)N[C@@H]1C(=O)N2C(C(=O)[O-])=C(CSc3nc(C)c(CC(=O)[O-])s3)CS[C@H]12)c1csc(N)n1,test
CO/N=C(\C(=O)N[C@@H]1C(=O)N2C(C(=O)[O-])=C(C[n+]3cccc4c3CCC4)CS[C@H]12)c1csc(N)n1,test
CO/N=C1/C[C@]2(C[C@@H]3C[C@@H](CC=C(C)C[C@@H](C)C=CC=C4CO[C@@H]5[C@H](O)C(C)=C[C@@H](C(=O)O3)[C@]45O)O2)O[C@H](/C(C)=C/C(C)C)[C@H]1C,test
COC(=O)C(C)N(C(=O)Cc1ccccc1)c1c(C)cccc1C,test
COC(=O)C1=C(C)NC(C)=C(C(=O)OCCc2ccc(N3CCN(C(c4ccccc4)c4ccccc4)CC3)cc2)C1c1cccc([N+](=O)[O-])c1,test
COC(=O)C1=C(C)NC(C)=C(C(=O)O[C@H]2CCN(Cc3ccccc3)C2)[C@H]1c1cccc([N+](=O)[O-])c1,test
COC(=O)C1=CCCN(C)C1,test
COC(=O)CSc1cc(/N=c2\sc(=O)n3n2CCCC3)c(F)cc1Cl,test
COC(=O)N(C(=O)N1CO[C@@]2(C(=O)OC)Cc3cc(Cl)ccc3C2=N1)c1ccc(OC(F)(F)F)cc1,test
COC(=O)N[C@H](C(=O)N[C@@H](Cc1ccccc1)[C@@H](O)CN(Cc1ccc(-c2ccccn2)cc1)NC(=O)[C@@H](NC(=O)OC)C(C)(C)C)C(C)(C)C,test
COC(=O)Nc1nc2cc(C(=O)C3CC3)ccc2[nH]1,test
COC(=O)Nc1nc2cc(S(=O)c3ccccc3)ccc2[nH]1,test
COC(=O)Nc1nc2cc(Sc3ccccc3)ccc2[nH]1,test
COC(=O)c1c(C(F)F)nc(C(F)(F)F)c(C2=NCCS2)c1CC(C)C,test
COC(=O)c1ccc(C)cc1C1=NC(=O)C(C)(C(C)C)N1,test
COC(=O)c1ccccc1S(=O)(=O)NC(=O)Nc1nc(C)cc(C)n1,test
COC1=CC(=O)OC(CCc2ccccc2)C1,test
COC1CC(=C(c2cccs2)c2cccs2)C[N+](C)(C)C1,test
COCCOc1cc2cc(C(=O)NC3CCN(C(C)C)CC3)n(CC(=O)Nc3ccc(Cl)cn3)c2cn1,test
COC[C@H](c1ccc(C(F)(F)F)cc1)N1CCN(C2(C)CCN(C(=O)c3c(C)ncnc3C)CC2)C[C@H]1C,test
COP(=O)(OC)SCn1c(=O)oc2cc(Cl)cnc21,test
COS(=O)(=O)[O-].C[N+]1(C)CCC(=C(c2ccccc2)c2ccccc2)CC1,test
COS(=O)(=O)[O-].C[N+]1(C)CCCCC1COC(=O)C(O)(c1ccccc1)c1ccccc1,test
COS(=O)(=O)[O-].C[N+]1(C)CCN(CC(O)(c2ccccc2)C2CCCCC2)CC1,test
CO[C@@H]1[C@@H](OC)[C@H](C)[C@@](O)(CC(=O)[O-])O[C@H]1[C@H](C)[C@H]1O[C@@]2(CC[C@@](C)([C@H]3CC[C@@](C)([C@@H]4O[C@@H]([C@H]5O[C@](C)(O)[C@H](C)C[C@@H]5C)C[C@@H]4OC4C[C@H](OC)[C@@H](OC)[C@H](C)O4)O3)O2)C[C@H](O)[C@H]1C,test
CO[C@@]1(NC(=O)C(C(=O)[O-])c2ccc(O)cc2)C(=O)N2C(C(=O)[O-])=C(CSc3nnnn3C)CO[C@@H]21,test
CO[C@@]1(NC(=O)C2SC(=C(C(N)=O)C(=O)O)S2)C(=O)N2C(C(=O)O)=C(CSc3nnnn3C)CS[C@@H]21,test
CO[C@@]1(NC(=O)CSCC#N)C(=O)N2C(C(=O)[O-])=C(CSc3nnnn3C)CS[C@@H]21,test
CO[C@@]12[C@H](COC(N)=O)C3=C(C(=O)C(C)=C(N)C3=O)N1C[C@@H]1N[C@@H]12,test
CO[C@H]1C=CO[C@@]2(C)Oc3c(C)c(O)c4c(c3C2=O)C2=NC3(CCN(CC(C)C)CC3)NC2=C(NC(=O)C(C)=CC=C[C@H](C)[C@H](O)[C@@H](C)[C@@H](O)[C@@H](C)[C@H](OC(C)=O)[C@@H]1C)C4=O,test
CO[C@H]1C[C@H](O[C@H]2[C@H](C)O[C@@H](O[C@@H]3C(C)=CC[C@@H]4C[C@@H](C[C@]5(C=C[C@H](C)[C@@H](C6CCCCC6)O5)O4)OC(=O)[C@@H]4C=C(C)[C@@H](O)[C@H]5OCC(=CC=C[C@@H]3C)[C@]54O)C[C@@H]2OC)O[C@@H](C)[C@@H]1O,test
CO[C@H]1C[C@H](O[C@H]2[C@H](C)[C@@H](O[C@@H]3O[C@H](C)C[C@H](N(C)C)[C@H]3OC(C)=O)[C@@H](C)C[C@]3(CO3)C(=O)[C@H](C)[C@@H](OC(C)=O)[C@@H](C)[C@@H](C)OC(=O)[C@@H]2C)O[C@@H](C)[C@@H]1OC(C)=O,test
CO[C@]1(NC(=O)CSC(F)F)C(=O)N2C(C(=O)O)=C(CSc3nnnn3CCO)CO[C@H]21,test
CO[C@]12C[C@@H](COC(=O)c3cncc(Br)c3)CN(C)[C@@H]1Cc1cn(C)c3cccc2c13,test
COc1c(O[C@@H]2O[C@H](CO)[C@@H](O)[C@H](O)[C@H]2O)cc2c(c1OC)-c1ccc(SC)c(=O)cc1[C@@H](NC(C)=O)CC2,test
COc1cc(-c2ccc(=O)[nH]n2)ccc1OC(F)F,test
COc1cc(-c2nc(NC(=O)c3cc4cc(C)cc(C)c4n3CC(=O)O)sc2CCC2CCCCC2)c(OC)cc1Cl,test
COc1cc(/C=C/C(=O)CC(=O)/C=C/c2ccc(O)c(OC)c2)ccc1O,test
COc1cc(C(=O)N2CCCCCCC2)cc(OC)c1OC,test
COc1cc(C(=O)NC2CCCNC2)cc(OC)c1OC,test
COc1cc(C(=O)OCCCN2CCCN(CCCOC(=O)c3cc(OC)c(OC)c(OC)c3)CC2)cc(OC)c1OC,test
COc1cc(C(C)C)c2c(c1)S(=O)(=O)N(COc1cc(=O)n3cccc(OCCN4CCCCC4)c3n1)C2=O,test
COc1cc(C)nc(-n2nc(C)cc2OC)n1,test
COc1cc(C=C2CCCC(=Cc3ccc(O)c(OC)c3)C2=O)ccc1O,test
COc1cc(N)c(Cl)cc1C(=O)NC1CCN(CCCOc2ccc(F)cc2)CC1OC,test
COc1cc(N)c(Cl)cc1C(=O)NC1CCN(Cc2ccccc2)CC1,test
COc1cc(N)c(Cl)cc1C(=O)NC1CN2CCC1CC2,test
COc1cc(NS(C)(=O)=O)ccc1Nc1c2ccccc2nc2ccccc12,test
COc1cc(OC)nc(NC(=O)NS(=O)(=O)c2ncccc2C(=O)N(C)C)n1,test
COc1cc(OC)nc(Oc2cccc(Oc3nc(OC)cc(OC)n3)c2C(=O)[O-])n1,test
COc1cc(OC)nc(Sc2cccc(Cl)c2C(=O)[O-])n1,test
COc1cc(S(C)=O)ccc1-c1nc2ncccc2[nH]1,test
COc1cc([C@@H]2c3cc4c(cc3C(O[C@@H]3O[C@@H]5COC(c6cccs6)O[C@H]5[C@H](O)[C@H]3O)C3COC(=O)[C@@H]32)OCO4)cc(OC)c1O,test
COc1cc([C@H]2Oc3cc([C@H]4Oc5cc(O)cc(O)c5C(=O)[C@@H]4O)ccc3O[C@@H]2CO)ccc1O,test
COc1cc2[nH]c(C)c(CCN3CCN(c4ccccc4)CC3)c2cc1OC,test
COc1cc2c(cc1OC)-c1c/c(=N\c3c(C)cc(C)cc3C)n(C)c(=O)n1CC2,test
COc1cc2c(cc1OC)C(=O)C(CC1CCN(Cc3ccccc3)CC1)C2,test
COc1cc2c(cc1OC)C(=O)CC2,test
COc1cc2c(cc1OC)C1CC(=O)C(CC(C)C)CN1CC2,test
COc1cc2c3cc1Oc1cc(ccc1O)C[C@@H]1c4c(cc(OC)c(O)c4Oc4ccc(cc4)C[C@@H]3N(C)CC2)CC[N+]1(C)C,test
COc1cc2nc(N3CCN(C(=O)C4COc5ccccc5O4)CC3)nc(N)c2cc1OC,test
COc1cc2nc(N3CCN(C(=O)c4ccco4)CC3)nc(N)c2cc1OC,test
COc1cc2ncnc(Nc3ccc(F)c(Cl)c3)c2cc1OCCCN1CCOCC1,test
COc1ccc(-c2cc(=S)ss2)cc1,test
COc1ccc(-c2nc3cc(C4=NNC(=O)CC4C)ccc3[nH]2)cc1,test
COc1ccc(C(=O)N2CCCC2=O)cc1,test
COc1ccc(C(=O)N2CCN(CC(=O)N3CCOCC3)CC2)cc1,test
COc1ccc(C(=O)c2c(C)n(CCN3CCOCC3)c3ccccc23)cc1,test
COc1ccc(C2NC(=S)N3C(c4ccc(OC)c(OC)c4)NC(=S)N23)cc1OC,test
COc1ccc(CCN(C)CCCN2CCc3cc(OC)c(OC)cc3CC2=O)cc1OC,test
COc1ccc(CCNCC(O)COc2cccc(C)c2)cc1OC,test
COc1ccc(CNCC(O)COc2ccc3[nH]c(=O)ccc3c2)cc1OC,test
COc1ccc(C[C@H](N)C(=O)N[C@H]2[C@@H](O)[C@H](n3cnc4c(N(C)C)ncnc43)O[C@@H]2CO)cc1,test
COc1ccc(Cl)cc1C(=O)NCCc1ccc(S(=O)(=O)NC(=O)NC2CCCCC2)cc1,test
COc1ccc(OC(=O)N(CC(=O)O)Cc2ccc(OCCc3nc(-c4ccccc4)oc3C)cc2)cc1,test
COc1ccc(S(=O)(=O)N2c3ccc(Cl)cc3[C@@](O)(c3ccccc3Cl)[C@H]2C(=O)N2CCC[C@@H]2C(N)=O)cc1OC,test
COc1ccc2[nH]c(SCc3ncc(C)c(OC)c3C)nc2c1,test
COc1ccc2c(C(=O)c3ccc(Cl)cc3)c(C)n(CC(=O)O)c2c1,test
COc1ccc2c(c1)OC(C)(C)[C@@H](c1ccccc1)[C@@H]2c1ccc(OCCN2CCCC2)cc1,test
COc1ccc2c(c1)c1c3n2CCN(C)C3=NCC1,test
COc1ccc2c3c1O[C@H]1C[C@@H](O)C=C[C@@]31CCN(C)C2,test
COc1ccc2c3c1O[C@H]1[C@H](O)CC[C@H]4[C@@H](C2)N(C)CC[C@@]341,test
COc1ccc2cc1Oc1cc3c(cc1OC)CC[N+](C)(C)[C@H]3Cc1ccc(cc1)Oc1c(OC)c(OC)cc3c1[C@@H](C2)[N+](C)(C)CC3,test
COc1ccc2cc3[n+](cc2c1OC)CCc1cc2c(cc1-3)OCO2,test
COc1ccc2sc(C(=O)Nc3nnn[n-]3)c(OC(C)C)c2c1,test
COc1cccc(-c2ccc(/C=C\CN3CCCCCC3)cc2Cl)c1,test
COc1cccc(N(C)C(=S)Oc2ccc3c(c2)CCCC3)n1,test
COc1cccc2c1C(=O)c1c(O)c3c(c(O)c1C2=O)C[C@@](O)(C(=O)CO)CC3OC1CC(N2CCOC(OC)C2)C(O)C(C)O1,test
COc1cccc2c1cc([N+](=O)[O-])c1c(C(=O)[O-])cc3c(c12)OCO3,test
COc1ccccc1N1CCN(CCCC(=O)c2ccc(F)cc2)CC1,test
COc1ccccc1N1CCN(CCCNc2cc(=O)n(C)c(=O)n2C)CC1,test
COc1ccccc1OCCNCC(O)COc1cccc2[nH]c3ccccc3c12,test
COc1ccnc2c1CCCCC2S(=O)c1nc2ccccc2[nH]1,test
COc1nn(CSP(=S)(OC)OC)c(=O)s1,test
CS(=O)(=O)c1cc(C(F)(F)F)ccc1C(=O)c1cnoc1C1CC1,test
CS(=O)(=O)c1ccc(C2=C(c3ccccc3)C(=O)OC2)cc1,test
CS(=O)(=O)c1ccc([C@@H](C[C@H]2CCC(=O)C2)C(=O)Nc2cnccn2)cc1Cl,test
CSC(=O)c1cccc2nnsc12,test
CSC1=N[C@@](C)(c2ccccc2)C(=O)N1Nc1ccccc1,test
CSc1ccc(C(=O)C(C)(C)N2CCOCC2)cc1,test
CSc1ccc(C(=O)c2[nH]c(=O)[nH]c2C)cc1,test
CSc1nc2cc(Cl)c(Oc3cccc(Cl)c3Cl)cc2[nH]1,test
C[C@@H](C1=C(CCN(C)C)Cc2ccccc21)c1ccccn1,test
C[C@@H](Cc1ccccc1)NCCC(c1ccccc1)c1ccccc1.C[C@H](O)C(=O)O,test
C[C@@H](O)[C@H]1C(=O)N2C(C(=O)O)=C(SCCNC=N)C[C@H]12,test
C[C@@H](O)[C@H]1C(=O)N2C(C(=O)O)=C([C@H]3CCCO3)S[C@H]12,test
C[C@@H](O)[C@H]1C(=O)N2C(C(=O)[O-])=C(SC3Cn4cnc[n+]4C3)[C@H](C)[C@H]12,test
C[C@@H]1CCC[C@H](C)N1CCCC(O)(c1ccccc1)c1ccccn1,test
C[C@@H]1CC[C@@]2(OC1)O[C@H]1C[C@H]3[C@@H]4CC[C@H]5C[C@@H](O)CC[C@]5(C)[C@H]4CC(=O)[C@]3(C)[C@H]1[C@@H]2C,test
C[C@@H]1CC[C@H]2C(C)(C)[C@H]3C[C@@]12CC[C@@]3(C)O,test
C[C@@H]1CC[C@H]2[C@@H](C)C(=O)O[C@@H]3O[C@]4(C)CC[C@@H]1C32OO4,test
C[C@@H]1CN(CCCn2c3ccccc3c3ccccc32)C[C@H](C)N1,test
C[C@@H]1C[C@H]2[C@@H]3CCC4=CC(=O)C=C[C@]4(C)[C@@]3(Cl)[C@@H](O)C[C@]2(C)[C@@]1(OC(=O)c1ccco1)C(=O)CCl,test
C[C@@H]1NC(=O)[C@@H](N)CNC(=O)[C@H]([C@@H]2CCNC(N)=N2)NC(=O)/C(=C/NC(N)=O)NC(=O)[C@H](CNC(=O)C[C@@H](N)CCCN)NC1=O,test
C[C@@H]1O[C@@H](O[C@@H]2[C@@H](O)[C@H](OCCc3ccc(O)c(O)c3)O[C@H](CO[C@@H]3O[C@H](CO)[C@@H](O)[C@H](O)[C@H]3O)[C@H]2OC(=O)/C=C/c2ccc(O)c(O)c2)[C@H](O)[C@H](O)[C@H]1O,test
C[C@@H]1O[C@@H](O[C@H]2C[C@@H](O)[C@]3(CO)[C@H]4[C@H](O)C[C@]5(C)[C@@H](C6=CC(=O)OC6)CC[C@]5(O)[C@@H]4CC[C@]3(O)C2)[C@H](O)[C@H](O)[C@H]1O,test
C[C@H](CCC(=O)O)[C@H]1CC[C@H]2[C@@H]3C(=O)C[C@@H]4CC(=O)CC[C@]4(C)[C@H]3CC(=O)[C@]12C,test
C[C@H](CN1CCOCC1)C(C(=O)N1CCCC1)(c1ccccc1)c1ccccc1,test
C[C@H]1COc2c(C3(N)CC3)c(F)cc3c(=O)c(C(=O)O)cn1c23,test
C[C@H]1N=C(N)O[C@H]1c1ccccc1,test
C[C@H]1NCc2cc(-c3ccc4c(=O)c(C(=O)O)cn(C5CC5)c4c3OC(F)F)ccc21,test
C[C@H]1O[C@H](O[C@H]2[C@H](O)[C@@H](O)[C@@H](O[C@H]3[C@H](O)[C@@H](O)[C@H](O)O[C@@H]3CO)O[C@@H]2CO)[C@H](O)[C@@H](O)[C@@H]1N[C@H]1C=C(CO)[C@@H](O)[C@H](O)[C@H]1O,test
C[C@H]1[C@@H](c2ccccc2)N=C(O)N1C,test
C[C@]1(Cn2ccnn2)[C@H](C(=O)[O-])N2C(=O)C[C@H]2S1(=O)=O,test
C[C@]12C=CC(=O)N[C@@H]1CC[C@@H]1[C@@H]2CC[C@]2(C)[C@@H](C(=O)Nc3cc(C(F)(F)F)ccc3C(F)(F)F)CC[C@@H]12,test
C[C@]12CCC(=O)C=C1C=C[C@@H]1[C@@H]2CC[C@@]2(C)[C@H]1CC[C@@]21CCC(=O)O1,test
C[C@]12CCC(=O)C[C@@H]1CC[C@@H]1[C@@H]2CC[C@]2(C)C=CC[C@@H]12,test
C[C@]12CC[C@H](O)C[C@H]1CC[C@@H]1[C@@H]2CC[C@]2(C)[C@@H](c3ccc(=O)oc3)C[C@H]3O[C@]132,test
C[C@]12CC[C@H]3[C@@H](CCC4=CC(=O)CC[C@@H]43)[C@@H]1CC[C@@H]2OC(=O)CCC1CCCCC1,test
C[C@]12CC[C@H]3[C@@H](CC[C@@]45O[C@@H]4C(O)=C(C#N)C[C@]35C)[C@@H]1CC[C@@H]2O,test
C[C@]12O[C@H](C[C@]1(O)CO)n1c3ccccc3c3c4c(c5c6ccccc6n2c5c31)CNC4=O,test
C[N+](C)(CCCCCC[N+](C)(C)C1c2ccccc2-c2ccccc21)C1c2ccccc2-c2ccccc21,test
C[N+]1(C)CCC(OC(=O)C(O)(c2ccccc2)C2CCCC2)C1,test
C[N+]1(C)[C@@H]2CC(OC(=O)C(O)(c3cccs3)c3cccs3)C[C@H]1[C@@H]1O[C@@H]12,test
C[N+]1(CC2COC(c3ccccc3)(C3CCCCC3)O2)CCCCC1,test
C[N+]1(CCCCC[N+]2(C)CCCC2)CCCC1,test
C[N+]1(CCF)[C@@H]2CC[C@H]1C[C@@H](OC(=O)C(O)(c1ccccc1)c1ccccc1)C2,test
C[N@+]12CCCC[C@@H]1CCC(=C(c1cccs1)c1cccs1)C2,test
C[NH+](C)CCC(c1ccccc1)c1cccc[nH+]1,test
C[Si](Cn1cncn1)(c1ccc(F)cc1)c1ccc(F)cc1,test
C[n+]1c2cc(N)ccc2cc2ccc(N)cc21.Nc1ccc2cc3ccc(N)cc3nc2c1,test
Cc1[nH]cnc1-c1ccc(Cl)cc1,test
Cc1[nH]nc2c1N=C(c1ccccc1Cl)c1cc([N+](=O)[O-])ccc1N2,test
Cc1c(-c2ccc(O)cc2)n(Cc2ccc(OCCN3CCCCCC3)cc2)c2ccc(O)cc12,test
Cc1c(-c2ccccc2)oc2c(C(=O)OCCN3CCCCC3)cccc2c1=O,test
Cc1c(-c2cccnc2)c2ccccc2n1CCCCC(=O)O,test
Cc1c(C(=O)c2cnn(C)c2O)ccc(S(C)(=O)=O)c1C1=NOCC1,test
Cc1c(Cn2ccnc2)c2ccccc2n1CCC(=O)O,test
Cc1c(N)nc(C(CC(N)=O)NCC(N)C(N)=O)nc1C(=O)NC(C(=O)NC(C)C(O)C(C)C(=O)NC(C(=O)NCCc1nc(-c2nc(C(=O)NCCCN[C@@H](C)c3ccccc3)cs2)cs1)C(C)O)C(O[C@@H]1O[C@@H](CO)[C@@H](O)[C@H](O)[C@@H]1O[C@H]1O[C@H](CO)[C@@H](O)[C@H](OC(N)=O)[C@@H]1O)c1c[nH]cn1,test
Cc1c(O)cccc1C(=O)N[C@@H](CSc1ccccc1)[C@H](O)CN1C[C@H]2CCCC[C@H]2C[C@H]1C(=O)NC(C)(C)C,test
Cc1c2oc3c(C)ccc(C(=O)N[C@@H]4C(=O)N[C@H](C(C)C)C(=O)N5CCC[C@H]5C(=O)N(C)CC(=O)N(C)[C@@H](C(C)C)C(=O)O[C@@H]4C)c3nc-2c(C(=O)N[C@@H]2C(=O)N[C@H](C(C)C)C(=O)N3CCC[C@H]3C(=O)N(C)CC(=O)N(C)[C@@H](C(C)C)C(=O)O[C@@H]2C)c(N)c1=O,test
Cc1cc(-c2ccccc2)nnc1NCCN1CCOCC1,test
Cc1cc(/C=C/c2ccc3cc(N(C)C)ccc3[n+]2C)c(C)n1-c1ccccc1.Cc1cc(/C=C/c2ccc3cc(N(C)C)ccc3[n+]2C)c(C)n1-c1ccccc1.O=C([O-])c1cc2ccccc2c(Cc2c(O)c(C(=O)[O-])cc3ccccc23)c1O,test
Cc1cc(=O)oc2cc(O[C@@H]3SC[C@@H](O)[C@H](O)[C@H]3O)ccc12,test
Cc1cc(C(=O)O)c(C)n1-c1cccc(C(=O)O)c1.O=C1C[C@@H]2OCC=C3CN4CC[C@]56c7ccccc7N1[C@H]5[C@H]2[C@H]3C[C@H]46,test
Cc1cc(C)c(C=C2C(=O)Nc3ccccc32)[nH]1,test
Cc1cc(CCC(=O)OCCOCCOCCOC(=O)CCc2cc(C)c(O)c(C(C)(C)C)c2)cc(C(C)(C)C)c1O,test
Cc1cc(N)c2cc(NC(=O)Nc3ccc4nc(C)cc(N)c4c3)ccc2n1,test
Cc1cc(N)c2ccccc2[n+]1CCCCCCCCCC[n+]1c(C)cc(N)c2ccccc21,test
Cc1cc(N)no1,test
Cc1cc(NC(=O)C(=O)O)cc(C)c1Oc1ccc(O)c2c1CCC2,test
Cc1cc(NC(=O)C2=C(O)c3ccccc3S(=O)(=O)N2C)no1,test
Cc1cc(O)c(C(=O)N[C@@H](C(=O)N[C@@H]2C(=O)N3C(C(=O)O)=C(CSc4nnnn4C)CS[C@H]23)c2ccc(O)cc2)cn1,test
Cc1cc(O)c2c(c1)O[C@@]1(C)CC[C@H]3C(C)(C)CCCC34CO[C@@H]2[C@H]41,test
Cc1cc(O)c2c3c4c(cc(O)c13)C(C)(C)C(=O)c1c(O)cc(O)c(c1-4)C2=O,test
Cc1cc(SC2=C(O)C[C@@](CCc3ccc(N)cc3)(C(C)C)OC2=O)c(C(C)(C)C)cc1CO,test
Cc1cc2c(OCC(CNC(C)(C)C)OC(=O)c3ccccc3)cccc2[nH]1,test
Cc1cc2c(cc1C(F)(F)F)N(C(=O)Nc1ccc(Oc3cccnc3C)nc1)CC2,test
Cc1cc2c(cc1CC(=O)c1sccc1S(=O)(=O)Nc1onc(C)c1Cl)OCO2,test
Cc1cc2c3c(c1)C(c1ccccc1)=N[C@@H](NC(=O)c1ccncc1)C(=O)N3CC2,test
Cc1ccc(-c2ncc(Cl)cc2-c2ccc(S(C)(=O)=O)cc2)cn1,test
Cc1ccc(-n2nc(C(C)(C)C)cc2NC(=O)Nc2ccc(OCCN3CCOCC3)c3ccccc23)cc1,test
Cc1ccc(C(=O)Nc2ccc(S(=O)(=O)O)c3cc(S(=O)(=O)O)cc(S(=O)(=O)O)c23)cc1NC(=O)c1cccc(NC(=O)Nc2cccc(C(=O)Nc3cc(C(=O)Nc4ccc(S(=O)(=O)O)c5cc(S(=O)(=O)O)cc(S(=O)(=O)O)c45)ccc3C)c2)c1,test
Cc1ccc(C(=O)Oc2ccc(C(O)CNC(C)(C)C)cc2OC(=O)c2ccc(C)cc2)cc1,test
Cc1ccc(C(C)OC(=O)C2(C)CCC(C(=O)O)C2(C)C)cc1.OCCNCCO,test
Cc1ccc(C=C2C(=O)C3CCC2C3(C)C)cc1,test
Cc1ccc(N=Nc2c(O)ccc(N=Nc3ccc(S(=O)(=O)[O-])cc3)c2O)c(C)c1,test
Cc1ccc(NC(=O)c2ccc(CN3CCN(C)CC3)cc2)cc1Nc1nccc(-c2cccnc2)n1,test
Cc1ccc(S(=O)(=O)NC(=O)NN2CCCCCC2)cc1,test
Cc1ccc([N+](=O)[O-])[c]2c1[O][Hg]2,test
Cc1ccc2c(c1)c1c3n2CCNC3CCC1,test
Cc1cccc(C)c1NC(=O)CN1CCN(CCCC(c2ccc(F)cc2)c2ccc(F)cc2)CC1,test
Cc1cccc(C)c1OCC(=O)N[C@@H](Cc1ccccc1)[C@@H](O)C[C@H](Cc1ccccc1)NC(=O)[C@H](C(C)C)N1CCCNC1=O,test
Cc1cccc(N(C)C(=S)Oc2ccc3c(c2)C2CCC3C2)c1,test
Cc1cccc(N(C)C(=S)Oc2ccc3ccccc3c2)c1,test
Cc1ccccc1/N=N/c1ccc(/N=N/c2c(O)ccc3ccccc23)c(C)c1,test
Cc1ccccc1CNc1ncnc2c1ncn2[C@@H]1O[C@H](CO)[C@@H](O)[C@H]1O,test
Cc1ccccc1CO[C@H]1C[C@]2(C(C)C)CC[C@@]1(C)O2,test
Cc1ccccc1N1C(=O)c2cc(S(N)(=O)=O)c(Cl)cc2NC1C,test
Cc1ccccc1N1CCN(CCc2nnc3n2CCCC3)CC1,test
Cc1ccccc1OCC(O)CNCCOc1ccc(C(N)=O)cc1,test
Cc1ccsc1C(=CCCN1CCC[C@@H](C(=O)O)C1)c1sccc1C,test
Cc1cnc(C(=O)NCCc2ccc(S(=O)(=O)NC(=O)NC3CCCCC3)cc2)cn1,test
Cc1cnc(C(=O)O)c[n+]1[O-],test
Cc1cnc(C2=NC(=O)C(C)(C(C)C)N2)c(C(=O)O)c1,test
Cc1nc(-c2ccc3c(c2)CCN(CCC2CCC(NC(=O)/C=C/c4ccc(F)cc4)CC2)CC3)no1,test
Cc1nc(C)nc(N2C[C@@H](C)N(c3ccnc([C@@H](C)O)n3)[C@@H](C)C2)n1,test
Cc1nc(C2CCCCC2)c(-c2ccc(S(N)(=O)=O)c(F)c2)o1,test
Cc1nc2sccn2c(=O)c1CCN1CCC(=C(c2ccc(F)cc2)c2ccc(F)cc2)CC1,test
Cc1nn(C)c(Oc2ccccc2)c1/C=N/OCc1ccc(C(=O)OC(C)(C)C)cc1,test
Cc1nnc2n1-c1sc(CCC(=O)N3CCOCC3)cc1C(c1ccccc1Cl)=NC2,test
Cc1oc(-c2ccccc2)nc1CCOc1cccc2c1ccn2CCC(=O)O,test
Cc1oc(=O)oc1COC(=O)[C@@H]1N2C(=O)[C@@H](NC(=O)[C@H](N)c3ccccc3)[C@H]2SC1(C)C,test
Cc1oc(C)c(C(=O)Nc2ccccc2)c1C,test
Cc1occc1C(=O)Nc1ccc(C(=O)N2CCC(F)(F)/C(=C\C(=O)N3CCC(N4CCCCC4)CC3)c3ccccc32)cc1.Cc1occc1C(=O)Nc1ccc(C(=O)N2CCC(F)(F)/C(=C\C(=O)N3CCC(N4CCCCC4)CC3)c3ccccc32)cc1,test
Cc1occc1SSc1ccoc1C,test
Cl/C=C\C[N+]12CN3CN(CN(C3)C1)C2,test
ClC1(Cl)C2(Cl)C3(Cl)C4(Cl)C(Cl)(Cl)C5(Cl)C3(Cl)C1(Cl)C5(Cl)C24Cl,test
Clc1ccc(C(Cn2ccnc2)OCc2ccc(Sc3ccccc3)cc2)c(Cl)c1,test
Clc1ccc(C(Cn2ccnc2)OCc2ccsc2Cl)c(Cl)c1,test
Clc1ccc(CCC(Cn2ccnc2)Sc2c(Cl)cccc2Cl)cc1,test
Clc1ccc(Nc2nnc(Cc3ccncc3)c3ccccc23)cc1,test
Clc1ccc([C@@H]2C[C@H]3CC[C@@H]2N3)cn1,test
Clc1ccc2nsnc2c1NC1=NCCN1,test
Clc1cccc(Cl)c1N=C1NCCN1,test
Clc1ccccc1-c1nnc(-c2ccccc2Cl)nn1,test
Clc1ccccc1C(c1ccccc1)(c1ccccc1)n1ccnc1,test
Clc1cnc(Oc2ccc(Oc3ncc(Cl)cc3Cl)cc2)c(Cl)c1,test
Cn1c(=N)[nH]c2[nH]cnc2c1=O,test
Cn1c(=O)c2c(ncn2CC2OCCO2)n(C)c1=O,test
Cn1c(NCCN(CCO)CCCc2ccc([N+](=O)[O-])cc2)cc(=O)n(C)c1=O,test
Cn1cc(S(C)=O)c(=O)c2ccc(F)cc21,test
Cn1cnc([N+](=O)[O-])c1Sc1ncnc2nc[nH]c12,test
F/C(COc1ccc2c(c1)[nH]c1ccccc12)=C1/CN2CCC1CC2,test
FC(F)(F)C(=NOCC1OCCO1)c1ccc(Cl)cc1,test
Fc1ccc(C(OCCN2CCN(CCCc3ccccc3)CC2)c2ccc(F)cc2)cc1,test
Fc1ccc(Oc2ccnc3cc(Cl)cc(Cl)c23)cc1,test
N#CC(CCc1ccc(Cl)cc1)(Cn1cncn1)c1ccccc1,test
N#CC1(N=NC2(C#N)CCCCC2)CCCCC1,test
N#CC1(c2ccc(F)cc2)CCC(=O)CC1,test
N#C[C@@H]1C[C@@H]2C[C@@H]2N1C(=O)[C@@H](N)C12CC3CC(CC(O)(C3)C1)C2,test
N#Cc1ccc(C(c2ccc(C#N)cc2)n2cncn2)cc1,test
N=C(N)NCCCC[C@@H]1NC(=O)CCSSC[C@@H](C(N)=O)NC(=O)[C@@H]2CCCN2C(=O)[C@H](Cc2c[nH]c3ccccc23)NC(=O)[C@H](CC(=O)O)NC(=O)CNC1=O,test
N=C(NCCCCCCNC(=N)NC(=N)Nc1ccc(Cl)cc1)NC(=N)Nc1ccc(Cl)cc1,test
N=C1NC(=N)c2cc3ccccc3cc21,test
N=C1NC(=N)c2ccccc21,test
NC(=O)C1(N2CCCCC2)CCN(CCCC(=O)c2ccc(F)cc2)CC1,test
NC(=O)N(O)[C@@H]1C=C[C@H](Oc2cccc(Oc3ccc(F)cc3)c2)C1,test
NC(=O)N1C(=O)C(C(=O)c2cc(Cl)cs2)c2cc(F)c(Cl)cc21,test
NC(=O)c1ccc[n+]([C@@H]2O[C@H](COP(=O)([O-])OP(=O)(O)OC[C@H]3O[C@@H](n4cnc5c(N)ncnc54)[C@H](O)[C@@H]3O)[C@@H](O)[C@H]2O)c1,test
NC(=O)c1cn(Cc2c(F)cccc2F)nn1,test
NC(=O)c1nc(-c2cccc(-c3cc(F)ccc3OCC(F)(F)C(F)(F)F)c2)n[n-]1,test
NC(=O)n1c(O)c(C(=O)c2cccs2)c2cc(Cl)ccc21,test
NC(CO)(CO)CO.O=C(c1ccccc1)c1ccc2n1CC[C@H]2C(=O)O,test
NC1=NCC2c3ccccc3Cc3ccccc3N12,test
NCC1(Cc2noc(=O)[nH]2)CCCCC1,test
NC[C@H]1CC[C@H](C(=O)Oc2ccc(CCC(=O)O)cc2)CC1,test
NC[C@H]1O[C@H](O[C@H]2[C@H](O[C@@H]3O[C@H](CO)[C@@H](O)[C@H]3O)C(O)[C@H](N)C[C@@H]2N)[C@H](N)[C@@H](O)[C@@H]1O,test
NNC(=O)CP(=O)(c1ccccc1)c1ccccc1,test
NS(=O)(=O)c1cc(C(=O)NN2C[C@H]3[C@H]4CCC(C4)[C@H]3C2)ccc1Cl,test
NS(=O)(=O)c1cc(C(=O)O)c(NCc2ccco2)cc1Cl,test
NS(=O)(=O)c1cc2c(cc1Cl)NC(CC1CCCC1)NS2(=O)=O,test
N[C@H]1CN(c2c(F)cc3c(=O)c(C(=O)O)cn(C4C[C@H]4F)c3c2Cl)CC12CC2,test
Nc1c2c(nc3c1CCC3)CCCC2,test
Nc1cc2c3c(c1)C(c1ccccc1)=N[C@@H](NC(=O)c1cccnc1)C(=O)N3CC2,test
Nc1ccc(C(=O)N2CC3CC(CN(Cc4ccccc4)C3)C2)cc1,test
Nc1ccc(S(=O)(=O)Nc2ccccn2)cc1,test
Nc1ccc(S(=O)(=O)Nc2ccnn2-c2ccccc2)cc1,test
Nc1ccc(S(=O)(=O)Nc2cnc3ccccc3n2)cc1,test
Nc1ccn(C2CO[C@H](CO)O2)c(=O)n1,test
Nc1cnn([C@@H]2O[C@H](CO)[C@@H](O)[C@H]2O)c(=O)n1,test
Nc1nc(=O)c(Br)c(-c2ccccc2)[nH]1,test
Nc1nc(N)c(-c2ccccc2)s1,test
Nc1nc(N)c2nc(-c3ccccc3)c(N)nc2n1,test
Nc1nc2nc[nH]c2c(=S)[nH]1,test
Nc1ncnc2c1ncn2Cc1c(F)cccc1Cl,test
O=C(/C=C/C=C/c1ccc2c(c1)OCO2)N1CCCCC1,test
O=C(C(=O)c1ccco1)c1ccco1,test
O=C(C=Cc1ccc(O)c(O)c1)O[C@@H]1C[C@](O)(C(=O)O)C[C@@H](O)[C@H]1O,test
O=C(C=Cc1ccccc1)OCC=Cc1ccccc1,test
O=C(C=Cc1ccccc1)OCCCc1ccccc1,test
O=C(CCCCCCCCCCCCC1CCCC1)Nc1ccc(S(=O)(=O)c2ccc(NC(=O)CCCCCCCCCCCCC3CCCC3)cc2)cc1,test
O=C(CCCN1CCC(C(=O)c2ccc(F)cc2)CC1)c1ccc(F)cc1,test
O=C(CCCN1CCC(n2c(=S)[nH]c3ccccc32)CC1)c1ccc(F)cc1,test
O=C(CCCN1CCN(c2ccc(F)cc2)CC1)NC1c2ccccc2CSc2ccccc21,test
O=C(CCCN1CCN2CCCC2C1)c1ccc(F)cc1,test
O=C(CCN1CCC(c2ccccc2)C1)c1ccc2c(c1)OCCO2,test
O=C(COc1ccc(Cl)cc1)N1CCN(Cc2ccc3c(c2)OCO3)CC1,test
O=C(COc1ccc(Cl)cc1)OCCNC12CC3CC(CC(C3)C1)C2,test
O=C(CS(=O)Cc1ccco1)NC/C=C\COc1cc(CN2CCCCC2)ccn1,test
O=C(C[C@@H]1NCCC[C@H]1O)Cn1cnc2cc(Br)c(Cl)cc2c1=O,test
O=C(Cc1ccccc1)OCc1ccccc1,test
O=C(NC(Cc1cc(=O)[nH]c2ccccc12)C(=O)O)c1ccc(Cl)cc1,test
O=C(NC1CCN(CCc2c[nH]c3ccccc23)CC1)c1ccccc1,test
O=C(NCC1CCCCN1)c1cc(OCC(F)(F)F)ccc1OCC(F)(F)F,test
O=C(NCNC(=O)NC1C(=O)NC(=O)N1CO)NC1C(=O)NC(=O)N1CO,test
O=C(NO)C1(NS(=O)(=O)c2ccc(Oc3ccc(F)cc3)cc2)CCOCC1,test
O=C(NS(=O)(=O)/C=C/c1cccs1)c1ccc(F)cc1Br,test
O=C(N[C@@H](c1ccccc1)[C@@H]1CCCCN1)c1cccc(C(F)(F)F)c1Cl,test
O=C(N[C@H](c1ccccc1)[C@@H]1CN2CCC1CC2)c1c(Cl)ccc(C(F)(F)F)c1Cl,test
O=C(N[C@H]1CN2CCC1CC2)c1ccc2c(c1)OCCO2,test
O=C(Nc1ccc(Oc2ccc(Cl)cc2)c(Cl)c1)c1cc(I)cc(I)c1O,test
O=C(Nc1ccc(S(=O)(=O)N2CCOCC2)cc1)c1cc(Cl)ccc1NS(=O)(=O)c1ccc(Cl)s1,test
O=C(Nc1ccc2[nH]ccc2c1)c1cc2cc(F)ccc2n1Cc1cccc(F)c1,test
O=C(Nc1ccc2c(O)c(N=Nc3ccc(N=Nc4ccc(S(=O)(=O)[O-])cc4)cc3)c(S(=O)(=O)[O-])cc2c1)c1ccccc1,test
O=C(Nc1ccccc1)Nc1ccnc(Cl)c1,test
O=C(Nc1ccccc1)Nc1cnns1,test
O=C(Nc1ccccc1SSc1ccccc1NC(=O)c1ccccc1)c1ccccc1,test
O=C(O)C1(c2ccc3c(c2)OC[C@H](Cc2ccc(-c4ccccc4)cc2)[C@H]3O)CCCC1,test
O=C(O)CC/C=C\CC[C@@H]1[C@@H](N2CCCCC2)[C@@H](O)C[C@@H]1OCc1ccc(-c2ccccc2)cc1,test
O=C(O)CCN(C1(C(=O)NO)CCCC1)S(=O)(=O)c1ccc(Oc2ccc(F)cc2)cc1,test
O=C(O)COc1ccc(CCNS(=O)(=O)c2ccccc2)s1,test
O=C(O)Cc1ccc(CCNS(=O)(=O)c2ccc(Cl)cc2)cc1,test
O=C(O)Cc1ccc2c(c1)C(=O)c1ccccc1CO2,test
O=C(O)Cc1nn(Cc2ccc(Br)cc2F)c(=O)c2ccccc12,test
O=C(O)Cn1c(=O)n(Cc2ccc(Br)cc2F)c(=O)c2ccc(Cl)cc21,test
O=C(O)Cn1c(C(=O)Nc2nc(-c3ccccc3Cl)cs2)cc2ccccc21,test
O=C(O)c1cc(/N=N/c2ccc(S(=O)(=O)Nc3ccccn3)cc2)ccc1O,test
O=C(O)c1ccc(NC2OC[C@@H](O)[C@H](O)[C@H]2O)cc1,test
O=C(O)c1cccc(-c2noc(-c3ccccc3F)n2)c1,test
O=C(O)c1cccc(C[C@@H]2COc3ccc(OCc4nc5cc(F)ccc5s4)cc3[C@@H]2O)c1,test
O=C(O)c1ccccc1C(=O)Nc1ccc(S(=O)(=O)Nc2nccs2)cc1,test
O=C(O)c1ccccc1C(=O)Nc1cccc2ccccc12,test
O=C(O)c1ccccc1O.Oc1cccc2cccnc12,test
O=C(O)c1snc(Cl)c1Cl,test
O=C(OC(=O)c1ccccc1)c1ccccc1,test
O=C(OCC1CO1)C1CCCCC1C(=O)OCC1CO1,test
O=C(OCCCCCOC(=O)c1ccccc1)c1ccccc1,test
O=C(OCCN1CCOCC1)c1cccnc1Nc1cccc(C(F)(F)F)c1,test
O=C(OC[C@H]1O[C@@H](OC(=O)c2cc(O)c(O)c(OC(=O)c3cc(O)c(O)c(O)c3)c2)[C@H](OC(=O)c2cc(O)c(O)c(OC(=O)c3cc(O)c(O)c(O)c3)c2)[C@@H](OC(=O)c2cc(O)c(O)c(OC(=O)c3cc(O)c(O)c(O)c3)c2)[C@@H]1OC(=O)c1cc(O)c(O)c(OC(=O)c2cc(O)c(O)c(O)c2)c1)c1cc(O)c(O)c(OC(=O)c2cc(O)c(O)c(O)c2)c1,test
O=C(OCc1ccccc1)C(=O)OCc1ccccc1,test
O=C(OOC(=O)c1ccccc1)c1ccccc1,test
O=C(O[C@@H]1C[C@@H]2C[C@@H]3C[C@H](C1)N2CC3=O)c1c[nH]c2ccccc12,test
O=C(O[C@H]1C[C@H]2CC[C@@H](C1)[N+]21CCCC1)C(O)(c1ccccc1)c1ccccc1,test
O=C(Oc1ccccc1)c1ccc2ccccc2c1O,test
O=C([N-]S(=O)(=O)/C=C/c1ccccc1)c1ccc(F)cc1Cl,test
O=C([O-])C1[O][Sb]2[O]C(=O)C([O]2)C(C(=O)[O-])[O][Sb]2[O]C(=O)C1[O]2,test
O=C([O-])c1ccc(NC(=O)[C@H](Cc2ccc(O)cc2)NC(=O)c2ccccc2)cc1,test
O=C([O-])c1ccc2c(c1)nc(C(=O)NC1CCN(C3CC3)CC1)n2Cc1cc(-c2ccc(Cl)s2)on1,test
O=C(c1cc2ccccc2o1)N1CCN(Cc2ccccc2)CC1,test
O=C(c1ccc(F)cc1)C1CCN(CCn2c(=O)[nH]c3ccccc3c2=O)CC1,test
O=C(c1ccc(F)cc1)C1CCN(CCn2c(=S)[nH]c3ccccc3c2=O)CC1,test
O=C(c1ccc2c(c1)C(=O)OC2=O)c1ccc2c(c1)C(=O)OC2=O,test
O=C(c1ccccc1)C1(O)CCCCC1,test
O=C(c1ccccc1)C1CCC1,test
O=C(c1ccco1)N1CCNCC1,test
O=C1C(=O)c2cccc3cccc1c23,test
O=C1C(CCS(=O)c2ccccc2)C(=O)N(c2ccccc2)N1c1ccccc1,test
O=C1C(Cl)C(CCl)CN1c1cccc(C(F)(F)F)c1,test
O=C1C=CC(=O)N1c1ccccc1,test
O=C1CC2(CCCC2)CC(=O)N1,test
O=C1CC2(CCCC2)CC(=O)N1CCCCN1CCN(c2ncccn2)CC1,test
O=C1CC2CC1C1CCCC21,test
O=C1CCC(c2ccc(-n3ccnc3)cc2)=NN1,test
O=C1CCCC(=O)C1,test
O=C1CCCC=CCCCCCCCCCC1,test
O=C1CCCCC1C1CCCCC1,test
O=C1CCCCCCCCCCC1,test
O=C1CCCCCCCCCCCCCCO1,test
O=C1CCCCCCCCCCCN1,test
O=C1CCCCCCCCCCOCCCCO1,test
O=C1CCCCCN1SSN1CCCCCC1=O,test
O=C1Cc2cc(CCN3CCN(c4nsc5ccccc45)CC3)c(Cl)cc2N1,test
O=C1N(c2ccccc2)c2ccccc2C1(Cc1ccncc1)Cc1ccncc1,test
O=C1N=C2SCCN2C(=O)C1Cc1ccc(Cl)cc1,test
O=C1NC(=O)C(=O)C(=O)N1,test
O=C1NC2CCCCN2C12CCN(CCCN1c3ccccc3CCc3ccc(Cl)cc31)CC2,test
O=C1NC2NC(=O)NC2N1,test
O=C1NCN(c2ccccc2)C12CCN(CCCOc1ccc(F)cc1)CC2,test
O=C1NS(=O)(=O)c2ccccc21,test
O=C1Nc2cc(Cl)ccc2Oc2ccccc21,test
O=C1OC(=O)C2CC=CCC12,test
O=C1OC(=O)C2CCCCC12,test
O=C1OC[C@H](Cc2cccc(O)c2)[C@H]1Cc1cccc(O)c1,test
O=C1O[C@@H]2[C@@H](O)[C@H](O)O[C@@H]2[C@H]1O,test
O=C1[N-]S(=O)(=O)c2ccccc21,test
O=C1c2cccc3c2[C@H](CCC3)CN1[C@@H]1CN2CCC1CC2,test
O=C1c2ccccc2-c2n[nH]c3cccc1c23,test
O=C1c2ccccc2CCc2ccccc21,test
O=C1c2ccccc2S(=O)(=O)N1CCCCN1CCN(c2ncccn2)CC1,test
O=P(O)(OCc1ccccc1)OCc1ccccc1,test
O=S(=O)([O-])c1ccc(Nc2nc(Nc3ccc(/C=C/c4ccc(Nc5nc(Nc6ccc(S(=O)(=O)[O-])cc6)nc(N(CCO)CCO)n5)cc4S(=O)(=O)[O-])c(S(=O)(=O)[O-])c3)nc(N(CCO)CCO)n2)cc1,test
O=S(=O)([O-])c1ccc2c(/N=N\c3ccc(S(=O)(=O)[O-])c4ccccc34)c(O)c(S(=O)(=O)[O-])cc2c1,test
O=S(=O)([O-])c1ccccc1C=Cc1ccc(-c2ccc(C=Cc3ccccc3S(=O)(=O)[O-])cc2)cc1,test
O=S(c1cc(Cl)cc(Cl)c1O)c1cc(Cl)cc(Cl)c1O,test
O=S1(=O)CC=CC1,test
O=S1OCCO1,test
O=[N+]([O-])c1c(Cl)cccc1-c1c[nH]cc1Cl,test
O=[N+]([O-])c1ccc2[nH]ncc2c1,test
O=[N+]([O-])c1cncn1CCN1CCOCC1,test
O=c1[n-]c(=O)n(Cl)c(=O)n1Cl,test
O=c1[n-]c2[nH]c(=O)[nH]c(=O)c2[nH]1,test
O=c1[nH][nH]c2ccccc12,test
O=c1[nH]c(=O)c2c[nH]nc2[nH]1,test
O=c1[nH]c2ccccc2c(=O)o1,test
O=c1[nH]c2ccccc2n1C1CCN(CCCC(c2ccc(F)cc2)c2ccc(F)cc2)CC1,test
O=c1[nH]cnc2ccccc12,test
O=c1ccc2cc(O[C@@H]3O[C@H](CO)[C@@H](O)[C@H](O)[C@H]3O)c(O)cc2o1,test
O=c1cccccc1O,test
O=c1n(CC2CO2)c(=O)n(CC2CO2)c(=O)n1CC1CO1,test
O=c1oc(=O)c2cc3c(=O)oc(=O)c3cc12,test
O=c1oc2cc(O)ccc2c2oc3cc(O)ccc3c12,test
O=c1oc2cc(O)ccc2s1,test
O=c1sc2ccccc2c(O)c1C1CC(c2ccc(-c3ccc(Br)cc3)cc2)Cc2ccccc21,test
OC(CCCN1CCCCC1)(c1ccccc1)c1ccccc1,test
OC(CCN1CCCC1)(c1ccccc1)C1CCCCC1,test
OC(CCN1CCCCC1)(c1ccccc1)C1CC2C=CC1C2,test
OC(CCN1CCCCC1)(c1ccccc1)C1CCCCC1,test
OC(c1ccc(Cl)cc1)(c1ccc(Cl)cc1)c1cccnc1,test
OC(c1ccccc1)(c1ccccc1)C1CN2CCC1CC2,test
OCC(CO)n1cnc(-c2ccc(F)cc2)c1-c1ccnc(Oc2ccccc2)n1,test
OCCN1CCN(CCCN2c3ccccc3C=Cc3ccccc32)CC1,test
OC[C@H]1O[C@@H](OCCc2ccc(O)cc2)[C@H](O)[C@@H](O)[C@@H]1O,test
OC[C@H]1O[C@@H](Oc2ccc(O)cc2)[C@H](O)[C@@H](O)[C@@H]1O,test
OC[C@H]1O[C@@H]2O[C@H]3[C@H](O)[C@@H](O)[C@@H](O[C@H]4[C@H](O)[C@@H](O)[C@@H](O[C@H]5[C@H](O)[C@@H](O)[C@@H](O[C@H]6[C@H](O)[C@@H](O)[C@@H](O[C@H]7[C@H](O)[C@@H](O)[C@@H](O[C@H]1[C@H](O)[C@H]2O)O[C@@H]7CO)O[C@@H]6CO)O[C@@H]5CO)O[C@@H]4CO)O[C@@H]3CO,test
OC[C@H]1O[C@@H]2O[C@H]3[C@H](O)[C@@H](O)[C@@H](O[C@H]4[C@H](O)[C@@H](O)[C@@H](O[C@H]5[C@H](O)[C@@H](O)[C@@H](O[C@H]6[C@H](O)[C@@H](O)[C@@H](O[C@H]7[C@H](O)[C@@H](O)[C@@H](O[C@H]8[C@H](O)[C@@H](O)[C@@H](O[C@H]9[C@H](O)[C@@H](O)[C@@H](O[C@H]1[C@H](O)[C@H]2O)O[C@@H]9CO)O[C@@H]8CO)O[C@@H]7CO)O[C@@H]6CO)O[C@@H]5CO)O[C@@H]4CO)O[C@@H]3CO,test
OC[C@H]1O[C@H](O[C@H]2[C@H](O)[C@@H](O)[C@@H](O[C@H]3[C@H](O)[C@@H](O)[C@@H](O)O[C@@H]3CO)O[C@@H]2CO)[C@H](O)[C@@H](O)[C@@H]1O,test
ON=C1CCCC1,test
ON=C1CCCCC1,test
O[C@@H](CNC[C@H](O)[C@H]1CCc2cc(F)ccc2O1)[C@@H]1CCc2cc(F)ccc2O1,test
O[C@H]1[C@H]2[C@H](O)CCCN2C[C@H]1O,test
Oc1ccc(C2(c3ccc(O)cc3)c3ccccc3-c3ccccc32)cc1,test
Oc1ccc2c(c1)OC[C@@H](N1CCC(O)(c3ccc(F)cc3)CC1)[C@H]2O,test
Oc1ccc2cc(SSc3ccc4cc(O)ccc4c3)ccc2c1,test
S=C(SSC(=S)N1CCCCC1)N1CCCCC1,test
S=C1SCN(Cc2ccccc2)CN1Cc1ccccc1,test
S=P(N1CC1)(N1CC1)N1CC1,test
S=c1[nH]cnc2[nH]cnc12,test
[Cl][V]([Cl])([CH]1C=CC=C1)[CH]1C=CC=C1,test
[Cl][Zr]([Cl])([C]1=CC=CC1)[CH]1C=CC=C1,test
[O-][n+]1ccccc1[S][Zn][S]c1cccc[n+]1[O-],test
c1cc(CCCc2ccncc2)ccn1,test
c1cc(N(CC2CO2)CC2CO2)ccc1Cc1ccc(N(CC2CO2)CC2CO2)cc1,test
c1cc[c]([Bi]([c]2ccccc2)[c]2ccccc2)cc1,test
c1cc[c]([Hg][c]2ccccc2)cc1,test
c1cc[n+]2c(c1)-c1cccc[n+]1CC2,test
c1ccc(-c2ccc(-c3ccccc3)cc2)cc1,test
c1ccc(-c2ccccn2)nc1,test
c1ccc(B(c2ccccc2)c2ccccc2)cc1,test
c1ccc(CN(CC2=NCCN2)c2ccccc2)cc1,test
c1ccc(CN(Cc2ccccc2)Cc2ccccc2)cc1,test
c1ccc(CSCc2ccccc2)cc1,test
c1ccc(N=NNc2ccccc2)cc1,test
c1ccc(OCc2ccc(CCCN3CCOCC3)cc2)cc1,test
c1ccc(SCCSc2ccccc2)cc1,test
c1ccc(SSc2ccccc2)cc1,test
c1ccc2c(CCC3CCNCC3)c[nH]c2c1,test
c1ccc2c(c1)CCCC2C1=NCCN1,test
c1ccc2c(c1)OCC(C1=NCCN1)O2,test
c1ccc2c(c1)OCC(CN1CCCCC1)O2,test
c1ccc2c(c1)Oc1ccccc1S2,test
c1ccc2c(c1)[nH]c1cnccc12,test
c1ccc2c(c1)ccc1cc3c(ccc4ccccc43)cc12,test
c1ccc2c(c1)sc1ccccc12,test
c1ccc2cc(Nc3ccc(Nc4ccc5ccccc5c4)cc3)ccc2c1,test
c1ccc2cc3c4ccccc4c4ccccc4c3cc2c1,test
c1ccc2sc(SNC3CCCCC3)nc2c1,test
c1ccc2sc(SSN3CCOCC3)nc2c1,test
c1cnc2c(n1)CCCC2,test
c1cnc2cc3c(cc2n1)C1CNCC3C1,test
BrC(Br)Br,train
BrC(Br)C(Br)(Br)Br,train
BrC(Br)C(Br)Br,train
BrC/C=C/CBr,train
BrC1CCC(Br)C(Br)CCC(Br)C(Br)CCC1Br,train
BrCBr,train
BrCC(Br)(Br)Br,train
BrCC(Br)C1CCC(Br)C(Br)C1,train
BrCC1CO1,train
BrCCBr,train
BrCCCBr,train
BrCCCCBr,train
BrCCCCCBr,train
BrCCCCCCBr,train
BrCCOc1ccccc1,train
BrCCc1ccccc1,train
BrCc1ccc(Br)cc1,train
BrCc1cccc(Oc2ccccc2)c1,train
BrCc1ccccc1,train
Brc1c(Br)c(Br)c(Br)c(Br)c1Br,train
Brc1c2ccccc2c(Br)c2ccccc12,train
Brc1c2ccccc2cc2ccccc12,train
Brc1cc(-c2ccc(Br)c(Br)c2Br)cc(Br)c1Br,train
Brc1cc(Br)c(Oc2cc(Br)c(Br)cc2Br)cc1Br,train
Brc1cc(Oc2cc(Br)c(Br)c(Br)c2Br)c(Br)c(Br)c1Br,train
Brc1cc2ccccc2c2ccccc12,train
Brc1ccc(-c2ccccc2)cc1,train
Brc1ccc(Br)c(Br)c1,train
Brc1ccc(Br)cc1,train
Brc1ccc(Oc2cc(Br)c(Br)cc2Br)c(Br)c1,train
Brc1ccc(Oc2ccc(Br)cc2)cc1,train
Brc1ccc(Oc2ccc(Br)cc2Br)c(Br)c1,train
Brc1ccc(Oc2ccccc2)cc1,train
Brc1cccc(-c2ccccc2)c1,train
Brc1ccccc1,train
Brc1ccccc1-c1ccccc1,train
Brc1nc2ccccc2s1,train
C#CC(C)(C)NC(=O)c1cc(Cl)cc(Cl)c1,train
C#CC(C)(C)O,train
C#CC(C)(CC)OC(=O)c1ccccc1C(=O)O,train
C#CC(C)(O)CC(C)C,train
C#CC(C)N(C)C(=O)Nc1ccc(Cl)cc1,train
C#CC(O)(/C=C\Cl)CC,train
C#CC(O)C(CC)CCCC,train
C#CC(O)CCCCC,train
C#CC1(O)CCCCC1,train
C#CC1(O)CC[C@H]2[C@@H]3CCC4=CC(=O)CC[C@@H]4[C@H]3CC[C@@]21CC,train
C#CCC1=C(C)[C@H](OC(=O)[C@H]2[C@H](C=C(C)C)C2(C)C)CC1=O,train
C#CCN(C)CCCOc1ccc(Cl)cc1Cl,train
C#CCN(C)Cc1ccccc1,train
C#CCN(C)[C@H](C)Cc1ccccc1,train
C#CCN[C@@H]1CCc2ccccc21,train
C#CCO,train
C#CCOC(=O)/C=C(C)/C=C/CC(C)CCCC(C)C,train
C#CCOC(=O)[C@@H](C)Oc1ccc(Oc2ncc(Cl)cc2F)cc1,train
C#CCOC(C(=O)OCCN(C)C)(c1ccccc1)c1ccccc1,train
C#CCOS(=O)OC1CCCCC1Oc1ccc(C(C)(C)C)cc1,train
C#CCOc1ccc2c(C)cc(=O)oc2c1,train
C#C[C@@]1(O)CC[C@H]2[C@@H]3CCC4=CCCC[C@@H]4[C@H]3CC[C@@]21C,train
C#C[C@]1(O)CC[C@H]2[C@@H]3CCC4=C(CCC(=O)C4)[C@H]3CC[C@@]21C,train
C#C[C@]1(O)CC[C@H]2[C@@H]3CCC4=C/C(=N/O)CC[C@@H]4[C@H]3CC[C@@]21CC,train
C#C[C@]1(O)CC[C@H]2[C@@H]3CCC4=CC(=O)CCC4=C3C=C[C@@]21CC,train
C#C[C@]1(O)CC[C@H]2[C@@H]3CCC4=CC(=O)CC[C@@H]4[C@H]3CC[C@@]21C,train
C#C[C@]1(O)CC[C@H]2[C@@H]3CCC4=CC(=O)CC[C@@H]4[C@H]3CC[C@@]21CC,train
C#C[C@]1(O)CC[C@H]2[C@@H]3CCC4=CC(=O)CC[C@]4(C)[C@H]3CC[C@@]21C,train
C#C[C@]1(O)CC[C@H]2[C@@H]3CCc4cc(O)ccc4[C@H]3CC[C@@]21C,train
C#C[C@]1(O)CC[C@H]2[C@@H]3CCc4cc(OC)ccc4[C@H]3CC[C@@]21C,train
C#C[C@]1(O)CC[C@H]2[C@@H]3[C@H](C)CC4=C(CCC(=O)C4)[C@H]3CC[C@@]21C,train
C#C[C@]1(OC(=O)CCCCCC)CC[C@H]2[C@@H]3CCC4=CC(=O)CC[C@@H]4[C@H]3CC[C@@]21C,train
C#C[C@]1(OC(C)=O)CC[C@H]2[C@@H]3CCC4=C/C(=N/O)CC[C@@H]4[C@H]3CC[C@@]21CC,train
C#C[C@]1(OC(C)=O)CC[C@H]2[C@@H]3CCC4=CC(=O)CC[C@@H]4[C@H]3CC[C@@]21C,train
C#C[C@]1(OC(C)=O)CC[C@H]2[C@@H]3CCC4=C[C@@H](OC(C)=O)CC[C@@H]4[C@H]3CC[C@@]21C,train
C#Cc1ccc(-c2ccccc2F)cc1,train
C(=C(c1ccccc1)c1ccccc1)c1ccccc1,train
C(=C/c1ccccc1)\CN1CCN(C(c2ccccc2)c2ccccc2)CC1,train
C(=C/c1ccccc1)\c1ccccc1,train
C(=C\c1ccccc1)\c1ccccc1,train
C/C(=C(\CCOC(=O)C(C)C)SS/C(CCOC(=O)C(C)C)=C(/C)N(C=O)Cc1cnc(C)nc1N)N(C=O)Cc1cnc(C)nc1N,train
C/C(=C\C(C)CC(C)CC(C)C)C1CC(=O)OC1=O,train
C/C(=C\c1ccccc1)[N+](=O)[O-],train
C/C(=N/NC(=O)c1ccncc1)C(=O)O,train
C/C(=N\Cc1ccccc1)c1ccccc1O,train
C/C(=N\O)[C@@H](C)NCC(C)(C)CN[C@H](C)/C(C)=N/O,train
C/C(=N\O)c1ccc(OCC(=O)N2CCCCC2)cc1,train
C/C(Cl)=C/CCl,train
C/C=C(/C)C#N,train
C/C=C(/CC[C@@H](C)[C@H]1CC[C@H]2C3=CC[C@H]4[C@H](C)[C@@H](O)CC[C@]4(C)[C@H]3CC[C@]12C)C(C)C,train
C/C=C(C(=C/C)/c1ccc(O)cc1)\c1ccc(O)cc1,train
C/C=C(C(=C/C)/c1ccc(OC(C)=O)cc1)\c1ccc(OC(C)=O)cc1,train
C/C=C(C)/C=C/C=C(C)C,train
C/C=C(\C)C(=O)OC/C=C(\C)CCC=C(C)C,train
C/C=C(\C)C(=O)OCC/C=C\CC,train
C/C=C(\C)C(=O)OCCc1ccccc1,train
C/C=C(\C)C(=O)OCc1ccccc1,train
C/C=C(\C)C(C)=O,train
C/C=C(\C)C=O,train
C/C=C/C(=O)Oc1c(CCCCCC(C)C)cc([N+](=O)[O-])cc1[N+](=O)[O-],train
C/C=C/C/C=C\CCCCCCCCOC(C)=O,train
C/C=C/C=C/C(=O)O,train
C/C=C/C=C/C(=O)[O-],train
C/C=C/C=C/C=O,train
C/C=C/C=C/CCCCCCCO,train
C/C=C/C=C/CO,train
C/C=C/c1ccc(OC)cc1,train
C/C=C1/C(=O)C[C@H]2[C@@H]3CCC4=CC(=O)CC[C@]4(C)[C@H]3CC[C@]12C,train
C/C=C1\C(=O)C[C@H]2[C@@H]3CCC4=CC(=O)CC[C@]4(C)[C@H]3CC[C@]12C,train
C/C=C\c1ccc(OCC)c(O)c1,train
C/N=C(\NC)NCc1ccccc1.C/N=C(\NC)NCc1ccccc1,train
C1=CC2C3C=CC(C3)C2C1,train
C1=CCC=C1,train
C1=CCCC=CCCC=CCC1,train
C1=COCCC1,train
C1CC2OC2CC1C1CO1,train
C1CCC(C(CC2CCCCN2)C2CCCCC2)CC1,train
C1CCC(C2CCCCC2)CC1,train
C1CCC(NC2CCCCC2)CC1,train
C1CCC2CCCCC2C1,train
C1CCC2OC2C1,train
C1CCCC1,train
C1CCCCC1,train
C1CCCCCCCCCCC1,train
C1CCCNCC1,train
C1CCCNCCC1,train
C1CCNCC1,train
C1CCOC1,train
C1CN2CCC1CC2,train
C1CNCCN1,train
C1CNCCN1.C[C@]12CC[C@@H]3c4ccc(OS(=O)(=O)O)cc4CC[C@H]3[C@@H]1CCC2=O,train
C1COC1,train
C1COCCN1,train
C1COCCO1,train
C1COCO1,train
C1CSCCS1,train
C1C[C@@H]2[C@@H]3CC[C@H](C3)[C@@H]2C1,train
C1OCOCO1,train
C=C(C#N)C(=O)OCC,train
C=C(C#N)CCC#N,train
C=C(C)C#N,train
C=C(C)C(=O)NCCCN(C)C,train
C=C(C)C(=O)NCCC[N+](C)(C)C,train
C=C(C)C(=O)Nc1ccc(Cl)c(Cl)c1,train
C=C(C)C(=O)O,train
C=C(C)C(=O)OC,train
C=C(C)C(=O)OC(C)C,train
C=C(C)C(=O)OC1CC(C)CC(C)(C)C1,train
C=C(C)C(=O)OCC,train
C=C(C)C(=O)OCC(C)(C)COC(=O)C(=C)C,train
C=C(C)C(=O)OCC(C)C,train
C=C(C)C(=O)OCC(C)O,train
C=C(C)C(=O)OCC(CC)(COC(=O)C(=C)C)COC(=O)C(=C)C,train
C=C(C)C(=O)OCC(CC)CCCC,train
C=C(C)C(=O)OCC(O)CO,train
C=C(C)C(=O)OCC(O)COc1ccc(C(C)(C)c2ccc(OCC(O)COC(=O)C(=C)C)cc2)cc1,train
C=C(C)C(=O)OCC1CCCO1,train
C=C(C)C(=O)OCC1CO1,train
C=C(C)C(=O)OCCC(C)OC(=O)C(=C)C,train
C=C(C)C(=O)OCCC(F)(F)C(F)(F)C(F)(F)C(F)(F)C(F)(F)C(F)(F)F,train
C=C(C)C(=O)OCCCC,train
C=C(C)C(=O)OCCCCCC,train
C=C(C)C(=O)OCCCCCCCC(C)C,train
C=C(C)C(=O)OCCCCCCCCCC,train
C=C(C)C(=O)OCCCCCCCCCCCC,train
C=C(C)C(=O)OCCCCCCCCCCCCC,train
C=C(C)C(=O)OCCCCCCCCCCCCCCCCCC,train
C=C(C)C(=O)OCCCCCCCCCCOC(=O)C(=C)C,train
C=C(C)C(=O)OCCCCCCOC(=O)C(=C)C,train
C=C(C)C(=O)OCCCCOC(=O)C(=C)C,train
C=C(C)C(=O)OCCC[Si](Cl)(Cl)Cl,train
C=C(C)C(=O)OCCC[Si](OC)(OC)OC,train
C=C(C)C(=O)OCCN(C)C,train
C=C(C)C(=O)OCCN(CC)CC,train
C=C(C)C(=O)OCCNC(C)(C)C,train
C=C(C)C(=O)OCCO,train
C=C(C)C(=O)OCCOC(=O)C(=C)C,train
C=C(C)C(=O)OCCOC(=O)CC(C)=O,train
C=C(C)C(=O)OCCOC1CC2CC1C1C=CCC21,train
C=C(C)C(=O)OCCOCC,train
C=C(C)C(=O)OCCOCCOC(=O)C(=C)C,train
C=C(C)C(=O)OCCOCCOCCOC(=O)C(=C)C,train
C=C(C)C(=O)OCCOCCOCCOCCOC(=O)C(=C)C,train
C=C(C)C(=O)OCCOP(=O)(O)O,train
C=C(C)C(=O)OCCOP(=O)(O)OCCOC(=O)C(=C)C,train
C=C(C)C(=O)OCCOc1ccccc1,train
C=C(C)C(=O)OCC[N+](C)(C)C,train
C=C(C)C(=O)OCc1ccccc1,train
C=C(C)C(=O)O[C@@H]1C[C@H]2CC[C@]1(C)C2(C)C,train
C=C(C)C(=O)[O-],train
C=C(C)C(=O)[O][Sn]([CH2]CCC)([CH2]CCC)[CH2]CCC,train
C=C(C)C(N)=O,train
C=C(C)C1CC=C(C)C(=O)C1,train
C=C(C)C1CC=C(C)C(O)C1,train
C=C(C)C1CC=C(C)C(OC(C)=O)C1,train
C=C(C)C1CC=C(C)CC1,train
C=C(C)C1CCC(C)(O)CC1,train
C=C(C)CC(C)(C)C,train
C=C(C)CCC[C@H](C)CCO,train
C=C(C)CCl,train
C=C(C)CN(CC)c1c([N+](=O)[O-])cc(C(F)(F)F)cc1[N+](=O)[O-],train
C=C(C)CNCC,train
C=C(C)CS(=O)(=O)[O-],train
C=C(C)OC(C)=O,train
C=C(C)[C@@H]1CC=C(C)C(=O)C1,train
C=C(C)[C@@H]1CC=C(C)CC1,train
C=C(C)[C@@H]1CC=C(C=O)CC1,train
C=C(C)[C@@H]1CCC2=CC(=O)C[C@@H](C)[C@]2(C)C1,train
C=C(C)[C@@H]1CCC2=CCC[C@@H](C)[C@]2(C)C1,train
C=C(C)[C@@H]1CC[C@@H](C)C[C@@H]1O,train
C=C(C)[C@H]1CC=C(C)C(=O)C1,train
C=C(C)[C@H]1CC=C(C)CC1,train
C=C(C)[C@H]1CN[C@H](C(=O)O)[C@H]1CC(=O)O,train
C=C(C)c1cccc(C(=C)C)c1,train
C=C(C)c1ccccc1,train
C=C(CC(=O)O)C(=O)O,train
C=C(CC)C(=O)c1ccc(OCC(=O)O)c(Cl)c1Cl,train
C=C(Cl)CCl,train
C=C(Cl)CSC(=S)N(CC)CC,train
C=C(Cl)Cl,train
C=C/C(C)=C/C/C=C(\C)CCC=C(C)C,train
C=C1/C(=C\C=C2/CCC[C@]3(C)[C@@H]([C@H](C)/C=C/[C@@H](O)C4CC4)CC[C@@H]23)C[C@@H](O)C[C@@H]1O,train
C=C1/C(=C\C=C2/CCC[C@]3(C)[C@@H]([C@H](C)/C=C/[C@H](C)C(C)C)CC[C@@H]23)C[C@@H](O)C[C@@H]1O,train
C=C1/C(=C\C=C2/CCC[C@]3(C)[C@@H]([C@H](C)CCCC(C)(C)O)CC[C@@H]23)C[C@@H](O)C[C@@H]1O,train
C=C1/C(=C\C=C2/CCC[C@]3(C)[C@@H]([C@H](C)OCCC(C)(C)O)CC[C@@H]23)C[C@@H](O)C[C@@H]1O,train
C=C1C(C)(C)[C@@]2(Cl)C(Cl)[C@]1(Cl)C(Cl)(Cl)C2(Cl)Cl,train
C=C1C(CCl)(CCl)C2(Cl)C(Cl)C(Cl)C1(Cl)C2(Cl)Cl,train
C=C1C2CCC(C2)C1(C)C,train
C=C1CCC2CC1C2(C)C,train
C=C1CC[C@@H]2[C@](C)(CO)[C@H](O)CC[C@@]2(C)[C@@H]1C/C=C1/C(=O)OC[C@H]1O,train
C=C1CC[C@H](O)C/C1=C/C=C1\CCC[C@]2(C)[C@@H]([C@H](C)/C=C/[C@H](C)C(C)C)CC[C@@H]12,train
C=C1CC[C@H](O)C/C1=C/C=C1\CCC[C@]2(C)[C@@H]([C@H](C)CCCC(C)(C)O)CC[C@@H]12,train
C=C1CC[C@H](O)C/C1=C/C=C1\CCC[C@]2(C)[C@@H]([C@H](C)CCCC(C)C)CC[C@@H]12,train
C=C1CC[C@H](O)C/C1=C/C=C1\CCC[C@]2(C)[C@@H]([C@H](C)CC[C@@H](O)C(C)(C)O)CC[C@@H]12,train
C=C1CC[C@H]2C[C@@H]1C2(C)C,train
C=CC#N,train
C=CC(=C)C,train
C=CC(=C)CCC=C(C)C,train
C=CC(=C)CCCC(C)(C)OC(C)=O,train
C=CC(=O)CC,train
C=CC(=O)CCCCC,train
C=CC(=O)N1CCOCC1,train
C=CC(=O)NC(C)(C)C,train
C=CC(=O)NC(C)(C)CC(C)=O,train
C=CC(=O)NC(C)(C)CS(=O)(=O)O,train
C=CC(=O)NC(C)(C)CS(=O)(=O)[O-],train
C=CC(=O)NC(C)C,train
C=CC(=O)NCNC(=O)C=C,train
C=CC(=O)NCOCC(C)C,train
C=CC(=O)NCOCCCC,train
C=CC(=O)OC,train
C=CC(=O)OC(C)(C)C,train
C=CC(=O)OCC,train
C=CC(=O)OCC(C)C,train
C=CC(=O)OCC(C)O,train
C=CC(=O)OCC(C)OCC(C)OCC(C)OC(=O)C=C,train
C=CC(=O)OCC(CC)(COC(=O)C=C)COC(=O)C=C,train
C=CC(=O)OCC(CC)CCCC,train
C=CC(=O)OCC(COC(=O)C=C)(COC(=O)C=C)COC(=O)C=C,train
C=CC(=O)OCC(O)COc1ccccc1,train
C=CC(=O)OCC1CC2CC1C1CCC(COC(=O)C=C)C21,train
C=CC(=O)OCC1CCCO1,train
C=CC(=O)OCCC#N,train
C=CC(=O)OCCC(=O)O,train
C=CC(=O)OCCCC,train
C=CC(=O)OCCCCCC,train
C=CC(=O)OCCCCCC(C)C,train
C=CC(=O)OCCCCCCCC,train
C=CC(=O)OCCCCCCCC(C)C,train
C=CC(=O)OCCCCCCCCCC,train
C=CC(=O)OCCCCCCOC(=O)C=C,train
C=CC(=O)OCCCCO,train
C=CC(=O)OCCCCOC(=O)C=C,train
C=CC(=O)OCCCl,train
C=CC(=O)OCCN(C)C,train
C=CC(=O)OCCO,train
C=CC(=O)OCCOC(=O)C=C,train
C=CC(=O)OCCOCC(CC)(COCCOC(=O)C=C)COCCOC(=O)C=C,train
C=CC(=O)OCCOCCOC(=O)C=C,train
C=CC(=O)OCCOCCOCC,train
C=CC(=O)OCCOCCOCCOCCOC(=O)C=C,train
C=CC(=O)OCCOc1ccccc1,train
C=CC(=O)OCC[N+](C)(C)C,train
C=CC(=O)OCCn1c(=O)n(CCOC(=O)C=C)c(=O)n(CCOC(=O)C=C)c1=O,train
C=CC(=O)[O-],train
C=CC(=O)[O-].C=CC(=O)[O-].[Zn+2],train
C=CC(=O)[O][Sn]([CH2]CCC)([CH2]CCC)[CH2]CCC,train
C=CC(C)(C)C,train
C=CC(C)(C)CC(=O)OC,train
C=CC(C)(CCC=C(C)C)OC(=O)C(C)C,train
C=CC(C)(CCC=C(C)C)OC(=O)C=Cc1ccccc1,train
C=CC(C)(CCC=C(C)C)OC(=O)CC,train
C=CC(C)(CCC=C(C)C)OC(=O)CC(C)C,train
C=CC(C)(CCC=C(C)C)OC(=O)c1ccccc1,train
C=CC(C)(CCC=C(C)C)OC(=O)c1ccccc1N,train
C=CC(C)(CCC=C(C)C)OC(C)=O,train
C=CC(C)(CCC=C(C)C)OC=O,train
C=CC(C)(O)CC/C=C(/C)CCC=C(C)C,train
C=CC(C)(O)CC/C=C(\C)CC,train
C=CC(C)(O)CC/C=C(\C)CCC=C(C)C,train
C=CC(C)(O)CCC=C(C)C,train
C=CC(C)(O)CCC=C(C)CCC=C(C)C,train
C=CC(C)(O)CCCC(C)CCCC(C)CCCC(C)C,train
C=CC(C)=CCC=C(C)C,train
C=CC(C)=O,train
C=CC(C)CCC=C(C)C,train
C=CC(C)CCCC(C)(C)O,train
C=CC(Cl)CCl,train
C=CC(N)=O,train
C=CC(N)CCC(=O)O,train
C=CC(O)CCCCC,train
C=CC(OCC)OCC,train
C=CC/C=C/C,train
C=CC1(C)CC(OC(=O)CO)C2(C)C(C)CCC3(CCC(=O)C32)C(C)C1O,train
C=CC1=C(C(=O)O)N2C(=O)[C@@H](NC(=O)/C(=N/O)c3csc(N)n3)[C@H]2SC1,train
C=CC1=C(C(=O)O)N2C(=O)[C@@H](NC(=O)/C(=N/OCC(=O)O)c3csc(N)n3)[C@H]2SC1,train
C=CC1=C(C)c2cc3[nH]c(cc4nc(cc5[nH]c(cc1n2)c(C)c5CCC(=O)[O-])C(CCC(=O)[O-])=C4C)c(C)c3C=C,train
C=CC1CC2C=CC1C2,train
C=CC1CC=CCC1,train
C=CC1CO1,train
C=CC=O,train
C=CCBr,train
C=CCC1(C(C)CC)C(=O)NC(=O)NC1=O,train
C=CCC1(C(C)CCC)C(=O)N=C([S-])NC1=O,train
C=CCC1([C@@H](C)CCC)C(=O)NC(=O)NC1=O,train
C=CCC1([C@H](C)CCC)C(=O)NC(=O)NC1=O,train
C=CCC1=C(C)C(OC(=O)C2C(C=C(C)C)C2(C)C)CC1=O,train
C=CCC1=C(C)[C@@H](OC(=O)[C@@H]2[C@@H](C=C(C)C)C2(C)C)CC1=O,train
C=CCCC,train
C=CCCC#N,train
C=CCCC(=O)/C=C/C1C(C)=CCCC1(C)C,train
C=CCCC(=O)O,train
C=CCCC=C,train
C=CCCCC,train
C=CCCCCCC,train
C=CCCCCCCC=C,train
C=CCCCCCCCC,train
C=CCCCCCCCCC(=O)O,train
C=CCCCCCCCCC(=O)OC,train
C=CCCCCCCCCC(=O)OCC,train
C=CCCCCCCCCC(=O)OCCCC,train
C=CCCCCCCCCC=O,train
C=CCCCCCCCCCC,train
C=CCCCCCCCCCCC,train
C=CCCCCCCCCCCCC,train
C=CCCCCCCCCCCCCCC,train
C=CCCCCCCCCCCCCCCCC,train
C=CCCCCCCCCO,train
C=CCCCCCCCCOC(C)=O,train
C=CCCl,train
C=CCN(C1=NCCN1)c1c(Cl)cccc1Cl,train
C=CCN(CC=C)C(=O)C(Cl)Cl,train
C=CCN(CC=C)CC=C,train
C=CCN1CCCC1CNC(=O)c1cc(S(N)(=O)=O)cc(OC)c1OC,train
C=CCN1CC[C@]23CCCC[C@H]2[C@H]1Cc1ccc(O)cc13,train
C=CCN1CC[C@]23c4c5ccc(O)c4O[C@H]2C(=O)CC[C@@]3(O)[C@H]1C5,train
C=CCN1CC[C@]23c4c5ccc(O)c4O[C@H]2C(=O)CC[C@@]3(O)[C@H]1C5.CI,train
C=CCN1CC[C@]23c4c5ccc(O)c4O[C@H]2[C@@H](O)C=C[C@H]3[C@H]1C5,train
C=CCN1CCc2nc(N)sc2CC1,train
C=CCN1C[C@H](C(=O)N(CCCN(C)C)C(=O)NCC)C[C@@H]2c3cccc4[nH]cc(c34)C[C@H]21,train
C=CCN1C[C@H](C)N([C@H](c2ccc(C(=O)N(CC)CC)cc2)c2cccc(OC)c2)C[C@H]1C,train
C=CCN=C=S,train
C=CCNC(N)=S,train
C=CCNCC=C,train
C=CCNc1nc(NCC=C)nc(N2CCN(C(c3ccc(F)cc3)c3ccc(F)cc3)CC2)n1,train
C=CCO,train
C=CCOC(=O)/C=C\C(=O)OCC=C,train
C=CCOC(=O)C(=C)C,train
C=CCOC(=O)CC(C)C,train
C=CCOC(=O)CCC1CCCCC1,train
C=CCOC(=O)CCCCCC,train
C=CCOC(=O)CCCCCCCC,train
C=CCOC(=O)COCCC(C)C,train
C=CCOC(=O)c1ccc(C(=O)OCC=C)c(C(=O)OCC=C)c1,train
C=CCOC(=O)c1ccccc1C(=O)OCC=C,train
C=CCOC(=O)c1ccccc1N,train
C=CCOC(C)=O,train
C=CCOCC(CC)(CO)COCC=C,train
C=CCOCC(CO)(COCC=C)COCC=C,train
C=CCOCC(O)CCl,train
C=CCOCC(O)CO,train
C=CCOCC(O)CS(=O)(=O)[O-],train
C=CCOCC1CO1,train
C=CCOc1c(Br)cc(Br)cc1Br,train
C=CCOc1c(Br)cc(C(C)(C)c2cc(Br)c(OCC=C)c(Br)c2)cc1Br,train
C=CCOc1cc(Cl)ccc1C(=O)NCCN(CC)CC,train
C=CCOc1ccc(CC(=O)O)cc1Cl,train
C=CCOc1ccccc1OCC(O)CNC(C)C,train
C=CCOc1nc(OCC=C)nc(OCC=C)n1,train
C=CCS(=O)(=O)[O-],train
C=CCSCC1Nc2cc(Cl)c(S(N)(=O)=O)cc2S(=O)(=O)N1,train
C=CCSSCC=C,train
C=CCSSCCC,train
C=CC[C@@H]1C=C(C)C[C@H](C)C[C@H](OC)[C@H]2O[C@@](O)(C(=O)C(=O)N3CCCC[C@H]3C(=O)O[C@H](/C(C)=C/[C@@H]3CC[C@@H](O)[C@H](OC)C3)[C@H](C)[C@@H](O)CC1=O)[C@H](C)C[C@@H]2OC,train
C=CC[C@]1(O)CC[C@H]2[C@@H]3CCC4=CC(=O)CCC4=C3C=C[C@@]21C,train
C=CC[C@]1(O)CC[C@H]2[C@@H]3CCC4=CCCC[C@@H]4[C@H]3CC[C@@]21C,train
C=CC[N+](C)(C)CC=C,train
C=CC[N+]1([C@H]2C[C@H]3[C@@H]4CC[C@H]5C[C@H](OC(C)=O)[C@@H](N6CCCCC6)C[C@]5(C)[C@H]4CC[C@]3(C)[C@H]2OC(=O)CC)CCCCC1,train
C=CCc1cc(OC)c(O)c(C(=O)NCCO)c1,train
C=CCc1cc(OC)c2c(c1)OCO2,train
C=CCc1cc(S(=O)(=O)c2ccc(O)c(CC=C)c2)ccc1O,train
C=CCc1ccc(O)c(OC)c1,train
C=CCc1ccc(OC)c(OC)c1,train
C=CCc1ccc(OC)cc1,train
C=CCc1ccc2c(c1)OCO2,train
C=CCc1ccccc1O,train
C=CCc1ccccc1OCC(O)CNC(C)C,train
C=CCn1c(=O)n(CC=C)c(=O)n(CC=C)c1=O,train
C=CCn1cc[n+](C)c1,train
C=CN1CCCC1=O,train
C=CN1CCCCCC1=O,train
C=COC(=O)C(C)(CC)CCC(C)C,train
C=COC(C)=O,train
C=COCC(C)C,train
C=COCC1CCC(CO)CC1,train
C=COCC1CCC(COC=C)CC1,train
C=COCCCCO,train
C=COCCOCCOC=C,train
C=COCCOCCOCCOC=C,train
C=CS(=O)(=O)[O-],train
C=C[C@@H](C)CCC=C(C)C,train
C=C[C@H]1CN2CCC1C[C@@H]2[C@@H](O)c1ccnc2ccc(OC)cc12,train
C=C[C@H]1CN2CCC1C[C@@H]2[C@@H](O)c1ccnc2ccccc12,train
C=C[C@H]1CN2CCC1C[C@H]2[C@H](O)c1ccnc2ccc(OC)cc12,train
C=C[C@H]1CN2CC[C@H]1C[C@H]2[C@H](OC(=O)OCC)c1ccnc2ccc(OC)cc12,train
C=C[C@](C)(O)CC[C@@H]1[C@@]2(C)CCCC(C)(C)[C@@H]2CC[C@@]1(C)O,train
C=C[C@]1(C)C[C@@H](OC(=O)CSC(C)(C)CNC(=O)[C@H](N)C(C)C)[C@]2(C)[C@H](C)CC[C@]3(CCC(=O)[C@H]32)[C@@H](C)[C@@H]1O,train
C=C[C@]1(C)C[C@@H](OC(=O)CSCCN(CC)CC)[C@]2(C)C(C)CC[C@]3(CCC(=O)[C@H]32)[C@@H](C)[C@@H]1O,train
C=C[Si](C)(C)O[Si](C)(C)C=C,train
C=C[Si](OC(=C)C)(OC(=C)C)OC(=C)C,train
C=C[Si](OC(C)=O)(OC(C)=O)OC(C)=O,train
C=C[Si](OC)(OC)OC,train
C=C[Si](OCC)(OCC)OCC,train
C=C[Si](OCCOC)(OCCOC)OCCOC,train
C=C[Si]1(C)O[Si](C)(C=C)O[Si](C)(C=C)O[Si](C)(C=C)O1,train
C=Cc1ccc(C(C)(C)C)cc1,train
C=Cc1ccc(C)cc1,train
C=Cc1ccc(C=C)cc1,train
C=Cc1ccc(OC(C)=O)cc1,train
C=Cc1ccc(S(=O)(=O)[O-])cc1,train
C=Cc1cccc(C)c1,train
C=Cc1cccc(CCl)c1,train
C=Cc1ccccc1,train
C=Cc1ccccc1C=C,train
C=O,train
CBr.CCN(CC)CCOC(=O)C(O)(c1ccccc1)c1ccccc1,train
CC#CCC(C)[C@H](O)/C=C/C1[C@H](O)C[C@@H]2C/C(=C\CCCC(=O)O)C[C@H]12,train
CC#C[C@]1(O)CC[C@H]2[C@@H]3C[C@H](C)C4=CC(=O)CC[C@]4(C)[C@H]3CC[C@@]21C,train
CC#Cc1cc(C)nc(Nc2ccccc2)n1,train
CC#N,train
CC(=C(CCO)SSC(CCO)=C(C)N(C=O)Cc1cnc(C)nc1N)N(C=O)Cc1cnc(C)nc1N,train
CC(=C(CCOP(=O)(O)O)SC(=O)c1ccccc1)N(C=O)Cc1cnc(C)nc1N,train
CC(=NC#N)N(C)Cc1ccc(Cl)nc1,train
CC(=N\O)/C(C)=N/O,train
CC(=O)/C(C)=C/C1C(C)=CCCC1(C)C,train
CC(=O)/C=C/C1=C(C)CCCC1(C)C,train
CC(=O)/C=C/C1C(C)=CCC(C)C1(C)C,train
CC(=O)/C=C/C1C(C)=CCCC1(C)C,train
CC(=O)/C=C/C=C1/C2CCC(C2)C1(C)C,train
CC(=O)/C=C/c1ccccc1,train
CC(=O)C(=O)CC(C)C,train
CC(=O)C(=O)O,train
CC(=O)C(=O)[O-],train
CC(=O)C(C)(C)C,train
CC(=O)C(C)=O,train
CC(=O)C(C)C,train
CC(=O)C(C)O,train
CC(=O)C(Cl)(Cl)Cl,train
CC(=O)C(Cl)C(=O)N(C)C,train
CC(=O)C(Cl)Cl,train
CC(=O)C1(C)CC2=C(CCCC2(C)C)CC1C,train
CC(=O)C1=C(C)[C@@H]2C[C@@]3(C1)[C@H](C)CC[C@H]3C2(C)C,train
CC(=O)C1CCCCC1=O,train
CC(=O)C1CCOC1=O,train
CC(=O)C=C(C)C,train
CC(=O)C=CC1=C(C)CCCC1(C)C,train
CC(=O)C=Cc1ccc2c(c1)OCO2,train
CC(=O)C=Cc1ccccc1,train
CC(=O)C=Cc1ccco1,train
CC(=O)CC(=O)N(C)C,train
CC(=O)CC(=O)Nc1ccc(C)cc1C,train
CC(=O)CC(=O)Nc1ccc(S(=O)(=O)[O-])cc1,train
CC(=O)CC(=O)Nc1ccccc1,train
CC(=O)CC(=O)Nc1ccccc1C,train
CC(=O)CC(=O)OC(C)(C)C,train
CC(=O)CC(=O)c1ccccc1,train
CC(=O)CC(C)(C)C1CCCCC1,train
CC(=O)CC(C)(C)O,train
CC(=O)CC(C)=O,train
CC(=O)CC(C)C,train
CC(=O)CC(c1ccc([N+](=O)[O-])cc1)c1c(O)c2ccccc2oc1=O,train
CC(=O)CC(c1ccccc1)c1c(O)c2ccccc2oc1=O,train
CC(=O)CC(c1ccccc1)c1c([O-])c2ccccc2oc1=O,train
CC(=O)CCC(=O)O,train
CC(=O)CCC(=O)[O-].CC(=O)CCC(=O)[O-],train
CC(=O)CCC(C)=O,train
CC(=O)CCC(C)C,train
CC(=O)CCC1=C(C)CCCC1(C)C,train
CC(=O)CCC=C(C)C,train
CC(=O)CCC=C(C)CC/C=C(\C)CC/C=C(\C)CCC=C(C)C,train
CC(=O)CCC=C(C)CCC=C(C)C,train
CC(=O)CCCCn1c(=O)c2c(ncn2C)n(C)c1=O,train
CC(=O)CCc1ccc(O)cc1,train
CC(=O)CCc1ccc(OC(C)=O)cc1,train
CC(=O)CCc1ccc2c(c1)OCO2,train
CC(=O)CCc1ccccc1,train
CC(=O)CCl,train
CC(=O)CN(CC(C)=O)N=O,train
CC(=O)N(C)C,train
CC(=O)N(CC(=O)N(C)C)c1ccccc1,train
CC(=O)N(CC(C)C(=O)O)c1c(I)cc(I)c(N)c1I,train
CC(=O)N(CC(O)CO)c1c(I)c(C(=O)NCC(O)CO)c(I)c(C(=O)NCC(O)CO)c1I,train
CC(=O)N(CC(O)CO)c1c(I)c(C(=O)NCCO)c(I)c(C(=O)NCC(O)CO)c1I,train
CC(=O)N(O)CCCCCNC(=O)CCC(=O)N(O)CCCCCNC(=O)CCC(=O)N(O)CCCCCN,train
CC(=O)N(c1onc(C)c1C)S(=O)(=O)c1ccc(N)cc1,train
CC(=O)N/N=C/c1ccc([N+](=O)[O-])o1,train
CC(=O)N1CCN(c2ccc(O)cc2)CC1,train
CC(=O)N1C[C@H](O)C[C@H]1C(=O)O,train
CC(=O)NC(=O)c1ccccc1O,train
CC(=O)NC(CCC(N)=O)C(=O)O,train
CC(=O)NC(Cc1ccccc1)C(=O)O,train
CC(=O)NC1CCSC1=O,train
CC(=O)NCCCCCC(=O)O,train
CC(=O)NCCCS(=O)(=O)[O-].CC(=O)NCCCS(=O)(=O)[O-],train
CC(=O)NCCO,train
CC(=O)NCc1c(I)c(NC(C)=O)c(I)c(C(=O)O)c1I,train
CC(=O)NNC(C)=O,train
CC(=O)NNc1ccccc1,train
CC(=O)NO,train
CC(=O)NS(=O)(=O)c1ccc(N)cc1,train
CC(=O)N[C@@H](C=O)[C@H](O)[C@H](O)[C@@H](O)CO,train
CC(=O)N[C@@H](CC(=O)N[C@@H](CCC(=O)O)C(=O)O)C(=O)O,train
CC(=O)N[C@@H](CC(C)C)C(=O)O,train
CC(=O)N[C@@H](CCC(=O)O)C(=O)O,train
CC(=O)N[C@@H](CO)C(=O)N[C@@H](CC(=O)O)C(=O)N[C@@H](CCCCN)C(=O)N1CCC[C@H]1C(=O)O,train
CC(=O)N[C@@H](CS)C(=O)O,train
CC(=O)N[C@@H](Cc1ccc(O)cc1)C(=O)O,train
CC(=O)N[C@@H]([C@@H](O)[C@H](O)[C@H](O)CO)[C@@H](O)CC(=O)C(=O)O,train
CC(=O)N[C@@H]1C(O[C@H]2O[C@H](C(=O)O)C(O)[C@H](O)[C@H]2O)[C@H](O)[C@@H](CO)O[C@H]1O[C@@H]1C(C(=O)O)O[C@@H](O[C@H]2[C@H](O)[C@@H](CO)OC(O)[C@@H]2NC(C)=O)[C@H](O)[C@H]1O,train
CC(=O)N[C@H]1C(O)O[C@H](CO)[C@@H](O)[C@@H]1O,train
CC(=O)N[C@H]1[C@@H](OC2C(C(=O)[O-])O[C@@H](OC3[C@H]4CO[C@H](O4)[C@H](NS(=O)(=O)[O-])[C@H]3O)[C@H](O)[C@H]2O)O[C@H](CO)[C@@H](O[C@@H]2CC(C(=O)[O-])[C@@H](O[C@H]3O[C@H](COS(=O)(=O)O)[C@@H](O[C@@H]4OC(C(=O)[O-])=C[C@H](O)[C@H]4O)[C@H](O)[C@H]3NC(C)=O)[C@H](O)[C@H]2O)[C@@H]1C,train
CC(=O)N[C@H]1[C@H]([C@H](O)[C@H](O)CO)OC(C(=O)O)=C[C@@H]1NC(=N)N,train
CC(=O)Nc1c(I)c(C(=O)[O-])c(I)c(N(C)C(C)=O)c1I,train
CC(=O)Nc1c(I)c(NC(C)=O)c(I)c(C(=O)O)c1I,train
CC(=O)Nc1c(I)c(NC(C)=O)c(I)c(C(=O)[O-])c1I,train
CC(=O)Nc1c(I)cc(I)c(C(=O)O)c1I,train
CC(=O)Nc1cc(S(=O)(=O)[O-])cc2cc(S(=O)(=O)[O-])c(N=Nc3ccccc3)c(O)c12,train
CC(=O)Nc1cc([As](=O)(O)O)ccc1O,train
CC(=O)Nc1ccc(/C=N/NC(N)=S)cc1,train
CC(=O)Nc1ccc(C(=O)CCl)cc1,train
CC(=O)Nc1ccc(C(=O)O)cc1,train
CC(=O)Nc1ccc(C)c(Cl)c1,train
CC(=O)Nc1ccc(C)cc1,train
CC(=O)Nc1ccc(C)cc1C,train
CC(=O)Nc1ccc(CC(=O)O)cc1,train
CC(=O)Nc1ccc(N)cc1,train
CC(=O)Nc1ccc(O)cc1,train
CC(=O)Nc1ccc(OC(=O)c2ccccc2O)cc1,train
CC(=O)Nc1ccc(OC(=O)c2ccccc2OC(C)=O)cc1,train
CC(=O)Nc1ccc(OC(C)=O)cc1,train
CC(=O)Nc1ccc(OCC(O)CNC(C)C)cc1,train
CC(=O)Nc1ccc(S(=O)(=O)Cl)cc1,train
CC(=O)Nc1ccc(S(=O)(=O)Nc2cc(C)on2)cc1,train
CC(=O)Nc1ccc(S(=O)(=O)Nc2ccc([N+](=O)[O-])cc2)cc1,train
CC(=O)Nc1ccc(S(N)(=O)=O)cc1,train
CC(=O)Nc1ccc2c(c1)Cc1cc(NC(C)=O)ccc1-2,train
CC(=O)Nc1ccc2c(c1)Cc1ccccc1-2,train
CC(=O)Nc1cccc(C)c1,train
CC(=O)Nc1cccc(N)c1,train
CC(=O)Nc1cccc(O)c1,train
CC(=O)Nc1ccccc1,train
CC(=O)Nc1ccccc1C,train
CC(=O)Nc1ccccc1O,train
CC(=O)Nc1ncc([N+](=O)[O-])s1,train
CC(=O)Nc1nnc(S(N)(=O)=O)s1,train
CC(=O)O,train
CC(=O)OC(C(=O)c1ccccc1)c1ccccc1,train
CC(=O)OC(C)(C)C,train
CC(=O)OC(C)(C)C1CC=C(C)CC1,train
CC(=O)OC(C)(C)Cc1ccccc1,train
CC(=O)OC(C)=O,train
CC(=O)OC(C)C,train
CC(=O)OC(C)C(=O)OCC[N+](C)(C)C.CC(=O)OC(C)C(=O)OCC[N+](C)(C)C.O=S(=O)([O-])c1cccc2c(S(=O)(=O)[O-])cccc12,train
CC(=O)OC(C)C[N+](C)(C)C,train
CC(=O)OC(C)OC(=O)C(C)c1ccc(-c2ccccc2)c(F)c1,train
CC(=O)OC(C)OC(C)=O,train
CC(=O)OC(C)c1ccccc1,train
CC(=O)OC(OC(C)=O)c1ccc([N+](=O)[O-])o1,train
CC(=O)OC(c1ccccc1)C(Cl)(Cl)Cl,train
CC(=O)OC/C=C(/C)CCC=C(C)C,train
CC(=O)OC/C=C(C)/C=C/C=C(C)/C=C/C1=C(C)CCCC1(C)C,train
CC(=O)OC/C=C(\C)CC/C=C(\C)CCC=C(C)C,train
CC(=O)OC/C=C(\C)CCC=C(C)C,train
CC(=O)OC1(c2ccccc2)CCN(CCc2ccccc2)CC1,train
CC(=O)OC1C2(C)CCC(C2)C1(C)C,train
CC(=O)OC1CC(C)OC(C)O1,train
CC(=O)OC1CCC(C(C)(C)C)CC1,train
CC(=O)OC1CCCCC1C(C)(C)C,train
CC(=O)OC1CN2CCC1CC2,train
CC(=O)OCC(=O)NCCCOc1cccc(CN2CCCCC2)c1,train
CC(=O)OCC(=O)Nc1cc(C#N)cc(NC(=O)COC(C)=O)c1Cl,train
CC(=O)OCC(=O)[C@@]1(O)CCC2C3CCC4=CC(=O)CC[C@]4(C)C3[C@@H](O)C[C@@]21C,train
CC(=O)OCC(=O)[C@@]1(O)CC[C@H]2[C@@H]3CCC4=CC(=O)C=C[C@]4(C)[C@@]3(F)[C@@H](O)C[C@@]21C,train
CC(=O)OCC(=O)[C@@]1(O)CC[C@H]2[C@@H]3CCC4=CC(=O)C=C[C@]4(C)[C@H]3[C@@H](O)C[C@@]21C,train
CC(=O)OCC(=O)[C@@]1(O)CC[C@H]2[C@@H]3CCC4=CC(=O)CC[C@]4(C)[C@H]3C(=O)C[C@@]21C,train
CC(=O)OCC(=O)[C@@]1(O)CC[C@H]2[C@@H]3C[C@H](C)C4=CC(=O)C=C[C@]4(C)[C@H]3[C@@H](O)C[C@@]21C,train
CC(=O)OCC(=O)[C@@]1(O)[C@H](C)C[C@H]2[C@@H]3CCC4=CC(=O)C=C[C@]4(C)[C@@]3(F)[C@@H](O)C[C@@]21C,train
CC(=O)OCC(=O)[C@@]1(O)[C@H](C)C[C@H]2[C@@H]3C[C@H](F)C4=CC(=O)C=C[C@]4(C)[C@H]3[C@@H](O)C[C@@]21C,train
CC(=O)OCC(=O)[C@@]1(O)[C@H](OC(C)=O)C[C@H]2[C@@H]3CCC4=CC(=O)C=C[C@]4(C)[C@@]3(F)[C@@H](O)C[C@@]21C,train
CC(=O)OCC(=O)[C@@]1(OC(C)=O)[C@@H](C)C[C@H]2[C@@H]3C[C@H](F)C4=CC(=O)C=C[C@]4(C)[C@@]3(F)[C@@H](O)C[C@@]21C,train
CC(=O)OCC(=O)[C@@]12OC(C)(C)O[C@@H]1C[C@H]1[C@@H]3C[C@H](F)C4=CC(=O)C=C[C@]4(C)[C@@]3(F)[C@@H](O)C[C@@]12C,train
CC(=O)OCC(=O)[C@H]1CC[C@H]2[C@@H]3CCC4=CC(=O)CC[C@]4(C)[C@H]3CC[C@]12C,train
CC(=O)OCC(=O)[C@H]1CC[C@H]2[C@@H]3CC[C@H]4C[C@H](O)CC[C@]4(C)[C@H]3C(=O)C[C@]12C,train
CC(=O)OCC(C)C,train
CC(=O)OCC(C)OC(C)=O,train
CC(=O)OCC(CCn1cnc2cnc(N)nc21)COC(C)=O,train
CC(=O)OCC(COC(C)=O)OC(C)=O,train
CC(=O)OCC1=C(C(=O)O)N2C(=O)[C@@H](N)[C@H]2SC1,train
CC(=O)OCC1=C(C(=O)O)N2C(=O)[C@@H](NC(=O)Cc3ccccc3)[C@H]2SC1,train
CC(=O)OCC1=C(C(=O)O)N2C(=O)[C@@H](NC(=O)Cc3cccs3)[C@H]2SC1,train
CC(=O)OCC1=C(C(=O)[O-])N2C(=O)[C@@H](NC(=O)CSc3ccncc3)[C@H]2SC1,train
CC(=O)OCC=C(C)C,train
CC(=O)OCC=Cc1ccccc1,train
CC(=O)OCCC(C)C,train
CC(=O)OCCC(C)CC(C)(C)C,train
CC(=O)OCCC1CCCCC1,train
CC(=O)OCCCc1ccccc1,train
CC(=O)OCCN(CCOC(C)=O)c1ccc(/N=N/c2ccc([N+](=O)[O-])cc2C#N)cc1,train
CC(=O)OCCOC(C)=O,train
CC(=O)OCCOCCOCCOC(C)=O,train
CC(=O)OCC[N+](C)(C)C,train
CC(=O)OCCc1ccccc1,train
CC(=O)OC[C@H]1O[C@@H](OC(C)=O)[C@H](OC(C)=O)[C@@H]1OC(C)=O,train
CC(=O)OC[C@H]1O[C@@H](n2ncc(=O)[nH]c2=O)[C@H](OC(C)=O)[C@@H]1OC(C)=O,train
CC(=O)OC[C@H]1O[C@@](COC(C)=O)(O[C@H]2O[C@H](COC(C)=O)[C@@H](OC(C)=O)[C@H](OC(C)=O)[C@H]2OC(C)=O)[C@@H](OC(C)=O)[C@@H]1OC(C)=O,train
CC(=O)OCc1ccc2c(c1)OCO2,train
CC(=O)OCc1ccccc1,train
CC(=O)OCc1ccco1,train
CC(=O)O[C@@H]1CC2C3CCc4cc(OC(=O)c5ccccc5)ccc4C3CCC2(C)[C@H]1OC(C)=O,train
CC(=O)O[C@@H]1CC2CCC1(C)C2(C)C,train
CC(=O)O[C@@H]1C[C@H]2CC[C@]1(C)C2(C)C,train
CC(=O)O[C@H](CC(=O)[O-])C[N+](C)(C)C,train
CC(=O)O[C@H]1CC[C@@]2(C)C(=CC[C@@H]3[C@@H]2CC[C@]2(C)C(=O)CC[C@@H]32)C1,train
CC(=O)O[C@H]1CC[C@@]2(C)C(=CC[C@@H]3[C@@H]2CC[C@]2(C)C(c4cccnc4)=CC[C@@H]32)C1,train
CC(=O)O[C@H]1CC[C@@]2(C)C(=CC[C@H]3[C@@H]4CC[C@H](C(C)=O)[C@@]4(C)CC[C@@H]32)C1,train
CC(=O)O[C@H]1CC[C@H]2[C@@H]3CCC4=CC(=O)CCC4=C3C=C[C@]12C,train
CC(=O)O[C@H]1C[C@@H]2CC[C@@H]3[C@H](CC[C@@]4(C)[C@H]3C[C@H]([N+]3(C)CCCCC3)[C@@H]4OC(C)=O)[C@@]2(C)C[C@@H]1N1CCCCC1,train
CC(=O)O[C@H]1C[C@@]2(C)[C@@H](C[C@@H](O)[C@H]3[C@@]4(C)CC[C@@H](O)[C@@H](C)[C@@H]4CC[C@@]32C)/C1=C(\CCC=C(C)C)C(=O)[O-],train
CC(=O)O[C@H]1C[C@H](O[C@H]2[C@@H](O)C[C@H](O[C@H]3[C@@H](O)C[C@H](OC4CC[C@@]5(C)C(CC[C@@H]6[C@@H]5CC[C@]5(C)[C@@H](C7=CC(=O)OC7)[C@@H](O)C[C@]65O)C4)O[C@@H]3C)O[C@@H]2C)O[C@H](C)[C@H]1O[C@@H]1O[C@H](CO)[C@@H](O)[C@H](O)[C@H]1O,train
CC(=O)O[C@H]1C[C@H](O[C@H]2[C@@H](O)C[C@H](O[C@H]3[C@@H](O)C[C@H](OC4CC[C@@]5(C)[C@H](CC[C@@H]6[C@@H]5CC[C@]5(C)[C@@H](C7=CC(=O)OC7)CC[C@]65O)C4)O[C@@H]3C)O[C@@H]2C)O[C@H](C)[C@H]1O[C@@H]1O[C@H](CO)[C@@H](O)[C@H](O)[C@H]1O,train
CC(=O)O[C@H]1C[C@H](O[C@H]2[C@@H](O)C[C@H](O[C@H]3[C@@H](O)C[C@H](O[C@H]4CC[C@@]5(C)[C@H](CC[C@@H]6[C@@H]5C[C@@H](O)[C@]5(C)[C@@H](C7=CC(=O)OC7)CC[C@]65O)C4)O[C@@H]3C)O[C@@H]2C)O[C@H](C)[C@H]1O[C@@H]1O[C@H](CO)[C@@H](O)[C@H](O)[C@H]1O,train
CC(=O)O[C@]1(C(C)=O)CC[C@H]2[C@@H]3C=C(C)C4=CC(=O)CC[C@]4(C)[C@H]3CC[C@@]21C,train
CC(=O)O[C@]1(C(C)=O)CC[C@H]2[C@@H]3C=C(Cl)C4=CC(=O)CC[C@]4(C)[C@H]3CC[C@@]21C,train
CC(=O)O[C@]1(C(C)=O)CC[C@H]2[C@@H]3CCC4=CC(=O)CC[C@]4(C)[C@@]3(F)[C@@H](O)C[C@@]21C,train
CC(=O)O[C@]1(C(C)=O)CC[C@H]2[C@@H]3C[C@H](C)C4=CC(=O)CC[C@]4(C)[C@H]3CC[C@@]21C,train
CC(=O)O[Si](C)(OC(C)=O)OC(C)=O,train
CC(=O)Oc1c(C)c(C)c2c(c1C)CC[C@@](C)(CCC[C@H](C)CCC[C@H](C)CCCC(C)C)O2,train
CC(=O)Oc1c(C)cc(OCC(O)CNC(C)C)c(C)c1C,train
CC(=O)Oc1cc(C(C)C)c(OCCN(C)C)cc1C,train
CC(=O)Oc1cc(C)c(OC(C)=O)c2ccccc12,train
CC(=O)Oc1ccc(C(C)=O)cc1,train
CC(=O)Oc1ccc(C)cc1,train
CC(=O)Oc1ccc(C2(c3ccc(OC(C)=O)cc3)C(=O)Nc3ccccc32)cc1,train
CC(=O)Oc1ccc([N+](=O)[O-])cc1CCl,train
CC(=O)Oc1ccc2c(c1)CC[C@@H]1[C@@H]2CC[C@]2(C)[C@@H](O)CC[C@@H]12,train
CC(=O)Oc1ccc2c3c1O[C@H]1[C@@H](OC(C)=O)C=C[C@H]4[C@@H](C2)N(C)CC[C@@]341,train
CC(=O)Oc1cccc(C(=O)O)c1OC(C)=O,train
CC(=O)Oc1cccc(C)c1,train
CC(=O)Oc1cccc(O)c1,train
CC(=O)Oc1cccc2c1C(=O)c1c(OC(C)=O)cc(C(=O)O)cc1C2=O,train
CC(=O)Oc1ccccc1C(=O)O,train
CC(=O)SCC(CC(=O)c1ccc(C)cc1)C(=O)O,train
CC(=O)SC[C@@H](Cc1ccccc1)C(=O)NCC(=O)OCc1ccccc1,train
CC(=O)SCc1ccco1,train
CC(=O)[C@@]1(O)CC[C@H]2[C@@H]3C=C(Cl)C4=CC(=O)CC[C@]4(C)[C@H]3CC[C@@]21C,train
CC(=O)[C@@]1(O)CC[C@H]2[C@@H]3CCC4=CC(=O)CC[C@]4(C)C3(F)[C@@H](O)C[C@@]21C,train
CC(=O)[C@@]1(O)CC[C@H]2[C@@H]3CCC4=CC(=O)CC[C@]4(C)[C@H]3CC[C@@]21C,train
CC(=O)[C@@]1(O)CC[C@H]2[C@@H]3C[C@H](C)C4=CC(=O)C=C[C@]4(C)[C@@]3(F)[C@@H](O)C[C@@]21C,train
CC(=O)[C@@]1(O)CC[C@H]2[C@@H]3C[C@H](C)C4=CC(=O)CC[C@]4(C)[C@H]3CC[C@@]21C,train
CC(=O)[C@H]1CC[C@H]2[C@@H]3C=CC4=CC(=O)CC[C@@]4(C)[C@@H]3CC[C@]12C,train
CC(=O)[C@H]1CC[C@H]2[C@@H]3CC=C4C[C@@H](O)CC[C@]4(C)[C@H]3CC[C@]12C,train
CC(=O)[C@H]1CC[C@H]2[C@@H]3CCC4=CC(=O)CC[C@]4(C)[C@H]3CC[C@]12C,train
CC(=O)[C@H]1CC[C@H]2[C@@H]3CC[C@H]4C[C@H](O)CC[C@]4(C)[C@H]3C(=O)C[C@]12C,train
CC(=O)[C@H]1CC[C@H]2[C@@H]3CC[C@H]4C[C@H](O)CC[C@]4(C)[C@H]3CC[C@]12C,train
CC(=O)[C@H]1CC[C@H]2[C@@H]3CC[C@H]4C[C@](C)(O)CC[C@]4(C)[C@H]3CC[C@]12C,train
CC(=O)[C@H]1CC[C@H]2[C@@H]3C[C@H](C)C4=CC(=O)CC[C@]4(C)[C@H]3[C@@H](O)C[C@]12C,train
CC(=O)[C@H]1[C@H](C#N)C[C@H]2[C@@H]3CC=C4C[C@@H](O)CC[C@]4(C)[C@H]3CC[C@@]21C,train
CC(=O)[C@]1(O)Cc2c(O)c3c(c(O)c2[C@@H](O[C@H]2C[C@H](N)[C@H](O)[C@H](C)O2)C1)C(=O)c1c(O)cccc1C3=O,train
CC(=O)[C@]1(O)Cc2c(O)c3c(c(O)c2[C@@H](O[C@H]2C[C@H](N)[C@H](O)[C@H](C)O2)C1)C(=O)c1ccccc1C3=O,train
CC(=O)[O-].CC(=O)[O-].[Mg+2],train
CC(=O)[O-].[K+],train
CC(=O)[O-].[Na+],train
CC(=O)[O][Cr]([OH])[O]C(C)=O.CC(=O)[O][Cr]([OH])[O]C(C)=O.CC(=O)[O][Cr]([O]C(C)=O)[O]C(C)=O,train
CC(=O)[O][Hg][c]1ccccc1,train
CC(=O)c1c(C)c([N+](=O)[O-])c(C(C)(C)C)c([N+](=O)[O-])c1C,train
CC(=O)c1c(C)cc(C(C)(C)C)cc1C,train
CC(=O)c1cc(C(C)(C)C)cc2c1CCC2(C)C,train
CC(=O)c1cc(C)oc1C,train
CC(=O)c1cc2c(cc1C)C(C)(C)C(C)CC2(C)C,train
CC(=O)c1cc2ccccc2s1,train
CC(=O)c1ccc(C(C)=O)cc1,train
CC(=O)c1ccc(C)cc1,train
CC(=O)c1ccc(Cl)c(Cl)c1Cl,train
CC(=O)c1ccc(O)c(C(N)=O)c1,train
CC(=O)c1ccc(O)cc1,train
CC(=O)c1ccc(OCC(=O)N2CCCCC2)cc1,train
CC(=O)c1ccc(S(=O)(=O)NC(=O)NC2CCCCC2)cc1,train
CC(=O)c1ccc([N+](=O)[O-])cc1,train
CC(=O)c1ccc2c(c1)CCCC2,train
CC(=O)c1ccc2c(c1)Cc1ccccc1-2,train
CC(=O)c1ccc2c(c1)N(CCCN(C)C)c1ccccc1S2,train
CC(=O)c1ccc2c(c1)N(CCCN1CCC(CCO)CC1)c1ccccc1S2,train
CC(=O)c1ccc2c(c1)N(CCCN1CCN(CCO)CC1)c1ccccc1S2,train
CC(=O)c1ccc2ccc3ccccc3c2c1,train
CC(=O)c1ccc2ccccc2c1,train
CC(=O)c1cccc([N+](=O)[O-])c1,train
CC(=O)c1ccccc1,train
CC(=O)c1ccccc1O,train
CC(=O)c1ccccc1[N+](=O)[O-],train
CC(=O)c1ccccn1,train
CC(=O)c1cccnc1,train
CC(=O)c1cnccn1,train
CC(=O)c1nccs1,train
CC(=O)c1sc(C)nc1C,train
CC(Br)C(=O)O,train
CC(C#N)CCC#N,train
CC(C(=O)O)c1ccc(-c2ccccc2)c(F)c1,train
CC(C(=O)O)c1ccc(C(=O)c2ccccc2)s1,train
CC(C(=O)O)c1ccc(C(=O)c2cccs2)cc1,train
CC(C(=O)O)c1ccc(N2Cc3ccccc3C2=O)cc1,train
CC(C(=O)O)c1ccc2c(c1)Cc1cccnc1O2,train
CC(C(=O)O)c1ccc2c(c1)[nH]c1ccc(Cl)cc12,train
CC(C(=O)O)c1cccc(C(=O)c2ccccc2)c1,train
CC(C(=O)c1ccccc1)N(C)C,train
CC(C(O)c1ccc(O)cc1)N1CCC(Cc2ccccc2)CC1,train
CC(C)(C#N)/N=N/C(C)(C)C#N,train
CC(C)(C#N)C(C)(C)C#N,train
CC(C)(C#N)Nc1nc(Cl)nc(NC2CC2)n1,train
CC(C)(C(=O)O)c1ccc(C(O)CCCN2CCC(C(O)(c3ccccc3)c3ccccc3)CC2)cc1,train
CC(C)(C)C(=O)/C=C/c1ccc(Cl)cc1,train
CC(C)(C)C(=O)C(=O)O,train
CC(C)(C)C(=O)C(Cl)Cl,train
CC(C)(C)C(=O)C(Oc1ccc(Cl)cc1)n1cncn1,train
CC(C)(C)C(=O)C1C(=O)c2ccccc2C1=O,train
CC(C)(C)C(=O)CC(=O)C(C)(C)C,train
CC(C)(C)C(=O)CCc1ccc(Cl)cc1,train
CC(C)(C)C(=O)CCl,train
CC(C)(C)C(=O)Cl,train
CC(C)(C)C(=O)NCCCC(=O)O,train
CC(C)(C)C(=O)O,train
CC(C)(C)C(=O)OCC(=O)[C@H]1CC[C@H]2[C@@H]3CCC4=CC(=O)CC[C@]4(C)[C@H]3CC[C@]12C,train
CC(C)(C)C(=O)OCOC(=O)C1N2C(=O)CC2S(=O)(=O)C1(C)C,train
CC(C)(C)C(=O)OCOC(=O)[C@@H]1N2C(=O)[C@@H](N=CN3CCCCCC3)[C@H]2SC1(C)C,train
CC(C)(C)C(=O)OCOC(=O)[C@@H]1N2C(=O)[C@@H](NC(=O)[C@H](N)c3ccccc3)[C@H]2SC1(C)C,train
CC(C)(C)C(=O)OCOP(=O)(COCCn1cnc2c(N)ncnc21)OCOC(=O)C(C)(C)C,train
CC(C)(C)C(=O)Oc1ccc(S(=O)(=O)Nc2ccccc2C(=O)NCC(=O)[O-])cc1,train
CC(C)(C)C(=O)c1ccccc1,train
CC(C)(C)C(O)/C(=C\c1ccc(Cl)cc1Cl)n1cncn1,train
CC(C)(C)C(O)C(Cc1ccc(Cl)cc1)n1cncn1,train
CC(C)(C)C(O)C(Oc1ccc(Cl)cc1)n1cncn1,train
CC(C)(C)C1=CC(=O)C=C(C(C)(C)C)C1=O,train
CC(C)(C)C1CCC(=O)CC1,train
CC(C)(C)C1CCC(O)CC1,train
CC(C)(C)C1CCCCC1=O,train
CC(C)(C)C1CCCCC1O,train
CC(C)(C)CC(=O)OCC(=O)[C@@]1(O)CC[C@H]2[C@@H]3CCC4=CC(=O)C=C[C@]4(C)[C@H]3[C@@H](O)C[C@@]21C,train
CC(C)(C)CC(=O)OCC(=O)[C@@]12OC(C)(C)O[C@@H]1C[C@H]1[C@@H]3CCC4=CC(=O)C=C[C@]4(C)[C@@]3(F)[C@@H](O)C[C@@]12C,train
CC(C)(C)CC(C)(C)N,train
CC(C)(C)CC(C)(C)c1ccc(Nc2ccc(C(C)(C)CC(C)(C)C)cc2)cc1,train
CC(C)(C)CC(C)(C)c1ccc(O)c(-n2nc3ccccc3n2)c1,train
CC(C)(C)CC(C)(C)c1ccc(O)c(Cc2ccc(Cl)cc2Cl)c1,train
CC(C)(C)CC(C)(C)c1ccc(O)cc1,train
CC(C)(C)CC(C)(C)c1ccc(OCCO)cc1,train
CC(C)(C)CC(C)(C)c1ccc(OCCOCC[N+](C)(C)Cc2ccccc2)cc1,train
CC(C)(C)CC(C)(C)c1ccccc1O,train
CC(C)(C)CCCCCCOC(=O)c1ccccc1C(=O)OCCCCCCC(C)(C)C,train
CC(C)(C)Cl,train
CC(C)(C)N,train
CC(C)(C)N(CCO)CCO,train
CC(C)(C)N(NC(=O)c1ccc(Cl)cc1)C(=O)c1ccccc1,train
CC(C)(C)NC(=O)[C@@H]1CN(Cc2cccnc2)CCN1C[C@@H](O)C[C@@H](Cc1ccccc1)C(=O)N[C@H]1c2ccccc2C[C@H]1O,train
CC(C)(C)NC(N)=O,train
CC(C)(C)NCC(O)COc1ccc(NC(=O)NC2CCCCC2)cc1,train
CC(C)(C)NCC(O)COc1cccc2c1C[C@H](O)[C@H](O)C2,train
CC(C)(C)NCC(O)c1cc(Cl)c(N)c(C(F)(F)F)c1,train
CC(C)(C)NCC(O)c1cc(Cl)c(N)c(Cl)c1,train
CC(C)(C)NCC(O)c1cc(O)cc(O)c1.CC(C)(C)NCC(O)c1cc(O)cc(O)c1,train
CC(C)(C)NCC(O)c1ccc(O)c(CO)c1,train
CC(C)(C)NCC(O)c1ccc(O)c(CO)n1,train
CC(C)(C)NCC(O)c1ccccc1Cl,train
CC(C)(C)NCCNC(C)(C)C,train
CC(C)(C)NCCO,train
CC(C)(C)NC[C@H](O)COc1cccc2c1CCCC2=O,train
CC(C)(C)NC[C@H](O)COc1ccccc1C1CCCC1.CC(C)(C)NC[C@H](O)COc1ccccc1C1CCCC1,train
CC(C)(C)NC[C@H](O)c1ccc(O)cc1Cl,train
CC(C)(C)NSc1nc2ccccc2s1,train
CC(C)(C)OC(=O)N1C[C@@H](F)C[C@H]1C(=O)O,train
CC(C)(C)OC(=O)c1ccc(O)cc1,train
CC(C)(C)OC(=O)c1cccc(N)c1,train
CC(C)(C)OC(=O)c1ccccc1C(=O)O,train
CC(C)(C)OC=O,train
CC(C)(C)OCC1CO1,train
CC(C)(C)OOC(=O)c1ccccc1,train
CC(C)(C)OOC(C)(C)C,train
CC(C)(C)OOC(C)(C)CCC(C)(C)OOC(C)(C)C,train
CC(C)(C)S,train
CC(C)(C)c1cc(C(C)(C)C)c(O)c(C(C)(C)C)c1,train
CC(C)(C)c1cc(C=O)cc(C(C)(C)C)c1O,train
CC(C)(C)c1cc(CCC(=O)NN)cc(C(C)(C)C)c1O,train
CC(C)(C)c1cc(CCC(=O)OCC(COC(=O)CCc2cc(C(C)(C)C)c(O)c(C(C)(C)C)c2)(COC(=O)CCc2cc(C(C)(C)C)c(O)c(C(C)(C)C)c2)COC(=O)CCc2cc(C(C)(C)C)c(O)c(C(C)(C)C)c2)cc(C(C)(C)C)c1O,train
CC(C)(C)c1cc(CO)cc(C(C)(C)C)c1O,train
CC(C)(C)c1cc(Cc2cc(C(C)(C)C)c(O)c(C(C)(C)C)c2)cc(C(C)(C)C)c1O,train
CC(C)(C)c1cc(O)c(C(C)(C)C)cc1O,train
CC(C)(C)c1cc(O)ccc1O,train
CC(C)(C)c1cc([N+](=O)[O-])cc(C(C)(C)C)c1O,train
CC(C)(C)c1cc([N+](=O)[O-])cc([N+](=O)[O-])c1O,train
CC(C)(C)c1ccc(-c2ccc(C(C)(C)C)cc2)cc1,train
CC(C)(C)c1ccc(C(=O)CCCCl)cc1,train
CC(C)(C)c1ccc(C(=O)O)cc1,train
CC(C)(C)c1ccc(C(O)CCCN2CCC(C(O)(c3ccccc3)c3ccccc3)CC2)cc1,train
CC(C)(C)c1ccc(C=O)cc1,train
CC(C)(C)c1ccc(CCC=O)cc1,train
CC(C)(C)c1ccc(CN2CCN(C(c3ccccc3)c3ccc(Cl)cc3)CC2)cc1,train
CC(C)(C)c1ccc(N)cc1,train
CC(C)(C)c1ccc(O)c(C(C)(C)C)c1,train
CC(C)(C)c1ccc(O)c(O)c1,train
CC(C)(C)c1ccc(O)cc1,train
CC(C)(C)c1ccc(OC(=O)c2ccccc2O)cc1,train
CC(C)(C)c1ccc(OCC2CO2)cc1,train
CC(C)(C)c1ccc(OP(=O)(Oc2ccccc2)Oc2ccccc2)cc1,train
CC(C)(C)c1ccc(S)cc1,train
CC(C)(C)c1cccc(C(C)(C)C)c1O,train
CC(C)(C)c1cccc(O)c1,train
CC(C)(C)c1ccccc1,train
CC(C)(C)c1ccccc1O,train
CC(C)(C)c1nnc(NS(=O)(=O)c2ccc(N)cc2)s1,train
CC(C)(C)c1nnc(NS(=O)(=O)c2ccccc2)s1,train
CC(C)(C1CCC(O)CC1)C1CCC(O)CC1,train
CC(C)(CC(=O)O)C(=O)O,train
CC(C)(CCC(=O)O)C(=O)O,train
CC(C)(CCl)C(=O)Cl,train
CC(C)(CCl)c1ccccc1,train
CC(C)(CO)C(O)C(=O)NCCC(=O)NCCSSCCNC(=O)CCNC(=O)C(O)C(C)(C)CO,train
CC(C)(CO)C(O)C(=O)NCCCO,train
CC(C)(CO)CO,train
CC(C)(CO)COC(=O)C(C)(C)CO,train
CC(C)(CO)[C@@H](O)C(=O)NCCC(=O)[O-],train
CC(C)(CO)[C@@H](O)C(=O)NCCC(=O)[O-].CC(C)(CO)[C@@H](O)C(=O)NCCC(=O)[O-],train
CC(C)(CO)[C@@H](O)C(=O)NCCCC(=O)[O-].CC(C)(CO)[C@@H](O)C(=O)NCCCC(=O)[O-],train
CC(C)(CO)[C@@H](O)C(=O)NCCCO,train
CC(C)(CO)[N+](=O)[O-],train
CC(C)(COC(=O)c1ccccc1)COC(=O)c1ccccc1,train
CC(C)(COP(=O)([O-])OP(=O)([O-])OC[C@H]1O[C@@H](n2cnc3c(N)ncnc32)[C@H](O)[C@@H]1OP(=O)([O-])O)C(O)C(=O)NCCC(=O)NCCS,train
CC(C)(Cl)Cl,train
CC(C)(Cl)[N+](=O)[O-],train
CC(C)(N)C#N,train
CC(C)(N)CO,train
CC(C)(N)Cc1ccc(Cl)cc1,train
CC(C)(N)Cc1ccccc1Cl,train
CC(C)(N=C=O)c1cccc(C(C)(C)N=C=O)c1,train
CC(C)(O)C#CC(C)(C)O,train
CC(C)(O)C#N,train
CC(C)(O)C(=O)Nc1ccc([N+](=O)[O-])c(C(F)(F)F)c1,train
CC(C)(O)C(=O)O,train
CC(C)(O)C(=O)c1ccc(OCCO)cc1,train
CC(C)(O)C(=O)c1ccccc1,train
CC(C)(O)C(Cl)(Cl)Cl,train
CC(C)(O)CCC(C)(C)O,train
CC(C)(O)CCCC1=CCC(C=O)CC1,train
CC(C)(O)CCc1ccccc1,train
CC(C)(O)Cc1ccccc1,train
CC(C)(O)c1ccc(C(C)(C)O)cc1,train
CC(C)(O)c1ccccc1,train
CC(C)(OO)c1ccccc1,train
CC(C)(Oc1ccc(C2CC2(Cl)Cl)cc1)C(=O)O,train
CC(C)(Oc1ccc(C2CCCc3ccccc32)cc1)C(=O)O,train
CC(C)(Oc1ccc(CCNC(=O)c2ccc(Cl)cc2)cc1)C(=O)O,train
CC(C)(Oc1ccc(Cl)cc1)C(=O)O,train
CC(C)(Oc1ccc(Cl)cc1)C(=O)OCCCOC(=O)C(C)(C)Oc1ccc(Cl)cc1,train
CC(C)(S)C(=O)N[C@@H](CS)C(=O)O,train
CC(C)(c1cc(Br)c(O)c(Br)c1)c1cc(Br)c(O)c(Br)c1,train
CC(C)(c1cc(Br)c(OCC(Br)CBr)c(Br)c1)c1cc(Br)c(OCC(Br)CBr)c(Br)c1,train
CC(C)(c1cc(Br)c(OCCO)c(Br)c1)c1cc(Br)c(OCCO)c(Br)c1,train
CC(C)(c1cc(Cl)c(O)c(Cl)c1)c1cc(Cl)c(O)c(Cl)c1,train
CC(C)(c1ccc(O)cc1)c1ccc(O)cc1,train
CC(C)(c1ccc(OCC2CO2)cc1)c1ccc(OCC2CO2)cc1,train
CC(C)(c1ccccc1)c1ccc(O)cc1,train
CC(C)(c1ccccc1)c1ccccc1,train
CC(C)=CC(=O)C=C(C)C,train
CC(C)=CC(=O)O,train
CC(C)=CC(C)(C)C,train
CC(C)=CC1C(C(=O)OC(C#N)c2cccc(Oc3ccccc3)c2)C1(C)C,train
CC(C)=CC1C(C(=O)OCc2cccc(Oc3ccccc3)c2)C1(C)C,train
CC(C)=CC1C(C(=O)OCc2coc(Cc3ccccc3)c2)C1(C)C,train
CC(C)=CC=O,train
CC(C)=CCC/C(C)=C/C=C\C(C)=C\C=C\C(C)=C\C=C/C=C(C)/C=C/C=C(C)/C=C\C=C(/C)CCC=C(C)C,train
CC(C)=CCC/C(C)=C/CC/C(C)=C/C(=O)OCC(=O)[C@@]1(O)CC[C@H]2[C@@H]3CCC4=CC(=O)C=C[C@]4(C)[C@H]3[C@@H](O)C[C@@]21C,train
CC(C)=CCC/C(C)=C/CC/C(C)=C/CC/C(C)=C/CC1=C(C)C(=O)c2ccccc2C1=O,train
CC(C)=CCC/C(C)=C/CC/C(C)=C/CC/C=C(\C)CC/C=C(\C)CCC=C(C)C,train
CC(C)=CCC/C(C)=C/CC/C(C)=C/CCC(=O)OC/C=C(\C)CCC=C(C)C,train
CC(C)=CCC/C(C)=C/CC/C(C)=C/CO,train
CC(C)=CCC/C(C)=C/CO,train
CC(C)=CCC/C(C)=C/COC=O,train
CC(C)=CCC/C(C)=C\CO,train
CC(C)=CCC1=C(O)C(=O)c2ccccc2C1=O,train
CC(C)=CCC1C(=O)N(c2ccccc2)N(c2ccccc2)C1=O,train
CC(C)=CCCC(C)=CC(=O)O,train
CC(C)=CCCC(C)=CC=O,train
CC(C)=CCCC(C)C=O,train
CC(C)=CCCC(C)CC(=O)O,train
CC(C)=CCCC(C)CC=O,train
CC(C)=CCCC(C)CCO,train
CC(C)=CCCC(C)CCOC=O,train
CC(C)=CCC[C@@](C)(O)[C@H]1CC=C(C)CC1,train
CC(C)=CCC[C@H](C)CCO,train
CC(C)=CCC[C@](C)(O)[C@@H]1CC=C(C)CC1,train
CC(C)=CCN1CC[C@@]2(C)c3cc(O)ccc3C[C@@H]1[C@@H]2C.O=C(O)CCC(=O)O,train
CC(C)=CCN1CC[C@]2(C)c3cc(O)ccc3C[C@H]1[C@H]2C.O=C(O)CCC(=O)O,train
CC(C)=CCNc1ncnc2c1ncn2[C@@H]1O[C@H](CO)[C@@H](O)[C@H]1O,train
CC(C)=CCO,train
CC(C)=CCOC(=O)c1ccccc1,train
CC(C)=CCOc1c2occc2cc2ccc(=O)oc12,train
CC(C)=CCOc1ccc(/C=C/C(=O)c2ccc(OCC=C(C)C)cc2OCC(=O)O)cc1,train
CC(C)=CCl,train
CC(C)=C[C@@H]1[C@@H](C(=O)OCc2coc(Cc3ccccc3)c2)C1(C)C,train
CC(C)=O,train
CC(C)Br,train
CC(C)C#N,train
CC(C)C(=O)Nc1ccc([N+](=O)[O-])c(C(F)(F)F)c1,train
CC(C)C(=O)Nc1cccc(C(F)(F)F)c1,train
CC(C)C(=O)Nc1cccc(C2CN3CCSC3=N2)c1,train
CC(C)C(=O)O,train
CC(C)C(=O)OC(=O)C(C)C,train
CC(C)C(=O)OCC(C)(C)C(O)C(C)C,train
CC(C)C(=O)OCC(C)(C)C(OC(=O)C(C)C)C(C)C,train
CC(C)C(=O)OCC=Cc1ccccc1,train
CC(C)C(=O)OCCOc1ccccc1,train
CC(C)C(=O)OCCc1ccccc1,train
CC(C)C(=O)OCc1cccc(OC(=O)[C@@H]2N3C(=O)[C@@H](NC(=O)Cc4ccccc4)[C@H]3SC2(C)C)c1,train
CC(C)C(=O)c1ccccc1,train
CC(C)C(Br)C(=O)NC(N)=O,train
CC(C)C(C(=O)OC(C#N)c1cccc(Oc2ccccc2)c1)c1ccc(Cl)cc1,train
CC(C)C(C)(N)C#N,train
CC(C)C(C)C,train
CC(C)C(Nc1ccc(C(F)(F)F)cc1Cl)C(=O)OC(C#N)c1cccc(Oc2ccccc2)c1,train
CC(C)C(O)(c1ccc(OC(F)(F)F)cc1)c1cncnc1,train
CC(C)C(O)C(C)(C)CO,train
CC(C)C(OC(=O)c1ccccc1)C(C)(C)COC(=O)c1ccccc1,train
CC(C)C1(C)N=C(c2ncccc2C(=O)O)NC1=O,train
CC(C)C1=CC2=CC[C@@H]3[C@](C)(CCC[C@@]3(C)C(=O)O)[C@H]2CC1,train
CC(C)C1=CC2=CC[C@@H]3[C@](C)(CCC[C@@]3(C)C(=O)[O-])[C@H]2CC1,train
CC(C)C1CCC(Cc2ccc(Cl)cc2)C1(O)Cn1cncn1,train
CC(C)C1CCC(O)CC1,train
CC(C)C=O,train
CC(C)CC#N,train
CC(C)CC(=O)C1C(=O)c2ccccc2C1=O,train
CC(C)CC(=O)CC(C)C,train
CC(C)CC(=O)CC(C)CC(C)C,train
CC(C)CC(=O)N[C@H](C(=O)N[C@H](C(=O)N[C@@H](CC(C)C)[C@@H](O)CC(=O)N[C@@H](C)C(=O)N[C@@H](CC(C)C)[C@@H](O)CC(=O)O)C(C)C)C(C)C,train
CC(C)CC(=O)O,train
CC(C)CC(=O)OCc1ccccc1,train
CC(C)CC(C)(C)C,train
CC(C)CC(C)(N)C#N,train
CC(C)CC(C)(O)C#CC(C)(O)CC(C)C,train
CC(C)CC(C)(c1ccc(O)cc1)c1ccc(O)cc1,train
CC(C)CC(C)CC(C)CC(C)COC(=O)c1ccccc1C(=O)OCC(C)CC(C)CC(C)CC(C)C,train
CC(C)CC(C)CC(O)CC(C)C,train
CC(C)CC(C)N,train
CC(C)CC(C)N(c1ccccc1)c1ccc(N)cc1,train
CC(C)CC(C)Nc1ccc(Nc2ccccc2)cc1,train
CC(C)CC(C)O,train
CC(C)CC(N(C)C)C1(c2ccc(Cl)cc2)CCC1,train
CC(C)CC(NC(=O)CNC(=O)[C@H](Cc1ccc(O)cc1)NC(=O)[C@@H](CO)NC(=O)[C@@H](Cc1c[nH]c2ccccc12)NC(=O)[C@@H](Cc1c[nH]cn1)NC(=O)[C@H]1CCC(=O)N1)C(=O)N[C@H](CCCNC(=N)N)C(=O)N1CCC[C@@H]1C(=O)NCC(N)=O,train
CC(C)CC(O)CC(C)C,train
CC(C)CC(O)Cc1ccccc1,train
CC(C)CC=C(C=O)c1ccccc1,train
CC(C)CCC(=O)CCC(C)C,train
CC(C)CCC(=O)O[C@H]1CC[C@H]2[C@@H]3CCC4=CC(=O)CC[C@]4(C)[C@H]3CC[C@]12C,train
CC(C)CCCC(=O)O,train
CC(C)CCCC(C)(C)O,train
CC(C)CCCC(C)CC=O,train
CC(C)CCCC(C)CCCC(C)CCCCC(C)CCCC(C)CCCC(C)C,train
CC(C)CCCC(C)CCO,train
CC(C)CCCC(C)N,train
CC(C)CCCC(C)NCCC(C)C,train
CC(C)CCCCCCCCCCCCCCC(=O)O,train
CC(C)CCCCCCCOC(=O)CCCCC(=O)OCCCCCCCC(C)C,train
CC(C)CCCCCCCOC(=O)c1ccc(C(=O)OCCCCCCCC(C)C)c(C(=O)OCCCCCCCC(C)C)c1,train
CC(C)CCCCCCCOC(=O)c1ccccc1C(=O)OCCCCCCCC(C)C,train
CC(C)CCCCCCCOP(=O)(Oc1ccccc1)Oc1ccccc1,train
CC(C)CCCCCCCOP(OCCCCCCCC(C)C)Oc1ccccc1,train
CC(C)CCCCCCN,train
CC(C)CCCCCCOC(=O)C1CCCCC1C(=O)OCCCCCCC(C)C,train
CC(C)CCCCCCOC(=O)CCCCC(=O)OCCCCCCC(C)C,train
CC(C)CCCCCCOC(=O)c1ccc(C(=O)OCCCCCCC(C)C)c(C(=O)OCCCCCCC(C)C)c1,train
CC(C)CCCCCCOC(=O)c1ccccc1C(=O)OCCCCCCC(C)C,train
CC(C)CCCCCCc1ccc(O)cc1,train
CC(C)CCCCCCc1ccc(OCCOCCO)cc1,train
CC(C)CCCCCOC(=O)CCCCC(=O)OCCCCCC(C)C,train
CC(C)CCCCCOC(=O)CCS,train
CC(C)CCCCCOC(=O)CS,train
CC(C)CCCCCOC(=O)c1ccccc1C(=O)OCCCCCC(C)C,train
CC(C)CCCCOC(=O)c1ccccc1C(=O)OCCCCC(C)C,train
CC(C)CCCO,train
CC(C)CCC[C@@H](C)[C@H]1CC(=O)C2=C3CC[C@H]4C[C@@H](O)CC[C@]4(C)[C@H]3CC[C@@]21C,train
CC(C)CCC[C@@H](C)[C@H]1CC[C@H]2[C@@H]3CC[C@@H]4C[C@H](O)CC[C@]4(C)[C@H]3CC[C@]12C,train
CC(C)CCO,train
CC(C)CCOC(=O)C=Cc1ccccc1,train
CC(C)CCOC(=O)CC(C)C,train
CC(C)CCOC(=O)c1ccc(N(C)C)cc1,train
CC(C)CCOC(=O)c1ccccc1,train
CC(C)CCOCc1ccccc1,train
CC(C)CCON=O,train
CC(C)CN(C[C@@H](O)[C@H](Cc1ccccc1)NC(=O)O[C@@H]1CCOC1)S(=O)(=O)c1ccc(N)cc1,train
CC(C)CN(C[C@@H](OP(=O)([O-])[O-])[C@H](Cc1ccccc1)NC(=O)O[C@H]1CCOC1)S(=O)(=O)c1ccc(N)cc1,train
CC(C)CNCC(C)C,train
CC(C)CO,train
CC(C)COC(=O)C(C)C,train
CC(C)COC(=O)C=Cc1ccccc1,train
CC(C)COC(=O)CC(C(=O)OCC(C)C)S(=O)(=O)[O-],train
CC(C)COC(=O)CCCCC(=O)OCC(C)C,train
CC(C)COC(=O)COc1cc(Cl)c(Cl)cc1Cl,train
CC(C)COC(=O)COc1ccc(Cl)cc1Cl,train
CC(C)COC(=O)OCN1C(=O)CN(CCN2CC(=O)N(COC(=O)OCC(C)C)C(=O)C2)CC1=O,train
CC(C)COC(=O)c1ccc(N)cc1,train
CC(C)COC(=O)c1ccc(O)cc1,train
CC(C)COC(=O)c1ccccc1,train
CC(C)COC(=O)c1ccccc1C(=O)OCC(C)C,train
CC(C)COC(=O)c1ccccc1O,train
CC(C)CON=O,train
CC(C)COP(=O)(OCC(C)C)OCC(C)C,train
CC(C)CP(=S)([S-])CC(C)C,train
CC(C)C[C@@H](N)C(=O)O,train
CC(C)C[C@@H](NC(=O)[C@@H](O)[C@H](N)Cc1ccccc1)C(=O)O,train
CC(C)C[C@H](CN)CC(=O)O,train
CC(C)C[C@H](NC(=O)OCC1c2ccccc2-c2ccccc21)C(=O)O,train
CC(C)C[C@H](NC(=O)[C@@H](COC(C)(C)C)NC(=O)[C@H](Cc1ccc(O)cc1)NC(=O)[C@H](CO)NC(=O)[C@H](Cc1c[nH]c2ccccc12)NC(=O)[C@H](Cc1c[nH]cn1)NC(=O)[C@@H]1CCC(=O)N1)C(=O)N[C@@H](CCCNC(=N)N)C(=O)N1CCC[C@H]1C(=O)NNC(N)=O,train
CC(C)C[P+](C)(CC(C)C)CC(C)C,train
CC(C)Cc1ccc(C(C)C(=O)O)cc1,train
CC(C)Cc1ccc(CC(=O)O)cc1,train
CC(C)Cc1ccc([C@@H](C)C(=O)NS(C)(=O)=O)cc1,train
CC(C)Cc1ccc([C@H](C)C(=O)O)cc1,train
CC(C)Cc1ccccc1,train
CC(C)Cc1nccs1,train
CC(C)Cn1cnc2c(N)nc3ccccc3c21,train
CC(C)Cn1cnc2c1c(=O)n(C)c(=O)n2C,train
CC(C)N(C(=O)CCl)c1ccccc1,train
CC(C)N(C(=O)SCC(Cl)=C(Cl)Cl)C(C)C,train
CC(C)N(C(=O)SCC(Cl)=CCl)C(C)C,train
CC(C)N(C)C,train
CC(C)N(CCC(C(N)=O)(c1ccccc1)c1ccccn1)C(C)C,train
CC(C)N(CCO)C(C)C,train
CC(C)N(Cc1ccccc1)C(=O)C(C)(C)C,train
CC(C)N(c1ccccc1)C(C)C,train
CC(C)N1C(=O)c2ccccc2C1=O,train
CC(C)N1CCN(c2ccc(OC[C@H]3CO[C@](Cn4cncn4)(c4ccc(Cl)cc4Cl)O3)cc2)CC1,train
CC(C)N=C=NC(C)C,train
CC(C)NC(=N)NC(=N)Nc1ccc(Cl)cc1,train
CC(C)NC(=O)N1CC(=O)N(c2cc(Cl)cc(Cl)c2)C1=O,train
CC(C)NC(=O)NC(C)C,train
CC(C)NC(=O)c1ccc(C=O)cc1,train
CC(C)NC(=O)c1ccccc1N,train
CC(C)NC(C)C,train
CC(C)NC(C)Cc1ccc(I)cc1,train
CC(C)NCC(O)COc1ccc(CC(N)=O)cc1,train
CC(C)NCC(O)COc1ccc(CCOCC2CC2)cc1,train
CC(C)NCC(O)COc1ccc(COCCOC(C)C)cc1.CC(C)NCC(O)COc1ccc(COCCOC(C)C)cc1,train
CC(C)NCC(O)COc1cccc2[nH]ccc12,train
CC(C)NCC(O)COc1cccc2ccccc12,train
CC(C)NCC(O)COc1ccccc1-n1cccc1,train
CC(C)NCC(O)c1cc(O)cc(O)c1.CC(C)NCC(O)c1cc(O)cc(O)c1,train
CC(C)NCC(O)c1ccc(N)c(C#N)c1,train
CC(C)NCC(O)c1ccc(NS(C)(=O)=O)cc1,train
CC(C)NCC(O)c1ccc(O)c(O)c1,train
CC(C)NCC(O)c1ccc([N+](=O)[O-])cc1,train
CC(C)NCC(O)c1ccc2ccccc2c1,train
CC(C)NCC(O)c1ccccc1Cl,train
CC(C)NCC1CCc2cc(CO)c([N+](=O)[O-])cc2N1,train
CC(C)NCCCC1(C(N)=O)c2ccccc2-c2ccccc21,train
CC(C)NC[C@@H](O)COc1ccc(CC(N)=O)cc1,train
CC(C)NC[C@@H](O)COc1cccc2ccccc12,train
CC(C)NNC(=O)c1ccncc1,train
CC(C)Nc1ccc(NC(C)C)c2c1C(=O)c1ccccc1C2=O,train
CC(C)Nc1ccc(Nc2ccccc2)cc1,train
CC(C)Nc1nc(Cl)nc(NC(C)C)n1,train
CC(C)Nc1nc(N)nc(Cl)n1,train
CC(C)O,train
CC(C)OB(OC(C)C)OC(C)C,train
CC(C)OC(=O)C(C)(C)Oc1ccc(C(=O)c2ccc(Cl)cc2)cc1,train
CC(C)OC(=O)C(C)N(C(=O)c1ccccc1)c1ccc(F)c(Cl)c1,train
CC(C)OC(=O)C(O)(c1ccc(Cl)cc1)c1ccc(Cl)cc1,train
CC(C)OC(=O)CCC(=O)OC(C)C,train
CC(C)OC(=O)CCCCC(=O)OC(C)C,train
CC(C)OC(=O)COc1ccc(Cl)cc1Cl,train
CC(C)OC(=O)Cc1ccccc1,train
CC(C)OC(=O)Nc1ccc2[nH]c(-c3cscn3)nc2c1,train
CC(C)OC(=O)Nc1cccc(Cl)c1,train
CC(C)OC(=O)Nc1ccccc1,train
CC(C)OC(=O)OCOP(=O)(CO[C@H](C)Cn1cnc2c(N)ncnc21)OCOC(=O)OC(C)C,train
CC(C)OC(=O)c1cc(C(=O)OC(C)C)cc([N+](=O)[O-])c1,train
CC(C)OC(=O)c1cc2c(OCC(O)CNC(C)(C)C)cccc2[nH]1,train
CC(C)OC(=O)c1ccccc1,train
CC(C)OC(=O)c1ccccc1C(=O)OC(C)C,train
CC(C)OC(=S)[S-],train
CC(C)OC(C)C,train
CC(C)OC=O,train
CC(C)OCC1CO1,train
CC(C)OCCO,train
CC(C)OP(=O)(CP(=O)(OC(C)C)OC(C)C)OC(C)C,train
CC(C)OP(=S)(OC(C)C)SCCNS(=O)(=O)c1ccccc1,train
CC(C)OP(C)(=O)OC(C)C,train
CC(C)OS(C)(=O)=O,train
CC(C)Oc1ccc2c(=O)c(-c3ccccc3)coc2c1,train
CC(C)Oc1cccc(NC(=O)c2ccccc2C(F)(F)F)c1,train
CC(C)Oc1ccccc1O,train
CC(C)S,train
CC(C)SCc1ccco1,train
CC(C)[C@@H](C)/C=C/[C@@H](C)[C@H]1CC[C@H]2/C(=C/C=C3\C[C@@H](O)CC[C@@H]3C)CCC[C@]12C,train
CC(C)[C@@H](Nc1ccc(C(F)(F)F)cc1Cl)C(=O)OC(C#N)c1cccc(Oc2ccccc2)c1,train
CC(C)[C@@H]1CC[C@@H](C)CC1=O,train
CC(C)[C@@H]1CC[C@@H](C)C[C@H]1O,train
CC(C)[C@@]1(NC(=O)[C@@H]2C[C@@H]3c4cccc5[nH]cc(c45)C[C@H]3N(C)C2)O[C@@]2(O)[C@@H]3CCCN3C(=O)[C@H](Cc3ccccc3)N2C1=O,train
CC(C)[C@H](C(=O)OC(C#N)c1cccc(Oc2ccccc2)c1)c1ccc(OC(F)F)cc1,train
CC(C)[C@H](C(=O)O[C@H](C#N)c1cccc(Oc2ccccc2)c1)c1ccc(Cl)cc1,train
CC(C)[C@H](N)C(=O)OCC(CO)OCn1cnc2c(=O)nc(N)[nH]c21,train
CC(C)[C@H](N)C(=O)OCCOCn1cnc2c(=O)[nH]c(N)nc21,train
CC(C)[C@H]1CC[C@@H](C)CC1=O,train
CC(C)[C@H]1CC[C@H](C)C[C@@H]1O,train
CC(C)[N+](=O)[O-],train
CC(C)[N+](C)(C)CC(O)COc1cccc2ccccc12,train
CC(C)[N+](C)(CCC(C(N)=O)(c1ccccc1)c1ccccc1)C(C)C,train
CC(C)[N+](C)(CCOC(=O)C1c2ccccc2Oc2ccccc21)C(C)C,train
CC(C)[N+]1(C)C2CCC1CC(OC(=O)C(CO)c1ccccc1)C2,train
CC(C)[O][Ti]([O]CCN(CCO)CCO)([O]CCN(CCO)CCO)[O]C(C)C,train
CC(C)c1c(C(=O)Nc2ccccc2)c(-c2ccccc2)c(-c2ccc(F)cc2)n1CC[C@@H](O)C[C@@H](O)CC(=O)O,train
CC(C)c1cc(C(C)C)cc(C(C)C)c1,train
CC(C)c1cc2c(cc1S(=O)(=O)O)[C@@]1(C)CCC[C@@](C)(C(=O)O)[C@@H]1CC2,train
CC(C)c1cc2c(cc1S(=O)(=O)O)[C@@]1(C)CCC[C@@](C)(C(=O)[O-])[C@@H]1CC2,train
CC(C)c1ccc(C#N)cc1,train
CC(C)c1ccc(C(=O)N=C(N)N)cc1S(C)(=O)=O,train
CC(C)c1ccc(C(C)C)cc1,train
CC(C)c1ccc(C=O)cc1,train
CC(C)c1ccc(CO)cc1,train
CC(C)c1ccc(NC(=O)N(C)C)cc1,train
CC(C)c1ccc(O)c(C(C)C)c1,train
CC(C)c1ccc(O)cc1,train
CC(C)c1ccc(S(=O)(=O)O)cc1,train
CC(C)c1ccc(S(=O)(=O)[O-])cc1,train
CC(C)c1ccc2c(C(C)C)cc(C(C)C)c(S(=O)(=O)[O-])c2c1,train
CC(C)c1ccc2c(c1)CC[C@H]1[C@](C)(CN)CCC[C@]21C,train
CC(C)c1ccc2cc(C(C)C)ccc2c1,train
CC(C)c1ccc2ncccc2c1,train
CC(C)c1ccc2sc3ccccc3c(=O)c2c1,train
CC(C)c1cccc(C(C)C)c1,train
CC(C)c1cccc(C(C)C)c1N,train
CC(C)c1cccc(C(C)C)c1O,train
CC(C)c1cccc(O)c1,train
CC(C)c1ccccc1C(C)C,train
CC(C)c1ccccc1O,train
CC(C)c1ncc([N+](=O)[O-])n1C,train
CC(C)n1c(/C=C/[C@@H](O)C[C@@H](O)CC(=O)O)c(-c2ccc(F)cc2)c2ccccc21,train
CC(C)n1c(/C=C/[C@@H](O)C[C@@H](O)CC(=O)[O-])c(-c2ccc(F)cc2)c2ccccc21,train
CC(C=O)=Cc1ccccc1,train
CC(C=O)Cc1ccc(C(C)(C)C)cc1,train
CC(C=O)Cc1ccc(C(C)C)cc1,train
CC(C=O)Cc1ccc2c(c1)OCO2,train
CC(CC(=O)Cl)CC(C)(C)C,train
CC(CC(=O)O)CC(C)(C)C,train
CC(CC(C#N)(c1ccccc1)C(C)C)N(C)C,train
CC(CC(C#N)(c1ccccc1)c1ccccc1)N(C)C,train
CC(CC(C(N)=O)(c1ccccc1)c1ccccc1)N(C)C,train
CC(CC(C)C)=NO,train
CC(CC(c1ccccc1)c1ccccc1)NC(C)(C)C,train
CC(CC1c2ccccc2CCc2ccccc21)CN(C)C,train
CC(CC=O)CC(C)(C)C,train
CC(CC=O)CCCC(C)(C)O,train
CC(CC=O)c1ccccc1,train
CC(CCC(=O)O)(c1ccc(O)cc1)c1ccc(O)cc1,train
CC(CCC(=O)O)C(=O)O,train
CC(CCO)CC(C)(C)C,train
CC(CCO)CCCC(C)(C)O,train
CC(CCO)CCc1ccccc1,train
CC(CCc1ccc(O)cc1)NCC(O)c1ccc(O)cc1,train
CC(CCc1ccc(O)cc1)NCCc1ccc(O)c(O)c1,train
CC(CCc1ccccc1)NC(C)C(O)c1ccc(O)cc1,train
CC(CCc1ccccc1)NCC(O)c1ccc(O)c(C(N)=O)c1,train
CC(CCl)OC(C)CCl,train
CC(CCl)OP(=O)(OC(C)CCl)OC(C)CCl,train
CC(CN(C)C)C(C)(O)Cc1ccc(Cl)cc1,train
CC(CN(C)C)CN1c2ccccc2CCc2ccccc21,train
CC(CN(CCN(CC(C)OCCO)CC(C)OCCO)CC(C)OCCO)OCCO,train
CC(CN)CC(C)(C)CCN,train
CC(CN)CCCN,train
CC(CN1CC(=O)NC(=O)C1)N1CC(=O)NC(=O)C1,train
CC(CN1c2ccccc2Sc2ccc(S(=O)(=O)N(C)C)cc21)N(C)C,train
CC(CN1c2ccccc2Sc2ccccc21)N(C)C,train
CC(CO)(CO)C(=O)O,train
CC(CO)(CO)CO,train
CC(CO)(CO)[N+](=O)[O-],train
CC(CO)CO,train
CC(CO)Oc1ccccc1,train
CC(CO)c1ccccc1,train
CC(COC(=O)c1ccccc1)OC(=O)c1ccccc1,train
CC(COC(C)(C)C)OCCCO,train
CC(COCC(C)OC(=O)c1ccccc1)OC(=O)c1ccccc1,train
CC(COCCO)OCCO,train
CC(COc1ccc(C(C)(C)C)cc1)OS(=O)OCCCl,train
CC(COc1ccccc1)NC(C)C(O)c1ccc(O)cc1,train
CC(COc1ccccc1)NN,train
CC(C[N+](C)(C)C)OC(N)=O,train
CC(Cc1ccc(C(C)(C)C)cc1)CN1C[C@@H](C)O[C@@H](C)C1,train
CC(Cc1ccc(O)c(O)c1)C(C)Cc1ccc(O)c(O)c1,train
CC(Cc1ccc(O)cc1)NCC(O)c1cc(O)cc(O)c1,train
CC(Cc1ccc2c(c1)OCO2)NO,train
CC(Cc1ccccc1)(NC(=O)CN)c1ccccc1,train
CC(Cc1ccccc1)NCCCCl,train
CC(Cl)(Cl)C(=O)O,train
CC(Cl)(Cl)C(=O)[O-],train
CC(Cl)(Cl)Cl,train
CC(Cl)(Cl)[N+](=O)[O-],train
CC(Cl)C(=O)O,train
CC(Cl)C(C)Cl,train
CC(Cl)C(Cl)Cl,train
CC(Cl)CCl,train
CC(Cl)COP(=O)(OCC(C)Cl)OCC(C)Cl,train
CC(Cl)Cl,train
CC(N)=O,train
CC(N)=S,train
CC(N)C(=O)OC(C)(C)Cc1ccc(Cl)cc1,train
CC(N)C12CC3CC(CC(C3)C1)C2,train
CC(N)CCCC(C)(C)O,train
CC(N)CN,train
CC(N)Cc1ccc(O)cc1,train
CC(N)Cc1ccc2c(c1)OCO2,train
CC(N/C(=N\C#N)Nc1ccncc1)C(C)(C)C,train
CC(NC(C)(C)C)C(=O)c1cccc(Cl)c1,train
CC(NC(CCc1ccccc1)C(=O)O)C(=O)N1C(=O)N(C)CC1C(=O)O,train
CC(NN)c1ccccc1,train
CC(O)(P(=O)(O)O)P(=O)(O)O,train
CC(O)(P(=O)([O-])O)P(=O)([O-])O,train
CC(O)(c1ccc(Cl)cc1)c1ccc(Cl)cc1,train
CC(O)C#CC(C)O,train
CC(O)C(=O)O,train
CC(O)C(=O)O.CCCCCCCCCCCCCCNCCO,train
CC(O)C(=O)O.CCOc1ccc2nc3cc(N)ccc3c(N)c2c1,train
CC(O)C(=O)[O-].CC(O)C(=O)[O-],train
CC(O)C(=O)[O][Hg][c]1ccccc1,train
CC(O)C(C)O,train
CC(O)C(CO)C(C)O,train
CC(O)C1CCCCC1,train
CC(O)CC(C)(C)O,train
CC(O)CC(C)O,train
CC(O)CCCCn1c(=O)c2c(ncn2C)n(C)c1=O,train
CC(O)CCO,train
CC(O)CCl,train
CC(O)CN,train
CC(O)CN(CC(C)O)CC(C)O,train
CC(O)CN(CCCN(C)C)CCCN(C)C,train
CC(O)CN(CCN(CC(C)O)CC(C)O)CC(C)O,train
CC(O)CNCC(C)O,train
CC(O)CO,train
CC(O)COC(C)(C)C,train
CC(O)COCC(C)O,train
CC(O)COc1ccccc1,train
CC(O)Cn1cnc2c1c(=O)n(C)c(=O)n2C,train
CC(O)[C@@H]1NC(=O)[C@H](CCCCN)NC(=O)[C@@H](Cc2c[nH]c3ccccc23)NC(=O)[C@H](Cc2ccccc2)NC(=O)[C@@H](NC(=O)[C@H](N)Cc2ccccc2)CSSC[C@@H](C(=O)N[C@H](CO)[C@@H](C)O)NC1=O,train
CC(O)[C@H]1CC[C@H]2[C@@H]3CC[C@@H]4C[C@@H](O)CC[C@]4(C)[C@H]3CC[C@]12C,train
CC(O)c1ccccc1,train
CC(Oc1cc(Cl)c(Cl)cc1Cl)C(=O)O,train
CC(Oc1cc(Cl)ccc1Cl)C(=O)O,train
CC(Oc1ccc(Cl)cc1Cl)C(=O)O,train
CC(Oc1ccc(Oc2ncc(C(F)(F)F)cc2Cl)cc1)C(=O)O,train
CC(Oc1cccc(Cl)c1)C(=O)O,train
CC(S)C(=O)NCC(=O)O,train
CC(S)C(C)S,train
CC(c1cc2ccccc2s1)N(O)C(N)=O,train
CC(c1ccc(O)cc1)(c1ccc(O)cc1)c1ccc(O)cc1,train
CC(c1ccc(O)cc1)c1ccc(O)cc1,train
CC/C(=C(/CC)c1ccc(O)cc1)c1ccc(O)cc1,train
CC/C(=C(/CC)c1ccc(OP(=O)(O)O)cc1)c1ccc(OP(=O)(O)O)cc1,train
CC/C(=C(\c1ccc(O)cc1)c1ccc(OCCN(C)C)cc1)c1ccccc1,train
CC/C(=C(\c1ccccc1)c1ccc(OCCN(C)C)cc1)c1ccccc1,train
CC/C(=C(\c1ccccc1)c1ccc(OCCN(C)C)cc1)c1ccccc1.O=C(O)CC(O)(CC(=O)O)C(=O)O,train
CC/C(C)=N/O[Si](C)(O/N=C(\C)CC)O/N=C(\C)CC,train
CC/C=C/C/C=C/C/C=C/CCCCCCCC(=O)OCC,train
CC/C=C/CCCCCCCCCCOC(C)=O,train
CC/C=C/CCO,train
CC/C=C\C#N,train
CC/C=C\C/C=C\C/C=C\CCCCCCCC(=O)O,train
CC/C=C\CC/C=C/C(OCC)OCC,train
CC/C=C\CC/C=C/CO,train
CC/C=C\CC1=C(C)CCC1=O,train
CC/C=C\CCCCCCCCCCOC(C)=O,train
CC/C=C\CCCCCO,train
CC/C=C\CCCCO,train
CC/C=C\CCO,train
CC/C=C\CCOC(=O)C(C)C,train
CC/C=C\CCOC(=O)CC,train
CC/C=C\CCOC(=O)CCCCC,train
CC/C=C\CCOC(=O)c1ccccc1,train
CC/C=C\CCOC(=O)c1ccccc1O,train
CC/C=C\CCOC(C)=O,train
CC/C=C\CCOC(C)OCC,train
CC1(C(=O)Nc2ccc(O)c(Cl)c2Cl)CCCCC1,train
CC1(C)C(=O)N(Br)C(=O)N1Br,train
CC1(C)C(=O)N(Br)C(=O)N1Cl,train
CC1(C)C(=O)N(Cl)C(=O)N1Br,train
CC1(C)C(=O)N(Cl)C(=O)N1Cl,train
CC1(C)C(=O)NC(=O)N1CO,train
CC1(C)C(=O)NC(=O)NC1=O,train
CC1(C)C(C(=O)OC(C#N)c2cccc(Oc3ccccc3)c2)C1(C)C,train
CC1(C)C(C=C(Cl)Cl)C1C(=O)OC(C#N)c1cccc(Oc2ccccc2)c1,train
CC1(C)C(C=C(Cl)Cl)C1C(=O)OCc1cccc(Oc2ccccc2)c1,train
CC1(C)C(O)C(C)(C)C1O,train
CC1(C)C2CC[C@]3(C)[C@H](C(=O)C=C4[C@@H]5C[C@@](C)(C(=O)O)CC[C@]5(C)CC[C@]43C)[C@@]2(C)CC[C@@H]1O[C@H]1O[C@H](C(=O)[O-])[C@@H](O)[C@H](O)[C@H]1O[C@@H]1O[C@H](C(=O)O)[C@@H](O)[C@H](O)[C@H]1O,train
CC1(C)CC(=O)CC(C)(C)N1,train
CC1(C)CC(=O)CC(C)(C)N1[O],train
CC1(C)CC(N)CC(C)(C)N1,train
CC1(C)CC(N)CC(C)(CN)C1,train
CC1(C)CC(N=C=O)CC(C)(CN=C=O)C1,train
CC1(C)CC(O)CC(C)(C)N1,train
CC1(C)CC(O)CC(C)(C)N1[O],train
CC1(C)CC(OC(=O)CCCCCCCCC(=O)OC2CC(C)(C)NC(C)(C)C2)CC(C)(C)N1,train
CC1(C)CCC(Cc2ccc(Cl)cc2)C1(O)Cn1cncn1,train
CC1(C)CCC(NC(=O)[C@@H](N)CCC(=O)O)CC1,train
CC1(C)CON(Cc2ccccc2Cl)C1=O,train
CC1(C)CO[C@@H](CC(=O)O)CN1,train
CC1(C)C[C@@H]1C(=O)N/C(=C\CCCCSC[C@H](N)C(=O)O)C(=O)[O-],train
CC1(C)Cc2cccc(N)c2O1,train
CC1(C)Cc2cccc(O)c2O1,train
CC1(C)NC(=O)N(c2ccc([N+](=O)[O-])c(C(F)(F)F)c2)C1=O,train
CC1(C)NC(=O)NC1=O,train
CC1(C)OC(=O)NC1=O,train
CC1(C)OC[C@@H]2O[C@@]3(C(=O)O)OC(C)(C)O[C@H]3[C@@H]2O1,train
CC1(C)OC[C@@H]2O[C@@]3(C(=O)[O-])OC(C)(C)O[C@H]3[C@@H]2O1,train
CC1(C)O[C@@H]2C[C@H]3[C@@H]4CCC5=CC(=O)C=C[C@]5(C)[C@@]4(F)[C@@H](O)C[C@]3(C)[C@]2(C(=O)CO)O1,train
CC1(C)O[C@@H]2C[C@H]3[C@@H]4CCC5=CC(=O)C=C[C@]5(C)[C@H]4[C@@H](O)C[C@]3(C)[C@]2(C(=O)CO)O1,train
CC1(C)O[C@@H]2C[C@H]3[C@@H]4CCC5=CC(=O)CC[C@]5(C)[C@@]4(F)[C@@H](O)C[C@]3(C)[C@]2(C(=O)CCl)O1,train
CC1(C)O[C@@H]2C[C@H]3[C@@H]4C[C@H](F)C5=CC(=O)C=C[C@]5(C)[C@@]4(F)[C@@H](O)C[C@]3(C)[C@]2(C(=O)CO)O1,train
CC1(C)O[C@@H]2C[C@H]3[C@@H]4C[C@H](F)C5=CC(=O)C=C[C@]5(C)[C@H]4[C@@H](O)C[C@]3(C)[C@]2(C(=O)CO)O1,train
CC1(C)O[C@@H]2C[C@H]3[C@@H]4C[C@H](F)C5=CC(=O)CC[C@]5(C)[C@H]4[C@@H](O)C[C@]3(C)[C@]2(C(=O)CO)O1,train
CC1(C)O[C@H]2CC(=O)OC[C@]23[C@H]2CC[C@@]4(C)[C@H](c5ccoc5)OC(=O)[C@H]5O[C@]54[C@]2(C)C(=O)C[C@@H]13,train
CC1(C)S[C@@H]2[C@H](/N=C/N3CCCCCC3)C(=O)N2[C@H]1C(=O)O,train
CC1(C)S[C@@H]2[C@H](N)C(=O)N2[C@H]1C(=O)O,train
CC1(C)S[C@@H]2[C@H](NC(=O)C(C(=O)[O-])c3ccccc3)C(=O)N2[C@H]1C(=O)[O-],train
CC1(C)S[C@@H]2[C@H](NC(=O)[C@@H](NC(=O)N3CCNC3=O)c3ccccc3)C(=O)N2[C@H]1C(=O)[O-],train
CC1(C)S[C@@H]2[C@H](NC(=O)[C@@H](c3ccccc3)S(=O)(=O)[O-])C(=O)N2[C@H]1C(=O)[O-],train
CC1(C)S[C@@H]2[C@H](NC(=O)[C@H](N)c3ccc(O)cc3)C(=O)N2[C@H]1C(=O)O,train
CC1(C)S[C@@H]2[C@H](NC(=O)[C@H](N)c3ccccc3)C(=O)N2[C@H]1C(=O)O,train
CC1(C)S[C@@H]2[C@H](NC(=O)[C@H](N)c3ccccc3)C(=O)N2[C@H]1C(=O)OCOC(=O)[C@@H]1N2C(=O)C[C@H]2S(=O)(=O)C1(C)C,train
CC1(C)S[C@@H]2[C@H](NC(=O)[C@H](NC(=O)N3CCN(S(C)(=O)=O)C3=O)c3ccccc3)C(=O)N2[C@H]1C(=O)O,train
CC1(C)[C@@H](O)CC[C@]2(C)[C@H]3C(=O)C=C4[C@@H]5C[C@@](C)(C(=O)O)CC[C@]5(C)CC[C@@]4(C)[C@]3(C)CC[C@@H]12,train
CC1(C)[C@@H](OC(=O)CCC(=O)[O-])CC[C@]2(C)[C@H]3C(=O)C=C4[C@@H]5C[C@@](C)(C(=O)[O-])CC[C@]5(C)CC[C@@]4(C)[C@]3(C)CC[C@@H]12,train
CC1(C)[C@@H](O[C@H]2O[C@H](C(=O)O)[C@@H](O)[C@H](O)[C@H]2O[C@@H]2O[C@H](C(=O)O)[C@@H](O)[C@H](O)[C@H]2O)CC[C@]2(C)[C@H]3C(=O)C=C4[C@@H]5C[C@@](C)(C(=O)O)CC[C@]5(C)CC[C@@]4(C)[C@]3(C)CC[C@@H]12,train
CC1(C)[C@@H](O[C@H]2O[C@H](C(=O)O)[C@@H](O)[C@H](O)[C@H]2O[C@@H]2O[C@H](C(=O)[O-])[C@@H](O)[C@H](O)[C@H]2O)CC[C@]2(C)[C@H]3C(=O)C=C4[C@@H]5C[C@@](C)(C(=O)O)CC[C@]5(C)CC[C@@]4(C)[C@]3(C)CC[C@@H]12,train
CC1(C)[C@@H]2CC[C@@]1(C)C(=O)C2,train
CC1(C)[C@@H]2CC[C@@]1(C)[C@H](O)C2,train
CC1(C)[C@@H]2CC[C@@]1(C)[C@H](OC(=O)CSC#N)C2,train
CC1(C)[C@H](/C=C(\Cl)C(F)(F)F)[C@@H]1C(=O)O[C@H](C#N)c1cccc(Oc2ccccc2)c1,train
CC1(C)[C@H](/C=C2\CCSC2=O)[C@@H]1C(=O)OCc1coc(Cc2ccccc2)c1,train
CC1(C)[C@H](C(=O)O)N2C(=O)C[C@H]2S1(=O)=O,train
CC1(C)[C@H](C(=O)O[C@H](C#N)c2cccc(Oc3ccccc3)c2)[C@@H]1/C=C(\Cl)C(F)(F)F,train
CC1(C)[C@H](C(=O)O[C@H](C#N)c2cccc(Oc3ccccc3)c2)[C@@H]1C=C(Br)Br,train
CC1(C)[C@H](C=C(Cl)Cl)[C@@H]1C(=O)O[C@@H](C#N)c1cccc(Oc2ccccc2)c1,train
CC1(C)[C@H](C=C(Cl)Cl)[C@H]1C(=O)OCc1c(F)c(F)cc(F)c1F,train
CC1(C)[C@H]2CC[C@](C)(C2)[C@H]1O,train
CC1(C)[C@H]2CC[C@]1(C)[C@H](O)C2,train
CC1(CN2CCC(n3c(=O)[nH]c4ccccc43)CC2)OCc2ccccc2-n2cccc21,train
CC1(CO)CN(c2ccccc2)NC1=O,train
CC1(N)CCC(C(C)(C)N)CC1,train
CC1(O)CCC(C(C)(C)O)CC1,train
CC1(O)CSC(C)(O)CS1,train
CC12CC3CC(C)(C1)CC(N)(C3)C2,train
CC12CCC(C1)C(C)(C)C2O,train
CC12CCC(CC1=O)C2(C)C,train
CC12CCC(C[N+](C)(CCC[N+](C)(C)C)C1)C2(C)C.COS(=O)(=O)[O-].COS(=O)(=O)[O-],train
CC1=C(/C=C/C(C)=C/C=C/C(C)=C/C=C/C=C(C)/C=C/C=C(C)/C=C/C2=C(C)C[C@@H](O)CC2(C)C)C(C)(C)C[C@H](O)C1,train
CC1=C(/C=C/C(C)=C/C=C/C(C)=C/C=C\C=C(C)\C=C\C=C(C)\C=C\C2=C(C)CCCC2(C)C)C(C)(C)CCC1,train
CC1=C(/C=C/C(C)=C/C=C/C(C)=C/C=O)C(C)(C)CCC1,train
CC1=C(/C=C/C(C)=C/C=C/C(C)=C/CO)C(C)(C)CCC1,train
CC1=C(/C=C/C(C)=C/C=C/C(C)=C\C=O)C(C)(C)CCC1,train
CC1=C(/C=C/C(C)=C/C=C\C(C)=C\C(=O)O)C(C)(C)CCC1,train
CC1=C(/C=C/C(C)=C\C=C/C(C)=C/C(=O)O)C(C)(C)CCC1,train
CC1=C(Br)C(=O)C(Br)=C/C1=C(\c1ccccc1S(=O)(=O)[O-])c1cc(Br)c(O)c(Br)c1C,train
CC1=C(C(=O)O)N2C(=O)[C@@H](N)[C@H]2SC1,train
CC1=C(C(=O)O)N2C(=O)[C@@H](NC(=O)[C@H](N)C3=CCC=CC3)[C@H]2SC1,train
CC1=C(C(=O)O)N2C(=O)[C@@H](NC(=O)[C@H](N)c3ccc(O)cc3)[C@H]2SC1,train
CC1=C(C(=O)O)N2C(=O)[C@@H](NC(=O)[C@H](N)c3ccccc3)[C@H]2SC1,train
CC1=C(C)C(=O)C(CCCCC#CCCCC#CCO)=C(C)C1=O,train
CC1=C(C/C=C(\C)CCC[C@H](C)CCC[C@H](C)CCCC(C)C)C(=O)c2ccccc2C1=O,train
CC1=C(C=O)C(C)(C)CC=C1,train
CC1=C(C=O)C(C)(C)CCC1,train
CC1=C(CC(=O)O)c2cc(F)ccc2/C1=C\c1ccc(S(C)(=O)=O)cc1,train
CC1=C(CC(=O)O)c2cc(F)ccc2/C1=C\c1ccc(S(C)=O)cc1,train
CC1=C(CC=O)C(C)(C)CCC1,train
CC1=C(O)C(=O)C(C)O1,train
CC1=C(O)C(=O)CO1,train
CC1=C(O)C(=O)OC1C,train
CC1=C2[C@@H]([C@H](C)CC[C@H]2/C=C(\C)C(=O)O)[C@H](O)C1,train
CC1=C2[C@H](/C=C(\C)C(=O)O)CC[C@@H](C)[C@H]2CC1,train
CC1=CC(=O)CC(C)(C)C1,train
CC1=CC(=O)CC(C)(C)C1(O)/C=C/C(C)=C\C(=O)O,train
CC1=CC(=O)CC(C)(C)C1=O,train
CC1=CC(=O)CCC1,train
CC1=CC(=O)c2ccccc2C1=O,train
CC1=CC(C)(C)Nc2ccccc21,train
CC1=CC(C)C(C=O)C(C)C1,train
CC1=CC(C)C(C=O)CC1,train
CC1=CC(O)CC(C)(C)C1,train
CC1=CC2C3CC(C=C3C)C2C1,train
CC1=CC=C(C(C)C)CC1,train
CC1=CCC(=C(C)C)CC1,train
CC1=CCC(C(C)(C)O)CC1,train
CC1=CCC(C(C)C)C=C1,train
CC1=CCC(O)(C(C)C)CC1,train
CC1=CCC2CC1C2(C)C,train
CC1=CCCC(C)(C)C12CCC(C)O2,train
CC1=CC[C@@H]2C[C@H]1C2(C)C,train
CC1=CC[C@@]23CC1C(C)(C)[C@@H]2CC[C@H]3C,train
CC1=CC[C@H](C(C)C)C=C1,train
CC1=CC[C@H]2C[C@@H]1C2(C)C,train
CC1=NN(c2cc(Cl)c(S(=O)(=O)[O-])cc2Cl)C(=O)C1/N=N/c1ccc(S(=O)(=O)[O-])cc1,train
CC1=NN(c2cc(S(=O)(=O)[O-])ccc2Cl)C(=O)C1/N=N/c1ccccc1,train
CC1=NN(c2ccc(C(=O)O)cc2)C(=O)C1,train
CC1=NN(c2ccc(S(=O)(=O)O)cc2)C(=O)C1,train
CC1=NN(c2cccc(S(=O)(=O)O)c2)C(=O)C1,train
CC1=NN(c2ccccc2)C(=O)C1,train
CC1=Nc2ccc(Cl)cc2S(=O)(=O)N1,train
CC1CC(=O)CC(C)(C)C1,train
CC1CC(=O)O1,train
CC1CC(C)C(=O)C1=O,train
CC1CC(CC2CCC(N)C(C)C2)CCC1N,train
CC1CC(O)CC(C)(C)C1,train
CC1CC(OC(=O)c2ccccc2O)CC(C)(C)C1,train
CC1CCC(=O)C1=O,train
CC1CCC(=O)O1,train
CC1CCC(C(C)(C)S)C(=O)C1,train
CC1CCC(C(C)C)C(O)C1,train
CC1CCC(C(C)C)C(OC(=O)c2ccccc2N)C1,train
CC1CCC(C(C)CS)CC1S,train
CC1CCC(CO)CC1,train
CC1CCCC1,train
CC1CCCCC1NC(=O)Nc1ccccc1,train
CC1CCCCN1CCCOC(=O)c1ccc(OC2CCCCC2)cc1,train
CC1CCCNC1,train
CC1CCCO1,train
CC1CCc2cc(F)cc3c(=O)c(C(=O)O)cn1c23,train
CC1CN(c2cc3c(cc2F)c(=O)c(C(=O)O)cn3-c2ccc(F)cc2F)CCN1,train
CC1CN(c2ccccc2)NC1=O,train
CC1COC(=O)O1,train
CC1COC2(c3ccccc3Cl)c3cc(Cl)ccc3NC(=O)CN12,train
CC1COc2ccccc2N1,train
CC1COc2ccccc2N1C(=O)C(Cl)Cl,train
CC1NCCOC1c1ccccc1,train
CC1OC(C)OC(C)O1,train
CC1OC1C1CCC2(C)OC2C1,train
CC=C(C)C(=O)OCCC(C)CCC=C(C)C,train
CC=C(CC)C(=O)NC(N)=O,train
CC=C(Cl)Cl,train
CC=CC(=O)CC,train
CC=CC(=O)CCCC,train
CC=CC(=O)N(CC)c1ccccc1C,train
CC=CC(=O)O,train
CC=CC=CCOC(=O)C(C)C,train
CC=CC=NNC(=O)c1ccncc1,train
CC=CC=O,train
CC=CCC#N,train
CC=Cc1ccc(O)c(OC)c1,train
CC=Cc1ccc(OC)cc1,train
CC=Cc1ccc2c(c1)OCO2,train
CC=O,train
CCBr,train
CCC#N,train
CCC(=C(CC)c1ccc(O)cc1)c1ccc(O)cc1,train
CCC(=O)/C=C/C1C(C)=CCCC1(C)C,train
CCC(=O)C(=O)CC,train
CCC(=O)C(CC(C)N(C)C)(c1ccccc1)c1ccccc1,train
CCC(=O)C(CCN(C)C)(c1ccccc1)c1ccccc1,train
CCC(=O)C1CC(C(C)C)CC=C1C,train
CCC(=O)C=Cc1ccc(OC)cc1,train
CCC(=O)CC,train
CCC(=O)N(c1ccc(F)cc1)C1CCN(CCc2ccccc2)CC1,train
CCC(=O)N(c1ccccc1)C1(COC)CCN(CCc2cccs2)CC1.O=C(O)CC(O)(CC(=O)O)C(=O)O,train
CCC(=O)N(c1ccccc1)C1CCN(C(C)Cc2ccccc2)CC1,train
CCC(=O)N(c1ccccc1)C1CCN(C(C)Cc2cccs2)CC1,train
CCC(=O)N(c1ccccc1)C1CCN(CC(O)c2ccccc2)CC1,train
CCC(=O)N(c1ccccc1)C1CCN(CCc2ccccc2)CC1,train
CCC(=O)N(c1ccccc1)C1CCN(CCc2cccs2)CC1,train
CCC(=O)N(c1ccccc1)C1CCNCC1,train
CCC(=O)N(c1ccccc1)[C@@H]1CCN(CCc2ccccc2)C[C@@H]1C,train
CCC(=O)N(c1ccccc1)[C@H]1CCN(CCc2ccccc2)C[C@@H]1C,train
CCC(=O)Nc1ccc(Cl)c(Cl)c1,train
CCC(=O)Nc1ccc(O)cc1,train
CCC(=O)Nc1cccc(N)c1,train
CCC(=O)OC,train
CCC(=O)OC(=O)CC,train
CCC(=O)OC(C)(C)C1CC=C(C)CC1,train
CCC(=O)OC(C)c1ccccc1,train
CCC(=O)OC/C=C/c1ccccc1,train
CCC(=O)OC1(c2ccccc2)CCN(C)CC1,train
CCC(=O)OCC(=O)[C@@]1(OC(=O)CC)[C@@H](C)C[C@H]2[C@@H]3CCC4=CC(=O)C=C[C@]4(C)[C@@]3(Cl)[C@@H](O)C[C@@]21C,train
CCC(=O)OCC(=O)[C@@]1(OC(=O)CC)[C@H](C)C[C@H]2[C@H]3[C@H]([C@@H](O)C[C@@]21C)[C@@]1(C)C=CC(=O)C=C1C[C@H]3Cl,train
CCC(=O)OCCC(C)CCC=C(C)C,train
CCC(=O)OCCOc1ccccc1,train
CCC(=O)OCCc1ccccc1,train
CCC(=O)OCc1ccc(OC)cc1,train
CCC(=O)OCc1ccccc1,train
CCC(=O)O[C@@H]1C=C2CCC3C(CCC4(C)C3CC[C@@H]4OC(=O)CC)C2CC1,train
CCC(=O)O[C@@H]1CC(=O)O[C@H](C)CC=CC=C[C@H](O)[C@H](C)C[C@H](CC=O)[C@H](O[C@@H]2O[C@H](C)[C@@H](O[C@H]3C[C@@](C)(O)[C@@H](OC(=O)CC)[C@H](C)O3)[C@H](N(C)C)[C@H]2O)[C@H]1OC,train
CCC(=O)O[C@@H]1C[C@H]2CC[C@]1(C)C2(C)C,train
CCC(=O)O[C@H]1CC[C@H]2[C@@H]3CCC4=CC(=O)CC[C@]4(C)[C@H]3CC[C@]12C,train
CCC(=O)O[C@H]1CC[C@H]2[C@@H]3CCc4cc(O)ccc4[C@H]3CC[C@]12C,train
CCC(=O)O[C@H]1[C@H](O[C@@H]2[C@@H](C)[C@H](O[C@H]3C[C@@](C)(OC)[C@@H](O)[C@H](C)O3)[C@@H](C)C(=O)O[C@H](CC)[C@@](C)(O)[C@H](O)[C@@H](C)C(=O)[C@H](C)C[C@@]2(C)O)O[C@H](C)C[C@@H]1N(C)C,train
CCC(=O)O[C@H]1[C@H](O[C@@H]2[C@@H](C)[C@H](O[C@H]3C[C@@](C)(OC)[C@@H](O)[C@H](C)O3)[C@@H](C)C(=O)O[C@H](CC)[C@@](C)(O)[C@H](O)[C@@H](C)C(=O)[C@H](C)C[C@@]2(C)O)O[C@H](C)C[C@@H]1N(C)C.CCCCCCCCCCCCOS(=O)(=O)O,train
CCC(=O)O[C@](Cc1ccccc1)(c1ccccc1)[C@H](C)CN(C)C,train
CCC(=O)O[C@]1(C(=O)CCl)[C@@H](C)C[C@H]2[C@@H]3CCC4=CC(=O)C=C[C@]4(C)[C@@]3(F)[C@@H](O)C[C@@]21C,train
CCC(=O)O[C@]1(C(=O)CCl)[C@@H](C)C[C@H]2[C@@H]3C[C@H](F)C4=CC(=O)C=C[C@]4(C)[C@@]3(F)[C@@H](O)C[C@@]21C,train
CCC(=O)O[C@]1(C(=O)COC)[C@@H](C)C[C@H]2[C@@H]3CCC4=CC(=O)C=C[C@]4(C)C3(F)[C@@H](O)C[C@@]21C,train
CCC(=O)O[C@]1(C(=O)SCF)[C@H](C)C[C@H]2C3C[C@H](F)C4=CC(=O)C=C[C@]4(C)[C@@]3(F)[C@@H](O)C[C@@]21C,train
CCC(=O)O[C@]1(c2ccccc2)CCN(C)C[C@H]1C,train
CCC(=O)Oc1ccc(/C(CC)=C(\CC)c2ccc(OC(=O)CC)cc2)cc1,train
CCC(=O)Oc1ccc2c(c1)CC[C@@H]1[C@@H]2CC[C@@]2(C)[C@H]1C[C@@H](OC(=O)CC)[C@@H]2OC(=O)CC,train
CCC(=O)Oc1ccc2c(c1)CC[C@@H]1[C@@H]2CC[C@]2(C)[C@@H](OC(=O)CC)CC[C@@H]12,train
CCC(=O)[N-]S(=O)(=O)c1ccc(-c2c(-c3ccccc3)noc2C)cc1,train
CCC(=O)[O-],train
CCC(=O)[O-].CCC(=O)[O-],train
CCC(=O)c1c(O)cc(O)cc1O,train
CCC(=O)c1ccc(Cl)cc1,train
CCC(=O)c1ccc(O)cc1,train
CCC(=O)c1ccc2c(c1)N(CCCN(C)C)c1ccccc1S2,train
CCC(=O)c1ccc2c(c1)N(CCCN1CCN(CCO)CC1)c1ccccc1S2,train
CCC(=O)c1cccc(Cl)c1,train
CCC(=O)c1ccccc1,train
CCC(Br)(CC)C(=O)NC(N)=O,train
CCC(C(=O)NC(=O)NC(C)=O)c1ccccc1,train
CCC(C(=O)NC(N)=O)c1ccccc1,train
CCC(C(=O)O)c1ccc(N2Cc3ccccc3C2=O)cc1,train
CCC(C(=O)OCCN(CC)CC)c1ccccc1,train
CCC(C(=O)OCCOCCN(CC)CC)c1ccccc1.O=C(O)CC(O)(CC(=O)O)C(=O)O,train
CCC(C(N)=O)N1CCCC1=O,train
CCC(C)(C#N)/N=N/C(C)(C#N)CC,train
CCC(C)(C)C,train
CCC(C)(C)C(=O)O,train
CCC(C)(C)C(=O)O[C@H]1C[C@@H](C)C=C2C=C[C@H](C)[C@H](CC[C@@H]3C[C@@H](O)CC(=O)O3)[C@H]21,train
CCC(C)(C)C1CCC(=O)CC1,train
CCC(C)(C)C1CCC(O)CC1,train
CCC(C)(C)C1CCC(OC)CC1,train
CCC(C)(C)C1CCCCC1OC(C)=O,train
CCC(C)(C)CC,train
CCC(C)(C)O,train
CCC(C)(C)OC,train
CCC(C)(C)OC(=O)N[C@@H](Cc1c[nH]c2ccccc12)C(=O)N[C@@H](CCSC)C(=O)N[C@@H](CC(=O)O)C(=O)N[C@@H](Cc1ccccc1)C(N)=O,train
CCC(C)(C)c1cc(-n2nc3ccccc3n2)c(O)c(C(C)(C)CC)c1,train
CCC(C)(C)c1cc(O)c(C(C)(C)CC)cc1O,train
CCC(C)(C)c1ccc(CC(C)CN2C[C@@H](C)O[C@@H](C)C2)cc1,train
CCC(C)(C)c1ccc(O)c(C(C)(C)CC)c1,train
CCC(C)(C)c1ccc(O)cc1,train
CCC(C)(CC)c1cc(NC(=O)c2c(OC)cccc2OC)on1,train
CCC(C)(CCC(C)C)C(=O)O,train
CCC(C)(CCC(C)C)C(=O)[O-].CCC(C)(CCC(C)C)C(=O)[O-],train
CCC(C)(CCC(C)C)C(=O)[O-].CCC(C)(CCC(C)C)C(=O)[O-].[Zn+2],train
CCC(C)(CCC(C)C)C(=O)[O][Sn]([CH3])([CH3])[O]C(=O)C(C)(CC)CCC(C)C,train
CCC(C)(CCCC(C)C)OC(C)=O,train
CCC(C)(CN(C)C)OC(=O)c1ccccc1,train
CCC(C)(NC(=O)c1cc(Cl)c(C)c(Cl)c1)C(=O)CCl,train
CCC(C)(O)CCC=C(C)C,train
CCC(C)(O)CCCC(C)C,train
CCC(C)(Oc1ccc(C2(c3ccc(OC(C)(CC)C(=O)O)cc3)CCCCC2)cc1)C(=O)O,train
CCC(C)(S(=O)(=O)CC)S(=O)(=O)CC,train
CCC(C)(c1ccc(O)cc1)c1ccc(O)cc1,train
CCC(C)=NO,train
CCC(C)=O,train
CCC(C)Br,train
CCC(C)C(=O)O,train
CCC(C)C(=O)OCCc1ccccc1,train
CCC(C)C(C(=O)OCC[N+](C)(CC)CC)c1ccccc1,train
CCC(C)C(C)(COC(N)=O)COC(N)=O,train
CCC(C)C(C)=O,train
CCC(C)C(N)C(=O)O,train
CCC(C)C1CCCCC1=O,train
CCC(C)C=O,train
CCC(C)CCCC(C)(C)O,train
CCC(C)CO,train
CCC(C)COC(=O)CC(C)C,train
CCC(C)COC(C)=O,train
CCC(C)Cl,train
CCC(C)N,train
CCC(C)N(C)C(=O)c1cc2ccccc2c(-c2ccccc2Cl)n1,train
CCC(C)NC(N)=O,train
CCC(C)Nc1c([N+](=O)[O-])cc(C(C)(C)C)cc1[N+](=O)[O-],train
CCC(C)Nc1ccc(NC(C)CC)cc1,train
CCC(C)O,train
CCC(C)OC(=O)N1CCCCC1CCO,train
CCC(C)OC(=O)c1ccc(O)cc1,train
CCC(C)OC(C)CC,train
CCC(C)S,train
CCC(C)SSC(C)CC,train
CCC(C)[C@H]1O[C@]2(C=C[C@@H]1C)C[C@@H]1C[C@@H](CC=C(C)[C@@H](O[C@H]3C[C@H](OC)[C@@H](O[C@H]4C[C@H](OC)[C@H](NC(C)=O)[C@H](C)O4)[C@H](C)O3)[C@@H](C)C=CC=C3CO[C@@H]4[C@H](O)C(C)=C[C@@H](C(=O)O1)[C@]34O)O2,train
CCC(C)c1cc(C(C)(C)C)c(O)c(C(C)(C)C)c1,train
CCC(C)c1cc([N+](=O)[O-])cc([N+](=O)[O-])c1O,train
CCC(C)c1cc([N+](=O)[O-])cc([N+](=O)[O-])c1OC(=O)C=C(C)C,train
CCC(C)c1cc([N+](=O)[O-])cc([N+](=O)[O-])c1OC(=O)OC(C)C,train
CCC(C)c1ccc(O)cc1,train
CCC(C)c1cccc(C(C)CC)c1O,train
CCC(C)c1ccccc1O,train
CCC(C)c1nccnc1OC,train
CCC(C)n1c(=O)[nH]c(C)c(Br)c1=O,train
CCC(C=O)CC,train
CCC(CC)(CNC(=O)CCCO)c1cccc(OC)c1,train
CCC(CC)C(=O)O,train
CCC(CC)C(C)CCOC(C)=O,train
CCC(CC)CO,train
CCC(CC)Nc1c([N+](=O)[O-])cc(C)c(C)c1[N+](=O)[O-],train
CCC(CC)Nc1ccc(C)c(C)c1,train
CCC(CN)=C(c1ccccc1)c1ccccc1,train
CCC(CN)CC(C)CCNCC(O)CNCC(C)CC(CC)CN,train
CCC(CO)(CO)CO,train
CCC(CO)(CO)COCC(CC)(CO)CO,train
CCC(CO)(CO)[N+](=O)[O-],train
CCC(CO)CO,train
CCC(COC(=O)CCS)(COC(=O)CCS)COC(=O)CCS,train
CCC(COC(=O)c1cc(OC)c(OC)c(OC)c1)(c1ccccc1)N(C)C,train
CCC(Cc1c(I)cc(I)c(N)c1I)C(=O)O,train
CCC(Cc1c(I)cc(I)c(O)c1I)C(=O)O,train
CCC(Cl)C(Cl)C(Cl)CC(Cl)C(Cl)C(C)Cl,train
CCC(Cl)CC(Cl)C(Cl)C(Cl)C(Cl)C(C)Cl,train
CCC(Cl)CCC(Cl)C(Cl)CC(Cl)C(Cl)C(Cl)CCl,train
CCC(Cl)CCl,train
CCC(Cl)[N+](=O)[O-],train
CCC(N)(CO)CO,train
CCC(N)Cc1c[nH]c2ccccc12,train
CCC(NC(C)C)C(O)c1ccc(O)c(O)c1,train
CCC(O)C(C)(C)C,train
CCC(O)OC(O)CC,train
CCC(O)OCC(C)OC(O)CC,train
CCC(O)OCCCOC,train
CCC(OCCCOC)OC(C)=O,train
CCC/C=C/C=O,train
CCC/C=C/CO,train
CCC1(C)CC(=O)NC1=O,train
CCC1(C)NC(=O)NC1=O,train
CCC1(CC)C(=O)N=C([O-])NC1=O,train
CCC1(CC)C(=O)NC(=O)N(C)C1=O,train
CCC1(CC)C(=O)NC(=O)NC1=O,train
CCC1(CCC(C)C)C(=O)NC(=O)NC1=O,train
CCC1(CO)COCOC1,train
CCC1(c2ccc(N)cc2)CCC(=O)NC1=O,train
CCC1(c2ccccc2)C(=O)N(COC)C(=O)N(COC)C1=O,train
CCC1(c2ccccc2)C(=O)NC(=O)N(C(=O)c2ccccc2)C1=O,train
CCC1(c2ccccc2)C(=O)NC(=O)N(C)C1=O,train
CCC1(c2ccccc2)C(=O)NC(=O)NC1=O,train
CCC1(c2ccccc2)CCC(=O)NC1=O,train
CCC1CCC(=O)O1,train
CCC1CCC(CCC(=O)O)C1,train
CCC1CO1,train
CCC1COC(=O)O1,train
CCC1COC(Cn2cncn2)(c2ccc(Cl)cc2Cl)O1,train
CCC1Nc2cc(Cl)c(S(N)(=O)=O)cc2S(=O)(=O)N1,train
CCC1OC(=O)C[C@@H](O)[C@H](C)[C@@H](O[C@@H]2O[C@H](C)C[C@H](N(C)C)[C@H]2O)[C@@H](CC=O)C[C@@H](C)C(=O)C=C[C@]2(C)OC2C1C,train
CCC=CC#N,train
CCC=O,train
CCCBr,train
CCCC(=NOCC)C1=C(O)CC(CC(C)SCC)CC1=O,train
CCCC(=O)C(=O)O,train
CCCC(=O)C(C)=O,train
CCCC(=O)C(CC)Sc1ccoc1C,train
CCCC(=O)CC,train
CCCC(=O)Cl,train
CCCC(=O)Nc1c(I)cc(I)c(CC(CC)C(=O)[O-])c1I,train
CCCC(=O)Nc1ccc(O)c(C(C)=O)c1,train
CCCC(=O)Nc1ccc(OCC(O)CNC(C)C)c(C(C)=O)c1,train
CCCC(=O)Nc1ncnc2c1ncn2[C@@H]1O[C@@H]2COP(=O)(O)O[C@H]2[C@H]1OC(=O)CCC,train
CCCC(=O)O,train
CCCC(=O)OC,train
CCCC(=O)OC(=O)CCC,train
CCCC(=O)OC(C)(C)Cc1ccccc1,train
CCCC(=O)OC/C=C(\C)CCC=C(C)C,train
CCCC(=O)OCC,train
CCCC(=O)OCCC(C)C,train
CCCC(=O)OCCC(C)CCC=C(C)C,train
CCCC(=O)OCCc1ccccc1,train
CCCC(=O)OCOC(=O)C1=C(C)NC(C)=C(C(=O)OC)C1c1cccc(Cl)c1Cl,train
CCCC(=O)OC[C@@H](OC(=O)CCC)[C@@H](OC(=O)CCC)[C@H](Cn1c2nc(=O)[nH]c(=O)c-2nc2cc(C)c(C)cc21)OC(=O)CCC,train
CCCC(=O)OCc1ccccc1,train
CCCC(=O)O[C@]1(C(=O)CC)CC[C@H]2[C@@H]3CCC4=CC(=O)CC[C@]4(C)[C@H]3[C@@H](O)C[C@@]21C,train
CCCC(=O)O[C@]1(C(=O)CCl)[C@@H](C)C[C@H]2[C@@H]3CCC4=CC(=O)C=C[C@]4(C)[C@@]3(F)C(=O)C[C@@]21C,train
CCCC(=O)O[C@]1(C(=O)CO)CC[C@H]2[C@@H]3CCC4=CC(=O)CC[C@]4(C)[C@H]3[C@@H](O)C[C@@]21C,train
CCCC(=O)O[C@]1(C(=O)COC(=O)CC)CC[C@H]2[C@@H]3CCC4=CC(=O)CC[C@]4(C)[C@H]3[C@@H](O)C[C@@]21C,train
CCCC(=O)O[C@]1(C(=O)COC(=O)CC)[C@@H](C)C[C@H]2[C@@H]3CCC4=CC(=O)C=C[C@]4(C)[C@@]3(F)[C@@H](O)C[C@@]21C,train
CCCC(=O)O[C@]1(C(=O)COC(C)=O)CC[C@H]2[C@@H]3C[C@H](F)C4=CC(=O)C=C[C@]4(C)[C@@]3(F)[C@@H](O)C[C@@]21C,train
CCCC(=O)[O-],train
CCCC(=O)c1cc(O)c(O)cc1O,train
CCCC(=O)c1ccccc1,train
CCCC(C(=O)OCCN(CC)CC)(c1ccccc1)c1ccccc1,train
CCCC(C)(COC(N)=O)COC(=O)NC(C)C,train
CCCC(C)(COC(N)=O)COC(=O)NC1CC1,train
CCCC(C)(COC(N)=O)COC(N)=O,train
CCCC(C)=O,train
CCCC(C)C,train
CCCC(C)C(=O)O,train
CCCC(C)C(=O)OCC,train
CCCC(C)C(O)CC,train
CCCC(C)C1(CC)C(=O)N=C(O)NC1=O,train
CCCC(C)C1(CC)C(=O)N=C([S-])NC1=O,train
CCCC(C)CC,train
CCCC(C)CO,train
CCCC(C)c1ccccc1O,train
CCCC(CC)CCCCCCCN,train
CCCC(CC)c1ccccc1,train
CCCC(CCC)(C(=O)OCC)C(=O)OCC,train
CCCC(CCC)C(=O)O,train
CCCC(CCC)C(=O)[O-],train
CCCC(CCC)C(N)=O,train
CCCC(Cn1cncn1)c1ccc(Cl)cc1Cl,train
CCCC(O)C(CC)CO,train
CCCC(c1cc(C(C)(C)C)c(O)cc1C)c1cc(C(C)(C)C)c(O)cc1C,train
CCCC/C=C/C=C\C=O,train
CCCC/C=C/CCCCO,train
CCCC/C=C\CCCCCCCCCC=O,train
CCCC1CCC(=O)CC1,train
CCCC1CCC(=O)O1,train
CCCC1CCCC(=O)O1,train
CCCC1CCCCN1,train
CCCC1COC(Cn2cncn2)(c2ccc(Cl)cc2Cl)O1,train
CCCC=C(C=O)CC,train
CCCC=NO,train
CCCC=O,train
CCCCC,train
CCCCC#N,train
CCCCC(=O)Cl,train
CCCCC(=O)N(C)C,train
CCCCC(=O)O,train
CCCCC(=O)OCC(=O)[C@H]1[C@H](C)C[C@H]2[C@@H]3C[C@H](F)C4=CC(=O)C=C[C@]4(C)[C@@]3(F)[C@@H](O)C[C@@]21C,train
CCCCC(=O)OCC(=O)[C@]1(O)Cc2c(O)c3c(c(O)c2[C@@H](O[C@H]2C[C@H](NC(=O)C(F)(F)F)[C@H](O)[C@H](C)O2)C1)C(=O)c1c(OC)cccc1C3=O,train
CCCCC(=O)O[C@H]1CC[C@H]2[C@@H]3CCc4cc(O)ccc4[C@H]3CC[C@]12C,train
CCCCC(=O)O[C@]1(C(=O)CO)CC[C@H]2[C@@H]3CCC4=CC(=O)CC[C@]4(C)[C@H]3[C@@H](O)C[C@@]21C,train
CCCCC(=O)O[C@]1(C(=O)CO)[C@@H](C)C[C@H]2[C@@H]3CCC4=CC(=O)C=C[C@]4(C)[C@@]3(F)[C@@H](O)C[C@@]21C,train
CCCCC(=O)O[C@]1(C(=O)CO)[C@H](C)C[C@H]2[C@@H]3CCC4=CC(=O)C=C[C@]4(C)[C@@]3(F)[C@@H](O)C[C@@]21C,train
CCCCC(=O)[O-],train
CCCCC(C#N)(Cn1cncn1)c1ccc(Cl)cc1,train
CCCCC(C)C(=O)O,train
CCCCC(C=O)CC,train
CCCCC(CC)(CO)CO,train
CCCCC(CC)C(=O)Cl,train
CCCCC(CC)C(=O)O,train
CCCCC(CC)C(=O)OC(C)C,train
CCCCC(CC)C(=O)OCCOCCOCCOC(=O)C(CC)CCCC,train
CCCCC(CC)C(=O)OCCOCCOCCOCCOC(=O)C(CC)CCCC,train
CCCCC(CC)C(=O)[O-],train
CCCCC(CC)C(=O)[O-].CCCCC(CC)C(=O)[O-].[Ba+2],train
CCCCC(CC)CCC(CC(C)C)OS(=O)(=O)[O-],train
CCCCC(CC)CNC(=N)NC(=N)NCCCCCCNC(=N)NC(=N)NCC(CC)CCCC,train
CCCCC(CC)CNC(=O)CC(C)OC(=O)CCC(=O)O,train
CCCCC(CC)CNCC(CC)CCCC,train
CCCCC(CC)CO,train
CCCCC(CC)COC(=O)/C=C/c1ccc(OC)cc1,train
CCCCC(CC)COC(=O)/C=C\C(=O)OCC(CC)CCCC,train
CCCCC(CC)COC(=O)C(C#N)=C(c1ccccc1)c1ccccc1,train
CCCCC(CC)COC(=O)C=Cc1ccc(OC)cc1,train
CCCCC(CC)COC(=O)CC#N,train
CCCCC(CC)COC(=O)CC(C(=O)OCC(CC)CCCC)S(=O)(=O)[O-],train
CCCCC(CC)COC(=O)CCCCC(=O)OCC(CC)CCCC,train
CCCCC(CC)COC(=O)CCCCCCCC(=O)OCC(CC)CCCC,train
CCCCC(CC)COC(=O)CCCCCCCCC(=O)OCC(CC)CCCC,train
CCCCC(CC)COC(=O)COc1cc(Cl)c(Cl)cc1Cl,train
CCCCC(CC)COC(=O)COc1ccc(Cl)cc1C,train
CCCCC(CC)COC(=O)COc1ccc(Cl)cc1Cl,train
CCCCC(CC)COC(=O)CS,train
CCCCC(CC)COC(=O)Cl,train
CCCCC(CC)COC(=O)OOC(C)(C)C,train
CCCCC(CC)COC(=O)c1c(Br)c(Br)c(Br)c(Br)c1C(=O)OCC(CC)CCCC,train
CCCCC(CC)COC(=O)c1ccc(C(=O)OCC(CC)CCCC)c(C(=O)OCC(CC)CCCC)c1,train
CCCCC(CC)COC(=O)c1ccc(C(=O)OCC(CC)CCCC)cc1,train
CCCCC(CC)COC(=O)c1ccc(N(C)C)cc1,train
CCCCC(CC)COC(=O)c1ccc(O)cc1,train
CCCCC(CC)COC(=O)c1ccccc1,train
CCCCC(CC)COC(=O)c1ccccc1C(=O)O,train
CCCCC(CC)COC(=O)c1ccccc1C(=O)OCC(CC)CCCC,train
CCCCC(CC)COC(=O)c1ccccc1O,train
CCCCC(CC)COC(C)=O,train
CCCCC(CC)COCC1CO1,train
CCCCC(CC)COCCC#N,train
CCCCC(CC)COCCCN,train
CCCCC(CC)COCCO,train
CCCCC(CC)COP(=O)(O)O,train
CCCCC(CC)COP(=O)(O)OCC(CC)CCCC,train
CCCCC(CC)COP(=O)(OCC(CC)CCCC)OCC(CC)CCCC,train
CCCCC(CC)COP(=O)(Oc1ccccc1)Oc1ccccc1,train
CCCCC(CC)COS(=O)(=O)[O-],train
CCCCC(CC)CO[N+](=O)[O-],train
CCCCC(CC)CO[PH](=O)OCC(CC)CCCC,train
CCCCC(F)(F)[C@@]1(O)CC[C@H]2[C@@H](CC(=O)[C@@H]2CCCCCCC(=O)O)O1,train
CCCCC(O)(Cn1cncn1)c1ccc(Cl)cc1Cl,train
CCCCC(O)/C=C(C)/C=C/C=C/C(=O)N1CCCC1=O,train
CCCCC(O)c1ccccc1,train
CCCCC/C(=C/c1ccccc1)CO,train
CCCCC/C=C/C=C/C=O,train
CCCCC/C=C\C/C=C\CCCCCCCC(=O)NC(C)c1ccccc1,train
CCCCC/C=C\C/C=C\CCCCCCCC(=O)O,train
CCCCC/C=C\C/C=C\CCCCCCCC(=O)OC,train
CCCCC/C=C\C/C=C\CCCCCCCC(=O)OCC,train
CCCCC/C=C\C=C\C(=O)OCC,train
CCCCC/C=C\CCC=O,train
CCCCC1(COC(=O)CCC(=O)O)C(=O)N(c2ccccc2)N(c2ccccc2)C1=O,train
CCCCC1C(=O)N(c2ccccc2)N(c2ccc(O)cc2)C1=O,train
CCCCC1C(=O)N(c2ccccc2)N(c2ccccc2)C1=O,train
CCCCC1CCC(=O)O1,train
CCCCC1CCC(O)CC1,train
CCCCC1CCCCC(=O)O1,train
CCCCC=O,train
CCCCCBr,train
CCCCCC,train
CCCCCC#CC(=O)OC,train
CCCCCC(=O)CC,train
CCCCCC(=O)O,train
CCCCCC(=O)OCC,train
CCCCCC(=O)OCCc1ccccc1,train
CCCCCC(=O)O[C@]1(C(C)=O)CC[C@H]2[C@@H]3CCC4=CC(=O)CC[C@]4(C)[C@H]3CC[C@@]21C,train
CCCCCC(C)=O,train
CCCCCC(C)N.CCCCCC(C)N,train
CCCCCC(C)O,train
CCCCCC(C)OC(=O)COc1ccc(Cl)c2cccnc12,train
CCCCCC(C=O)=Cc1ccccc1,train
CCCCCC(CC)OC(=O)CCCOc1ccc(Cl)cc1Cl,train
CCCCCC(CO)CCC,train
CCCCCC(N)=O,train
CCCCCC(O)/C=C/C=O,train
CCCCCC/C=C/C(=O)OC,train
CCCCCC/C=C/C=O,train
CCCCCC/C=C/CCCCCCCC(=O)O,train
CCCCCC/C=C\CCCCCCCC(=O)O,train
CCCCCC1=CCCC1=O,train
CCCCCC1C(=O)CCC1CC(=O)OC,train
CCCCCC1CCC(=O)O1,train
CCCCCC1CCCC(=O)O1,train
CCCCCC1Nc2cc(C(F)(F)F)c(S(N)(=O)=O)cc2S(=O)(=O)N1,train
CCCCCC=CCC(=O)OC,train
CCCCCC=CCC1CC(=O)OC1=O,train
CCCCCC=O,train
CCCCCCBr,train
CCCCCCC,train
CCCCCCC#CC(=O)OC,train
CCCCCCC#N,train
CCCCCCC(=O)CCCCCC/C=C/C[C@@H](O)[C@H](O)[C@@](N)(CO)C(=O)O,train
CCCCCCC(=O)O,train
CCCCCCC(=O)OCC,train
CCCCCCC(=O)O[C@H]1CC[C@H]2[C@@H]3CC[C@H]4CC(=O)C=C(C)[C@]4(C)[C@H]3CC[C@]12C,train
CCCCCCC(=O)O[C@H]1CC[C@H]2[C@@H]3CCc4cc(O)ccc4[C@H]3CC[C@]12C,train
CCCCCCC(=O)c1ccccc1,train
CCCCCCC(C)(C)S,train
CCCCCCC(C)Nc1ccc(Nc2ccccc2)cc1,train
CCCCCCC(C)O,train
CCCCCCC(C)OC(=O)COc1nc(F)c(Cl)c(N)c1Cl,train
CCCCCCC(C=O)=Cc1ccccc1,train
CCCCCCC(CCCCCCCCCCC(=O)OCC(COC(C)=O)OC(C)=O)OC(C)=O,train
CCCCCCC(CO)CCCC,train
CCCCCCC(O)CCCCCCCCCCC(=O)O,train
CCCCCCC(O)CCCCCCCCCCC(=O)OC,train
CCCCCCC(O)CCOC(C)=O,train
CCCCCCC(O)CO,train
CCCCCCC/C=C/C=O,train
CCCCCCC1(C)CCC(=O)O1,train
CCCCCCC1CCC(=O)O1,train
CCCCCCC1CCCC(=O)O1,train
CCCCCCC1CCOC1=O,train
CCCCCCC=O,train
CCCCCCCC,train
CCCCCCCC#N,train
CCCCCCCC(=O)CC[C@@H]1[C@@H](C/C=C\CCCC(=O)OC(C)C)[C@@H](O)C[C@H]1O,train
CCCCCCCC(=O)Cl,train
CCCCCCCC(=O)N(C)C,train
CCCCCCCC(=O)O,train
CCCCCCCC(=O)OC,train
CCCCCCCC(=O)OCC(COC(=O)CCCCCCC)OC(=O)CCCCCCC,train
CCCCCCCC(=O)OCC(O)CO,train
CCCCCCCC(=O)OCCCCCC,train
CCCCCCCC(=O)Oc1c(Br)cc(C#N)cc1Br,train
CCCCCCCC(=O)[O-].CCCCCCCC(=O)[O-].[Zn+2],train
CCCCCCCC/C=C/C(=O)[O-].CCCCCCCC/C=C/C(=O)[O-],train
CCCCCCCC/C=C/CCCCCCCC(=O)OCCOCC(OCCO)C1OC(OCCO)CC1OCCO,train
CCCCCCCC/C=C/CCCOC(C)=O,train
CCCCCCCC/C=C\CCCCCCCC(=O)N(C)CC(=O)O,train
CCCCCCCC/C=C\CCCCCCCC(=O)N(CCO)CCO,train
CCCCCCCC/C=C\CCCCCCCC(=O)NCc1ccc(O)c(OC)c1,train
CCCCCCCC/C=C\CCCCCCCC(=O)O,train
CCCCCCCC/C=C\CCCCCCCC(=O)OC,train
CCCCCCCC/C=C\CCCCCCCC(=O)OC(CO)CO,train
CCCCCCCC/C=C\CCCCCCCC(=O)OCC,train
CCCCCCCC/C=C\CCCCCCCC(=O)OCCCC,train
CCCCCCCC/C=C\CCCCCCCC(=O)OCCO,train
CCCCCCCC/C=C\CCCCCCCC(=O)OCCOC(=O)CCCCCCC/C=C\CCCCCCCC,train
CCCCCCCC/C=C\CCCCCCCC(=O)OC[C@@H](O)[C@H]1OC[C@H](O)[C@H]1O,train
CCCCCCCC/C=C\CCCCCCCC(N)=O,train
CCCCCCCC/C=C\CCCCCCCCN,train
CCCCCCCC/C=C\CCCCCCCCO,train
CCCCCCCC/C=C\CCCCCCCCOCCO,train
CCCCCCCC1CCC(=O)O1,train
CCCCCCCC1CCCC1=O,train
CCCCCCCC=O,train
CCCCCCCCBr,train
CCCCCCCCC,train
CCCCCCCCC(=O)Cl,train
CCCCCCCCC(=O)NCc1ccc(O)c(OC)c1,train
CCCCCCCCC(=O)O,train
CCCCCCCCC(=O)OCC,train
CCCCCCCCC(=O)OCC(C)OC(=O)CCCCCCCC,train
CCCCCCCCC(CCCCCC)C(=O)O,train
CCCCCCCCC(CO)CCCCCC,train
CCCCCCCCC/C=C/CC1CC(=O)OC1=O,train
CCCCCCCCC/C=C\C=C/C=C\C=C/C=C\C(=O)OCC,train
CCCCCCCCC1CCC(=O)O1,train
CCCCCCCCC1CO1,train
CCCCCCCCC=O,train
CCCCCCCCCBr,train
CCCCCCCCCC,train
CCCCCCCCCC#N,train
CCCCCCCCCC(=O)N(C)C,train
CCCCCCCCCC(=O)NO,train
CCCCCCCCCC(=O)N[O-],train
CCCCCCCCCC(=O)O,train
CCCCCCCCCC(=O)OC,train
CCCCCCCCCC(=O)OCC,train
CCCCCCCCCC(=O)O[C@H]1CC[C@H]2[C@@H]3CCC4=CC(=O)CC[C@@H]4[C@H]3CC[C@]12C,train
CCCCCCCCCC(=O)O[C@H]1CC[C@H]2[C@@H]3CCC4=CC(=O)CC[C@]4(C)[C@H]3CC[C@]12C,train
CCCCCCCCCC(C)=O,train
CCCCCCCCCC(C)C=O,train
CCCCCCCCCC(CC)c1ccc(S(=O)(=O)O)cc1,train
CCCCCCCCCC(CC)c1ccc(S(=O)(=O)O)cc1.OCCN(CCO)CCO,train
CCCCCCCCCC(CC)c1ccc(S(=O)(=O)[O-])cc1,train
CCCCCCCCCC=O,train
CCCCCCCCCCC,train
CCCCCCCCCCC(=O)O,train
CCCCCCCCCCC(CO)CCCCCCCC,train
CCCCCCCCCCC1CO1,train
CCCCCCCCCCC=CC#N,train
CCCCCCCCCCC=CC1CC(=O)OC1=O,train
CCCCCCCCCCC=O,train
CCCCCCCCCCCBr,train
CCCCCCCCCCCC,train
CCCCCCCCCCCC#N,train
CCCCCCCCCCCC(=O)N(C)CC(=O)O,train
CCCCCCCCCCCC(=O)N(C)CC(=O)[O-],train
CCCCCCCCCCCC(=O)N(CC)CC,train
CCCCCCCCCCCC(=O)N(CCO)CCO,train
CCCCCCCCCCCC(=O)NCCCN(C)C,train
CCCCCCCCCCCC(=O)O,train
CCCCCCCCCCCC(=O)O.OCCN(CCO)CCO,train
CCCCCCCCCCCC(=O)OC,train
CCCCCCCCCCCC(=O)OCC,train
CCCCCCCCCCCC(=O)OCC(C)OC(=O)CCCCC(=O)O,train
CCCCCCCCCCCC(=O)OCC(O)CO,train
CCCCCCCCCCCC(=O)OC[C@@H](O)[C@H]1OC[C@H](OCCO)[C@H]1OCCO,train
CCCCCCCCCCCC(=O)[O][Sn]([CH2]CCC)([CH2]CCC)[O]C(=O)CCCCCCCCCCC,train
CCCCCCCCCCCC(C)=O,train
CCCCCCCCCCCCBr,train
CCCCCCCCCCCCC,train
CCCCCCCCCCCCC(=O)O,train
CCCCCCCCCCCCC1CO1,train
CCCCCCCCCCCCCBr,train
CCCCCCCCCCCCCC,train
CCCCCCCCCCCCCC(=O)O,train
CCCCCCCCCCCCCC(=O)OC,train
CCCCCCCCCCCCCC(=O)OC(C)C,train
CCCCCCCCCCCCCC(=O)OCC,train
CCCCCCCCCCCCCC(=O)OCC(COP(=O)([O-])OCC[N+](C)(C)C)OC(=O)CCCCCCCCCCCCC,train
CCCCCCCCCCCCCC(=O)OCC(O)CO,train
CCCCCCCCCCCCCC/C(O)=N\C(CO)CCCCCCCCCCCCCC,train
CCCCCCCCCCCCCC=O,train
CCCCCCCCCCCCCCBr,train
CCCCCCCCCCCCCCC,train
CCCCCCCCCCCCCCC(=O)O,train
CCCCCCCCCCCCCCC(Br)C(=O)O,train
CCCCCCCCCCCCCCC1CO1,train
CCCCCCCCCCCCCCCBr,train
CCCCCCCCCCCCCCCC,train
CCCCCCCCCCCCCCCC(=O)NCCO,train
CCCCCCCCCCCCCCCC(=O)O,train
CCCCCCCCCCCCCCCC(=O)OC,train
CCCCCCCCCCCCCCCC(=O)OC(C)C,train
CCCCCCCCCCCCCCCC(=O)OC/C=C(C)/C=C/C=C(C)/C=C/C1=C(C)CCCC1(C)C,train
CCCCCCCCCCCCCCCC(=O)OCC,train
CCCCCCCCCCCCCCCC(=O)OCC(COC(=O)CCCCCCCCCCCCCCC)OC(=O)CCCCCCCCCCCCCCC,train
CCCCCCCCCCCCCCCC(=O)OCCC1CCN(CCCN2c3ccccc3Sc3ccc(S(=O)(=O)N(C)C)cc32)CC1,train
CCCCCCCCCCCCCCCC(=O)OC[C@@H](COP(=O)([O-])OCC[N+](C)(C)C)OC(=O)CCCCCCCCCCCCCCC,train
CCCCCCCCCCCCCCCC(=O)OC[C@H](COP(=O)([O-])OCC[N+](C)(C)C)OC(=O)CCCCCCCCCCCCCCC,train
CCCCCCCCCCCCCCCC(=O)OC[C@H](O)[C@H]1OC(=O)C(O)=C1O,train
CCCCCCCCCCCCCCCC(=O)O[C@@H]1CC(C)=C(/C=C/C(C)=C/C=C/C(C)=C/C=C\C=C(C)\C=C\C=C(C)\C=C\C2=C(C)C[C@@H](OC(=O)CCCCCCCCCCCCCCC)CC2(C)C)C(C)(C)C1,train
CCCCCCCCCCCCCCCC(=O)O[C@@H]1[C@@H](O)[C@@H](O)[C@@H]([C@H](NC(=O)[C@@H]2C[C@@H](CCC)CN2C)[C@H](C)Cl)O[C@@H]1SC,train
CCCCCCCCCCCCCCCC/C=C/C1CC(=O)OC1=O,train
CCCCCCCCCCCCCCCCBr,train
CCCCCCCCCCCCCCCCC,train
CCCCCCCCCCCCCCCCC(=O)O,train
CCCCCCCCCCCCCCCCC(C(=O)O)C(O)(CC(=O)O)C(=O)O,train
CCCCCCCCCCCCCCCCCBr,train
CCCCCCCCCCCCCCCCCC#N,train
CCCCCCCCCCCCCCCCCC(=O)O,train
CCCCCCCCCCCCCCCCCC(=O)OCC(CC)CCCC,train
CCCCCCCCCCCCCCCCCC(=O)OCC(O)CO,train
CCCCCCCCCCCCCCCCCC(=O)OCCCCCCCCCCCCCC(C)C,train
CCCCCCCCCCCCCCCCCC(=O)OCCO,train
CCCCCCCCCCCCCCCCCC(=O)[O-].OCC[NH+](CCO)CCO,train
CCCCCCCCCCCCCCCCCCCCCC(=O)Nc1ccn([C@@H]2O[C@H](CO)[C@@H](O)[C@@H]2O)c(=O)n1,train
CCCCCCCCCCCCCCCCCCCl,train
CCCCCCCCCCCCCCCCCCN(C)C,train
CCCCCCCCCCCCCCCCCCO,train
CCCCCCCCCCCCCCCCCCOCC(O)CO,train
CCCCCCCCCCCCCCCCCCOCCO,train
CCCCCCCCCCCCCCCCCCOC[C@H](COP(=O)([O-])OCC[N+](C)(C)C)OC,train
CCCCCCCCCCCCCCCCCCOP(=O)([O-])OC1CC[N+](C)(C)CC1,train
CCCCCCCCCCCCCCCCCCOS(=O)(=O)[O-],train
CCCCCCCCCCCCCCCCCC[N+](C)(C)C,train
CCCCCCCCCCCCCCCCCC[N+](C)(C)CCC[Si](OC)(OC)OC,train
CCCCCCCCCCCCCCCCCC[N+](C)(C)Cc1ccccc1,train
CCCCCCCCCCCCCCCCCl,train
CCCCCCCCCCCCCCCCI,train
CCCCCCCCCCCCCCCCN,train
CCCCCCCCCCCCCCCCN(C)C,train
CCCCCCCCCCCCCCCCO,train
CCCCCCCCCCCCCCCCOP(=O)([O-])OCC[N+](C)(C)C,train
CCCCCCCCCCCCCCCCOS(=O)(=O)[O-],train
CCCCCCCCCCCCCCCCSCC(COC)COP(=O)([O-])OCC[N+](C)(C)C,train
CCCCCCCCCCCCCCCC[N+](C)(C)C,train
CCCCCCCCCCCCCCCC[N+](C)(C)CC,train
CCCCCCCCCCCCCCCC[N+](C)(C)CCN(Cc1ccc(OC)cc1)c1ncccn1,train
CCCCCCCCCCCCCCCC[N+](C)(C)Cc1ccccc1,train
CCCCCCCCCCCCCCCC[n+]1ccccc1,train
CCCCCCCCCCCCCCCCn1cc[n+](C)c1,train
CCCCCCCCCCCCCCCCn1cc[n+](C)c1.F[B-](F)(F)F,train
CCCCCCCCCCCCCCCCn1cc[n+](C)c1.O=S(=O)([N-]S(=O)(=O)C(F)(F)F)C(F)(F)F,train
CCCCCCCCCCCCCCCO,train
CCCCCCCCCCCCCCCS(=O)(=O)Oc1ccccc1,train
CCCCCCCCCCCCCCC[C@H](O)[C@@H](N)CO,train
CCCCCCCCCCCCCCCl,train
CCCCCCCCCCCCCCN(C)C,train
CCCCCCCCCCCCCCN(CCO)CCO,train
CCCCCCCCCCCCCCO,train
CCCCCCCCCCCCCCOS(=O)(=O)[O-],train
CCCCCCCCCCCCCC[N+](C)(C)C,train
CCCCCCCCCCCCCC[N+](C)(C)Cc1ccccc1,train
CCCCCCCCCCCCCC[P+](CCCC)(CCCC)CCCC,train
CCCCCCCCCCCCCC[P+](CCCC)(CCCC)CCCC.CCCCCCCCCCCCc1ccccc1S(=O)(=O)[O-],train
CCCCCCCCCCCCCC[P+](CCCCCC)(CCCCCC)CCCCCC,train
CCCCCCCCCCCCCC[n+]1ccc(C)cc1,train
CCCCCCCCCCCCCC[n+]1ccccc1,train
CCCCCCCCCCCCCCn1cc[n+](C)c1,train
CCCCCCCCCCCCCCn1cc[n+](C)c1.O=S(=O)([N-]S(=O)(=O)C(F)(F)F)C(F)(F)F,train
CCCCCCCCCCCCCN1CC(C)OC(C)C1,train
CCCCCCCCCCCCCO,train
CCCCCCCCCCCCCOC(=O)CCSCCC(=O)OCCCCCCCCCCCCC,train
CCCCCCCCCCCCCOP(=O)(O)O,train
CCCCCCCCCCCCCOS(=O)(=O)[O-],train
CCCCCCCCCCCCCl,train
CCCCCCCCCCCCI,train
CCCCCCCCCCCCN,train
CCCCCCCCCCCCN(C)C,train
CCCCCCCCCCCCN(CCCCCCCCCCCC)CCCCCCCCCCCC,train
CCCCCCCCCCCCN(CCO)CCO,train
CCCCCCCCCCCCN1CCCC1=O,train
CCCCCCCCCCCCN1CCCCCC1=O,train
CCCCCCCCCCCCN1CCOCC1,train
CCCCCCCCCCCCNC(=N)N,train
CCCCCCCCCCCCO,train
CCCCCCCCCCCCOC(=O)c1cc(O)c(O)c(O)c1,train
CCCCCCCCCCCCOC(=O)c1ccc(O)cc1,train
CCCCCCCCCCCCOC(C)=O,train
CCCCCCCCCCCCOCC1CO1,train
CCCCCCCCCCCCOCCCN,train
CCCCCCCCCCCCOCCO,train
CCCCCCCCCCCCOCCOCCOCCOCCOCCOCCOCCOCCOCCO,train
CCCCCCCCCCCCOCCOS(=O)(=O)[O-],train
CCCCCCCCCCCCOS(=O)(=O)O.OCCN(CCO)CCO,train
CCCCCCCCCCCCOS(=O)(=O)[O-],train
CCCCCCCCCCCCS,train
CCCCCCCCCCCCSC,train
CCCCCCCCCCCCSC#N,train
CCCCCCCCCCCCSCCOCCO,train
CCCCCCCCCCCC[N+](C)(C)C,train
CCCCCCCCCCCC[N+](C)(C)CC(=O)[O-],train
CCCCCCCCCCCC[N+](C)(C)CCCCCCCCCCCC,train
CCCCCCCCCCCC[N+](C)(C)CCCS(=O)(=O)[O-],train
CCCCCCCCCCCC[N+](C)(C)CCOc1ccccc1,train
CCCCCCCCCCCC[N+](C)(C)Cc1ccccc1,train
CCCCCCCCCCCCc1ccc(O)cc1,train
CCCCCCCCCCCCc1ccccc1,train
CCCCCCCCCCCCc1ccccc1O,train
CCCCCCCCCCCCn1cc[n+](C)c1,train
CCCCCCCCCCCCn1cc[n+](C)c1.F[B-](F)(F)F,train
CCCCCCCCCCCCn1cc[n+](C)c1.O=S(=O)([N-]S(=O)(=O)C(F)(F)F)C(F)(F)F,train
CCCCCCCCCCCCn1cc[n+](C)c1.O=S(=O)([O-])C(F)(F)F,train
CCCCCCCCCCCO,train
CCCCCCCCCCCOC(=O)c1ccccc1C(=O)OCCCCCCCCCCC,train
CCCCCCCCCCCSCC(=O)O,train
CCCCCCCCCCC[C@@H](C[C@@H]1OC(=O)[C@H]1CCCCCC)OC(=O)C(CC(C)C)NC=O,train
CCCCCCCCCCCc1ccccc1,train
CCCCCCCCCCCl,train
CCCCCCCCCCN,train
CCCCCCCCCCO,train
CCCCCCCCCCOC(=O)c1ccccc1C(=O)OCCCCCCCC,train
CCCCCCCCCCOC(=O)c1ccccc1C(=O)OCCCCCCCCCC,train
CCCCCCCCCCOC(C)=O,train
CCCCCCCCCCOCC(O)CN,train
CCCCCCCCCCOS(=O)(=O)[O-],train
CCCCCCCCCCO[C@@H]1O[C@H](CO)[C@@H](O)[C@H](O)[C@H]1O,train
CCCCCCCCCCOc1cc2c(O)c(C(=O)OCC)cnc2cc1OCC,train
CCCCCCCCCC[N+](C)(C)CCCCCCCCCC,train
CCCCCCCCCC[N+](C)(C)[O-],train
CCCCCCCCCC[N+](C)(CCCCCCCCCC)CCC[Si](OC)(OC)OC,train
CCCCCCCCCCl,train
CCCCCCCCCCn1cc[n+](C)c1,train
CCCCCCCCCCn1cc[n+](C)c1.O=S(=O)([N-]S(=O)(=O)C(F)(F)F)C(F)(F)F,train
CCCCCCCCCCn1cc[n+](C)c1.O=S(=O)([O-])C(F)(F)F,train
CCCCCCCCCCn1cc[n+](CCCCCCCCCC)c1C,train
CCCCCCCCCI,train
CCCCCCCCCO,train
CCCCCCCCCOC(=O)CCCCC(=O)OCCCCCCC,train
CCCCCCCCCOC(=O)c1ccc(O)cc1,train
CCCCCCCCCOC(=O)c1ccccc1C(=O)OCCCCCCCCC,train
CCCCCCCCCOC(C)=O,train
CCCCCCCCCOCC1CO1,train
CCCCCCCCCOS(=O)(=O)[O-],train
CCCCCCCCCc1ccc(O)cc1,train
CCCCCCCCCl,train
CCCCCCCCN(C)C,train
CCCCCCCCN(C)CCCCCCCC,train
CCCCCCCCN1C=CN(C)C1,train
CCCCCCCCN1CCCC1=O,train
CCCCCCCCNC,train
CCCCCCCCNC(C)C(O)c1ccc(SC(C)C)cc1,train
CCCCCCCCO,train
CCCCCCCCOC(=O)CCCCCCCCC(=O)OCCCCCCCC,train
CCCCCCCCOC(=O)c1cc(O)c(O)c(O)c1,train
CCCCCCCCOC(=O)c1ccc(C(=O)OCCCCCCCC)c(C(=O)OCCCCCCCC)c1,train
CCCCCCCCOC(=O)c1ccc(O)cc1,train
CCCCCCCCOC(=O)c1ccccc1C(=O)OCCCCCCCC,train
CCCCCCCCOC(C)=O,train
CCCCCCCCOCCC#N,train
CCCCCCCCOCCCN,train
CCCCCCCCOS(=O)(=O)[O-],train
CCCCCCCCO[C@@H]1O[C@H](CO)[C@@H](O)[C@H](O)[C@H]1O,train
CCCCCCCCOc1ccc(C(=O)O)cc1,train
CCCCCCCCOc1ccc(C(=O)c2ccccc2)c(O)c1,train
CCCCCCCCOc1ccccc1C(=O)Nc1ccc(C(=O)OCC[N+](C)(CC)CC)cc1,train
CCCCCCCCP(=O)(O)O,train
CCCCCCCCS,train
CCCCCCCCS(=O)(=O)Cl,train
CCCCCCCCS(=O)(=O)[O-],train
CCCCCCCCS(=O)C(C)Cc1ccc2c(c1)OCO2,train
CCCCCCCCSCC,train
CCCCCCCCSCCO,train
CCCCCCCC[N+](C)(C)CCCCCCCC,train
CCCCCCCC[N+](C)(CCCCCCCC)CCCCCCCC.O=S(=O)([N-]S(=O)(=O)C(F)(F)F)C(F)(F)F,train
CCCCCCCC[N+](C)(CCCCCCCC)CCCCCCCC.O=S(=O)([O-])C(F)(F)F,train
CCCCCCCC[N+](CCCCCCCC)(CCCCCCCC)CCCCCCCC,train
CCCCCCCC[P+](CCCCCCCC)(CCCCCCCC)CCCCCCCC,train
CCCCCCCC[Si](OCC)(OCC)OCC,train
CCCCCCCCc1ccc(O)cc1,train
CCCCCCCCc1ccc(S(=O)(=O)[O-])cc1,train
CCCCCCCCn1cc[n+](C)c1,train
CCCCCCCCn1cc[n+](C)c1.F[B-](F)(F)F,train
CCCCCCCCn1cc[n+](C)c1.O=S(=O)([N-]S(=O)(=O)C(F)(F)F)C(F)(F)F,train
CCCCCCCCn1cc[n+](C)c1.O=S(=O)([O-])C(F)(F)F,train
CCCCCCCCn1sc(Cl)c(Cl)c1=O,train
CCCCCCCCn1sccc1=O,train
CCCCCCCN,train
CCCCCCCN(CC)CCCC(O)c1ccc(NS(C)(=O)=O)cc1.CCCCCCCN(CC)CCCC(O)c1ccc(NS(C)(=O)=O)cc1,train
CCCCCCCO,train
CCCCCCCOC(=O)CCC,train
CCCCCCCOC(=O)c1ccc(O)cc1,train
CCCCCCCOC(C)=O,train
CCCCCCC[CH2][Sn]([Cl])([Cl])[CH2]CCCCCCC,train
CCCCCCC[N+](CC)(CC)CCCCc1ccc(Cl)cc1,train
CCCCCCCc1ccc(O)cc1,train
CCCCCCI,train
CCCCCCN,train
CCCCCCNC(=O)n1cc(F)c(=O)[nH]c1=O,train
CCCCCCNCCCCCC,train
CCCCCCO,train
CCCCCCOC(=O)C(C)C,train
CCCCCCOC(=O)C(C)CC,train
CCCCCCOC(=O)CC,train
CCCCCCOC(=O)CC(CC(=O)OCCCCCC)(OC(=O)CCC)C(=O)OCCCCCC,train
CCCCCCOC(=O)CCC,train
CCCCCCOC(=O)CCCCC,train
CCCCCCOC(=O)CCCCC(=O)OCCCCCC,train
CCCCCCOC(=O)CCCCCCCC(=O)OCCCCCC,train
CCCCCCOC(=O)c1ccc(O)cc1,train
CCCCCCOC(=O)c1ccccc1,train
CCCCCCOC(=O)c1ccccc1C(=O)OCCCCCC,train
CCCCCCOC(=O)c1cccnc1,train
CCCCCCOC(C)=O,train
CCCCCCOCCO,train
CCCCCCOCCOCCO,train
CCCCCCOc1cc(C)c(O)c(C)c1C,train
CCCCCCOc1ccc(C(=N)N(CCCC)CCCC)c2ccccc12,train
CCCCCCOc1ccc(N)cc1,train
CCCCCCOc1ccc(O)cc1,train
CCCCCCOc1ccccc1C(=O)O,train
CCCCCCOc1ccccc1C(N)=O,train
CCCCCC[C@@H](O)C/C=C\CCCCCCCC(=O)O,train
CCCCCC[C@@H](O)C/C=C\CCCCCCCC(=O)OC,train
CCCCCC[C@@H](O)C/C=C\CCCCCCCC(=O)OCC(O)CO,train
CCCCCC[C@@H](O)C/C=C\CCCCCCCC(=O)[O-],train
CCCCCC[N+](=O)[O-],train
CCCCCC[n+]1ccccc1,train
CCCCCC[n+]1ccccc1.F[B-](F)(F)F,train
CCCCCC[n+]1ccccc1.O=S(=O)([O-])C(F)(F)F,train
CCCCCCc1ccc(-c2ccc(C#N)cc2)cc1,train
CCCCCCc1ccc(N)cc1,train
CCCCCCc1ccc(O)cc1O,train
CCCCCCn1c(=O)c2c(ncn2C)n(C)c1=O,train
CCCCCCn1cc[n+](C)c1,train
CCCCCCn1cc[n+](C)c1.F[B-](F)(F)F,train
CCCCCCn1cc[n+](C)c1.O=S(=O)([N-]S(=O)(=O)C(F)(F)F)C(F)(F)F,train
CCCCCCn1cc[n+](C)c1.O=S(=O)([O-])C(F)(F)F,train
CCCCCN(CCCCC)C(=O)C(CCC(=O)[O-])NC(=O)c1ccc(Cl)c(Cl)c1,train
CCCCCN(CCCOC)C(=O)C(CCC(=O)O)NC(=O)c1ccc(Cl)c(Cl)c1,train
CCCCCNC(=N)N/N=C/c1c[nH]c2ccc(OC)cc12,train
CCCCCNCCCCC,train
CCCCCO,train
CCCCCOC(=O)CCC,train
CCCCCOC(=O)CCCC,train
CCCCCOC(=O)CCCCC,train
CCCCCOC(=O)Nc1nc(=O)n([C@@H]2O[C@H](C)[C@@H](O)[C@H]2O)cc1F,train
CCCCCOC(=O)c1ccc(O)cc1,train
CCCCCOC(=O)c1ccccc1C(=O)OCCCCC,train
CCCCCOC(C)=O,train
CCCCCON=O,train
CCCCCSCCCCC,train
CCCCC[C@H](O)/C=C/[C@@H]1[C@@H](C/C=C\CCCC(=O)O)[C@@H](O)C[C@H]1O,train
CCCCC[C@H](O)/C=C/[C@@H]1[C@@H](C/C=C\CCCC(=O)O)[C@@H](O)C[C@H]1O.COC(N)(CO)CO,train
CCCCC[C@H](O)/C=C/[C@H]1[C@H](O)CC(=O)[C@@H]1C/C=C\CCCC(=O)O,train
CCCCC[C@H](O)/C=C/[C@H]1[C@H](O)CC(=O)[C@@H]1CCCCCCC(=O)O,train
CCCCC[Si](OCC)(OCC)OCC,train
CCCCCc1cc(O)c2c(c1)OC(C)(C)[C@@H]1CCC(C)=C[C@@H]21,train
CCCCCc1cc(O)cc(O)c1,train
CCCCCc1ccc(C)cc1O,train
CCCCCc1ccc(Cl)cc1,train
CCCCCc1ccc(N)cc1,train
CCCCCc1ccco1,train
CCCCCl,train
CCCCN,train
CCCCN(CC)C(=O)SCCC,train
CCCCN(CC)c1c([N+](=O)[O-])cc(C(F)(F)F)cc1[N+](=O)[O-],train
CCCCN(CCC(=O)OCC)C(C)=O,train
CCCCN(CCCC)C(=O)N(CCCC)CCCC,train
CCCCN(CCCC)C(=S)SSC(=S)N(CCCC)CCCC,train
CCCCN(CCCC)C(=S)[S-],train
CCCCN(CCCC)C(=S)[S-].CCCCN(CCCC)C(=S)[S-].[Zn+2],train
CCCCN(CCCC)C(=S)[S][Ni][S]C(=S)N(CCCC)CCCC,train
CCCCN(CCCC)C(C(N)=O)c1ccc(OC)cc1,train
CCCCN(CCCC)CCC(O)c1cc2c(Cl)cc(Cl)cc2c2cc(C(F)(F)F)ccc12,train
CCCCN(CCCC)CCCC,train
CCCCN(CCCC)CCCCCCN(CCCC)CCCC,train
CCCCN(CCCC)CCCOC(=O)c1ccc(N)cc1,train
CCCCN(CCCC)N=O,train
CCCCN(CCCC)SN(C)C(=O)Oc1cccc2c1OC(C)(C)C2,train
CCCCN(CCCC)c1ccc(C(=O)c2ccccc2C(=O)O)c(O)c1,train
CCCCN(CCCCO)N=O,train
CCCCN(CCO)CCCC,train
CCCCN(CCO)CCO,train
CCCCN(N=O)C(=N)N[N+](=O)[O-],train
CCCCN1C(=O)c2ccccc2C1=O,train
CCCCN1C=CN(C)C1,train
CCCCN1CCCC[C@H]1C(=O)Nc1c(C)cccc1C,train
CCCCN1C[C@H](O)[C@@H](O)[C@H](O)[C@H]1CO,train
CCCCN=C=O,train
CCCCNC(=N)NC(=N)N,train
CCCCNC(=O)NCCCC,train
CCCCNC(=O)NS(=O)(=O)c1ccc(C)cc1,train
CCCCNC(=O)NS(=O)(=O)c1ccc(N)cc1,train
CCCCNC(=O)OCC#CI,train
CCCCNC(=O)n1c(NC(=O)OC)nc2ccccc21,train
CCCCNC(=S)NCCCC,train
CCCCNC(C)(C)[PH](=O)O,train
CCCCNC(N)=O,train
CCCCNC1CC(C)(C)NC(C)(C)C1,train
CCCCNCC,train
CCCCNCC(O)c1ccc(O)cc1,train
CCCCNCCCC,train
CCCCNP(N)(N)=S,train
CCCCNS(=O)(=O)c1ccc(C)cc1,train
CCCCNS(=O)(=O)c1ccccc1,train
CCCCNc1c(C(=O)OCC)c(C)nc2c1cnn2CC,train
CCCCNc1cc(C(=O)O)cc(S(N)(=O)=O)c1Oc1ccccc1,train
CCCCNc1ccc(C(=O)OCCN(C)C)cc1,train
CCCCNc1ccc(C(=O)OCCOCCOCCOCCOCCOCCOCCOCCOCCOC)cc1,train
CCCCNc1ccc(C(=O)OCC[NH+](CC)CC)cc1,train
CCCCNc1ccccc1,train
CCCCO,train
CCCCOC(=O)/C=C\C(=O)OCCCC,train
CCCCOC(=O)C(=O)Nc1cccc(-c2nnn[nH]2)c1,train
CCCCOC(=O)C(=O)OCCCC,train
CCCCOC(=O)C(C)CC,train
CCCCOC(=O)C(C)O,train
CCCCOC(=O)C(C)OC(=O)CCC,train
CCCCOC(=O)C(C)Oc1ccc(Oc2ccc(C(F)(F)F)cn2)cc1,train
CCCCOC(=O)CC,train
CCCCOC(=O)CC#N,train
CCCCOC(=O)CC(CC(=O)OCCCC)(OC(C)=O)C(=O)OCCCC,train
CCCCOC(=O)CCC(=O)OCCCC,train
CCCCOC(=O)CCC(C)=O,train
CCCCOC(=O)CCCCC(=O)OCCCC,train
CCCCOC(=O)CCCCCCCC(=O)OCCCC,train
CCCCOC(=O)CCCCCCCCC(=O)OCCCC,train
CCCCOC(=O)CCS,train
CCCCOC(=O)CO,train
CCCCOC(=O)COC(=O)c1ccccc1C(=O)OCCCC,train
CCCCOC(=O)COc1ccc(Cl)cc1Cl,train
CCCCOC(=O)[C@@H](C)Oc1ccc(Oc2ccc(C#N)cc2F)cc1,train
CCCCOC(=O)[C@@H](C)Oc1ccc(Oc2ccc(C(F)(F)F)cn2)cc1,train
CCCCOC(=O)[C@H](C)O,train
CCCCOC(=O)c1ccc(N)cc1,train
CCCCOC(=O)c1ccc(O)cc1,train
CCCCOC(=O)c1ccccc1,train
CCCCOC(=O)c1ccccc1C(=O)O,train
CCCCOC(=O)c1ccccc1C(=O)OCC(CC)CCCC,train
CCCCOC(=O)c1ccccc1C(=O)OCCCC,train
CCCCOC(=O)c1ccccc1C(=O)OCc1ccccc1,train
CCCCOC(=O)c1ccccc1N,train
CCCCOC(C)=O,train
CCCCOC(CC)OC(C)COC(O)CC,train
CCCCOC(O)CC,train
CCCCOCC(C)O,train
CCCCOCC(C)OCC(C)O,train
CCCCOCC1CO1,train
CCCCOCCCC,train
CCCCOCCO,train
CCCCOCCOC(=O)CCCCCCCCC(=O)OCCOCCCC,train
CCCCOCCOC(=O)COc1cc(Cl)c(Cl)cc1Cl,train
CCCCOCCOC(=O)COc1ccc(Cl)cc1Cl,train
CCCCOCCOC(=O)COc1nc(Cl)c(Cl)cc1Cl,train
CCCCOCCOC(=O)c1ccccc1C(=O)OCCOCCCC,train
CCCCOCCOC(=O)c1cccnc1,train
CCCCOCCOC(C)=O,train
CCCCOCCOCCO,train
CCCCOCCOCCOC(=O)CCCCC(=O)OCCOCCOCCCC,train
CCCCOCCOCCOC(C)=O,train
CCCCOCCOCCOCCCC,train
CCCCOCCOCCOCCO,train
CCCCOCCOCCOCCOCCO,train
CCCCOCCOCCOCc1cc2c(cc1CCC)OCO2,train
CCCCOCCOCCSC#N,train
CCCCOCCOP(=O)(OCCOCCCC)OCCOCCCC,train
CCCCOCN(C(=O)CCl)c1c(CC)cccc1CC,train
CCCCON=O,train
CCCCOP(=O)(O)OCCCC,train
CCCCOP(=O)(OCCCC)OCCCC,train
CCCCO[PH](=O)OCCCC,train
CCCCOc1cc(C(=O)NCCN(CC)CC)c2ccccc2n1,train
CCCCOc1cc(C(=O)OCCN(CC)CC)ccc1N,train
CCCCOc1ccc(C(=O)CCN2CCCCC2)cc1,train
CCCCOc1ccc(CC(=O)NO)cc1,train
CCCCOc1ccc(N)cc1,train
CCCCP(CCCC)CCCC,train
CCCCS,train
CCCCS(=O)(=O)Cl,train
CCCCS(=O)(=O)N[C@@H](Cc1ccc(OCCCCC2CCNCC2)cc1)C(=O)O,train
CCCCSCCCC,train
CCCCSP(=O)(SCCCC)SCCCC,train
CCCC[N+](=O)[O-],train
CCCC[N+](C)(CCCC)CCCC,train
CCCC[N+](CCCC)(CCCC)CCCC,train
CCCC[N+]1(C)CCCC1,train
CCCC[N+]1(C)CCCC1.F[B-](F)(F)F,train
CCCC[N+]1(C)CCCC1.N#CN=C=[N-],train
CCCC[N+]1(C)CCCC1.O=S(=O)([N-]S(=O)(=O)C(F)(F)F)C(F)(F)F,train
CCCC[N+]1(C)CCCCC1,train
CCCC[N+]1(C)CCCCC1.F[B-](F)(F)F,train
CCCC[N+]1(C)CCCCC1.O=S(=O)([N-]S(=O)(=O)C(F)(F)F)C(F)(F)F,train
CCCC[N+]1(C)CCCCC1.O=S(=O)([O-])C(F)(F)F,train
CCCC[N+]1(C)[C@@H]2C[C@@H](OC(=O)[C@H](CO)c3ccccc3)C[C@H]1[C@@H]1O[C@@H]12,train
CCCC[P+](C)(CCCC)CCCC.COS(=O)(=O)[O-],train
CCCC[P+](CC)(CCCC)CCCC.CCOP(=O)([O-])OCC,train
CCCC[P+](CCCC)(CCCC)CCCC,train
CCCC[n+]1ccc(C)cc1,train
CCCC[n+]1ccc(C)cc1.F[B-](F)(F)F,train
CCCC[n+]1ccc(C)cc1.O=S(=O)([O-])C(F)(F)F,train
CCCC[n+]1cccc(C)c1,train
CCCC[n+]1cccc(C)c1.F[B-](F)(F)F,train
CCCC[n+]1cccc(C)c1.O=S(=O)([O-])C(F)(F)F,train
CCCC[n+]1ccccc1,train
CCCC[n+]1ccccc1.F[B-](F)(F)F,train
CCCC[n+]1ccccc1.O=S(=O)([O-])C(F)(F)F,train
CCCC[n+]1ccccc1C,train
CCCCc1c(C)nc(NCC)nc1O,train
CCCCc1c(C)nc(NCC)nc1OS(=O)(=O)N(C)C,train
CCCCc1cc2ccccc2c(OCCN(C)C)n1,train
CCCCc1ccc(C(=O)O)nc1,train
CCCCc1ccc(Cl)cc1,train
CCCCc1ccc(N)cc1,train
CCCCc1ccc(O)cc1,train
CCCCc1ccc2[nH]c(NC(=O)OC)nc2c1,train
CCCCc1ccc2cccc(S(=O)(=O)[O-])c2c1,train
CCCCc1ccccc1,train
CCCCc1oc2ccc(NS(C)(=O)=O)cc2c1C(=O)c1ccc(OCCCN(CCCC)CCCC)cc1,train
CCCCc1oc2ccccc2c1C(=O)c1cc(I)c(OCCN(CC)CC)c(I)c1,train
CCCCn1cc[n+](C)c1,train
CCCCn1cc[n+](C)c1.F[B-](F)(F)F,train
CCCCn1cc[n+](C)c1.O=S(=O)([N-]S(=O)(=O)C(F)(F)F)C(F)(F)F,train
CCCCn1cc[n+](C)c1.O=S(=O)([O-])C(F)(F)F,train
CCCCn1cc[n+](C)c1.[Cl][Fe-]([Cl])([Cl])[Cl],train
CCCCn1cc[n+](C)c1C,train
CCCCn1cc[n+](C)c1C.O=S(=O)([O-])C(F)(F)F,train
CCCN(CC)C(CC)C(=O)Nc1c(C)cccc1C,train
CCCN(CCC)C(=O)C(CCC(=O)O)NC(=O)c1ccccc1,train
CCCN(CCC)C(=O)Cc1c(-c2ccc(Cl)cc2)nc2ccc(Cl)cn12,train
CCCN(CCC)C(=O)SCC,train
CCCN(CCC)CCc1c[nH]c2ccccc12,train
CCCN(CCC)CCc1cccc2c1CC(=O)N2,train
CCCN(CCC)N=O,train
CCCN(CCC)S(=O)(=O)c1ccc(C(=O)O)cc1,train
CCCN(CCC)c1c([N+](=O)[O-])cc(C(C)C)cc1[N+](=O)[O-],train
CCCN(CCC)c1c([N+](=O)[O-])cc(C(F)(F)F)c(N)c1[N+](=O)[O-],train
CCCN(CCC)c1c([N+](=O)[O-])cc(C(F)(F)F)cc1[N+](=O)[O-],train
CCCN(CCC)c1c([N+](=O)[O-])cc(S(C)(=O)=O)cc1[N+](=O)[O-],train
CCCN(CCC)c1c([N+](=O)[O-])cc(S(N)(=O)=O)cc1[N+](=O)[O-],train
CCCN(CCCl)c1c([N+](=O)[O-])cc(C(F)(F)F)cc1[N+](=O)[O-],train
CCCN1C=CN(C)C1,train
CCCN1CCCC[C@H]1C(=O)Nc1c(C)cccc1C,train
CCCN1CCC[C@@H](c2cccc(O)c2)C1,train
CCCN1CCC[C@@H]2Cc3n[nH]cc3C[C@H]21,train
CCCN1C[C@H](CSC)C[C@@H]2c3cccc4[nH]cc(c34)C[C@H]21,train
CCCNC(=O)NS(=O)(=O)c1ccc(Cl)cc1,train
CCCNC(C)(C)COC(=O)c1ccccc1,train
CCCNC(C)C(=O)Nc1c(C)csc1C(=O)OC,train
CCCNC(C)C(=O)Nc1ccccc1C,train
CCCNCC(O)COc1ccccc1C(=O)CCc1ccccc1,train
CCCNCCC,train
CCCO,train
CCCOC(=O)C(C)O,train
CCCOC(=O)CC,train
CCCOC(=O)CCCCC(=O)OCCC,train
CCCOC(=O)Cc1ccc(OCC(=O)N(CC)CC)c(OC)c1,train
CCCOC(=O)NCCCN(C)C,train
CCCOC(=O)c1c(Cl)c(Cl)c(Cl)c(Cl)c1C(=O)OCCC,train
CCCOC(=O)c1cc(O)c(O)c(O)c1,train
CCCOC(=O)c1ccc(C(=O)OCCC)nc1,train
CCCOC(=O)c1ccc(N)cc1,train
CCCOC(=O)c1ccc(O)cc1,train
CCCOC(=O)c1ccccc1,train
CCCOC(=O)c1ccccc1C(=O)OCCC,train
CCCOC(=O)c1ccccc1O,train
CCCOC(=O)c1cncn1C(C)c1ccccc1,train
CCCOC(C)=O,train
CCCOC(OCCC)OCCC,train
CCCOCC(C)O,train
CCCOCC(C)OCC(C)O,train
CCCOCCC,train
CCCOCCO,train
CCCOCCOCCO,train
CCCOCCOCCOCCO,train
CCCO[Si](OCCC)(OCCC)OCCC,train
CCCOc1cc(N)ccc1C(=O)OCCN(CC)CC,train
CCCOc1ccc(C(=O)OCCN(CC)CC)cc1N,train
CCCOc1ccc2[nH]c(NC(=O)OC)nc2c1,train
CCCOc1ccc2c(c1)CC[C@@H]1[C@@H]2CC[C@]2(C)C(OC)CC[C@@H]12,train
CCCOc1ccc2nc(NC(=O)OC)sc2c1,train
CCCOc1nn(C(=O)[N-]S(=O)(=O)c2ccccc2C(=O)OC)c(=O)n1C,train
CCCS(=O)c1ccc2[nH]c(NC(=O)OC)nc2c1,train
CCCSC(=O)Cl,train
CCCSC(=O)N(CCC)CCC,train
CCCSP(=O)(OCC)Oc1ccc(Br)cc1Cl,train
CCCSP(=O)(OCC)SCCC,train
CCCSP(=S)(OCC)Oc1ccc(Cl)cc1Cl,train
CCCSP(=S)(OCC)Oc1ccc(SC)cc1,train
CCCSSC(CCO)=C(C)N(C=O)Cc1cnc(C)nc1N,train
CCCSSCCC,train
CCCSc1cc(OC)c(CCN)cc1OC,train
CCCSc1ccc2[nH]c(NC(=O)OC)nc2c1,train
CCC[C@@H]1C[C@@H](C(=O)N[C@@H]([C@H]2O[C@H](SC)[C@H](O)[C@@H](O)[C@H]2O)[C@@H](C)O)N(C)C1,train
CCC[C@@H]1C[C@@H](C(=O)N[C@@H]([C@H]2O[C@H](SC)[C@H](O)[C@@H](O)[C@H]2O)[C@H](C)Cl)N(C)C1,train
CCC[C@@H]1C[C@@H](C(=O)N[C@@H]([C@H]2O[C@H](SC)[C@H](OP(=O)(O)O)[C@@H](O)[C@H]2O)[C@H](C)Cl)N(C)C1,train
CCC[C@@H]1O[C@@H]2C[C@H]3[C@@H]4CCC5=CC(=O)C=C[C@]5(C)[C@H]4[C@@H](O)C[C@]3(C)[C@]2(C(=O)CO)O1,train
CCC[C@@]1(CCc2ccccc2)CC(O)=C([C@H](CC)c2cccc(NS(=O)(=O)c3ccc(C(F)(F)F)cn3)c2)C(=O)O1,train
CCC[CH2][Sn]([CH2]CCC)([CH2]CCC)[CH2]CCC,train
CCC[CH2][Sn]([CH2]CCC)([CH2]CCC)[O]C(=O)c1ccccc1,train
CCC[CH2][Sn]([CH2]CCC)([CH2]CCC)[O][Sn]([CH2]CCC)([CH2]CCC)[CH2]CCC,train
CCC[CH2][Sn]([CH2]CCC)([O]C(C)=O)[O]C(C)=O,train
CCC[CH2][Sn]([Cl])([CH2]CCC)[CH2]CCC,train
CCC[CH2][Sn]([Cl])([Cl])[CH2]CCC,train
CCC[CH2][Sn]([Cl])([Cl])[Cl],train
CCC[N+](=O)[O-],train
CCC[N+](CCC)(CCC)CCC,train
CCC[N+]1(C)CCCC1,train
CCC[N+]1(C)CCCC1.O=S(=O)([N-]S(=O)(=O)C(F)(F)F)C(F)(F)F,train
CCC[N+]1(C)CCCC1.O=S(=O)([O-])C(F)(F)F,train
CCC[N+]1(C)CCCCC1,train
CCC[N+]1(C)CCCCC1.F[B-](F)(F)F,train
CCC[N+]1(C)CCCCC1.O=S(=O)([N-]S(=O)(=O)C(F)(F)F)C(F)(F)F,train
CCC[Si](OC)(OC)OC,train
CCC[n+]1ccn(C)c1C.O=S(=O)([N-]S(=O)(=O)C(F)(F)F)C(F)(F)F,train
CCCc1c(OCCCOc2ccc(OCC(=O)O)cc2)ccc(C(C)=O)c1O,train
CCCc1cc(=O)[nH]c(=S)[nH]1,train
CCCc1cc(C(N)=S)ccn1,train
CCCc1ccc(C(=O)O)cc1,train
CCCc1ccc(N)cc1,train
CCCc1ccc(O)c(OC)c1,train
CCCc1ccc(O)cc1,train
CCCc1ccc(OC)cc1,train
CCCc1ccccc1,train
CCCc1ccccc1O,train
CCCc1nc(C(C)(C)O)c(C(=O)OCc2oc(=O)oc2C)n1Cc1ccc(-c2ccccc2-c2nn[nH]n2)cc1,train
CCCc1ncc(C(=O)O)s1,train
CCCn1c(=O)[nH]c(=O)c2[nH]cnc21,train
CCCn1cc[n+](C)c1,train
CCCn1cc[n+](C)c1.F[B-](F)(F)F,train
CCCn1cc[n+](C)c1.O=S(=O)([N-]S(=O)(=O)C(F)(F)F)C(F)(F)F,train
CCCn1cc[n+](C)c1C,train
CCCn1cnc2c1c(=O)n(CCCCC(C)=O)c(=O)n2C,train
CCN(C(=O)N(CC)c1ccccc1)c1ccccc1,train
CCN(C(C)=O)c1cccc(-c2ccnc3c(C#N)cnn23)c1,train
CCN(C)C(=O)Oc1cccc([C@H](C)N(C)C)c1,train
CCN(C)N=O,train
CCN(C=O)CC,train
CCN(CC#N)c1cccc(C)c1,train
CCN(CC)C(=O)/C(C#N)=C/c1cc(O)c(O)c([N+](=O)[O-])c1,train
CCN(CC)C(=O)C(C)Oc1cccc2ccccc12,train
CCN(CC)C(=O)C(Cl)=C(C)OP(=O)(OC)OC,train
CCN(CC)C(=O)C1CN2CCc3cc(OC)c(OC)cc3C2CC1OC(C)=O,train
CCN(CC)C(=O)N(CC)CC,train
CCN(CC)C(=O)N1CCN(C)CC1.O=C(O)CC(O)(CC(=O)O)C(=O)O,train
CCN(CC)C(=O)N[C@@H]1C=C2c3cccc4[nH]cc(c34)C[C@@H]2N(C)C1,train
CCN(CC)C(=O)N[C@H]1C[C@@H]2c3cccc4[nH]cc(c34)C[C@H]2N(C)C1,train
CCN(CC)C(=O)Nc1ccc(OCC(O)CNC(C)(C)C)c(C(C)=O)c1,train
CCN(CC)C(=O)SCc1ccc(Cl)cc1,train
CCN(CC)C(=O)[C@@H]1C=C2c3cccc4[nH]cc(c34)C[C@H]2N(C)C1,train
CCN(CC)C(=O)[C@]1(c2ccccc2)C[C@@H]1CN,train
CCN(CC)C(=O)c1ccc(O)c(OC)c1,train
CCN(CC)C(=O)c1cccc(C)c1,train
CCN(CC)C(=O)c1cccnc1,train
CCN(CC)C(=S)SSC(=S)N(CC)CC,train
CCN(CC)C(=S)[S-],train
CCN(CC)C(C)=O,train
CCN(CC)C(C)C(=O)c1ccccc1,train
CCN(CC)C(C)CN1c2ccccc2Sc2ccccc21,train
CCN(CC)C1CCCCC1,train
CCN(CC)CC,train
CCN(CC)CC#CCOC(=O)C(O)(c1ccccc1)C1CCCCC1,train
CCN(CC)CC(=O)Nc1c(C)cc(C)cc1C,train
CCN(CC)CC(=O)Nc1c(C)cccc1C,train
CCN(CC)CC(=O)Nc1c(C)cccc1C(=O)OC,train
CCN(CC)CC(=O)OCC(=O)[C@@]1(O)CC[C@H]2[C@@H]3CCC4=CC(=O)CC[C@]4(C)[C@H]3[C@@H](O)C[C@@]21C,train
CCN(CC)CC(=O)Oc1ccc(NC(C)=O)cc1,train
CCN(CC)CCC(=O)N1c2ccccc2Sc2ccc(C(F)(F)F)cc21,train
CCN(CC)CCC(=O)N1c2ccccc2Sc2ccc(Cl)cc21,train
CCN(CC)CCCC(C)Nc1ccnc2cc(Cl)ccc12,train
CCN(CC)CCCl,train
CCN(CC)CCN,train
CCN(CC)CCN1C(=O)CN=C(c2ccccc2F)c2cc(Cl)ccc21,train
CCN(CC)CCNC(=O)COc1ccc(Cl)cc1,train
CCN(CC)CCNC(=O)COc1ccc(OC)cc1,train
CCN(CC)CCNC(=O)c1cc(Br)c(N)cc1OC,train
CCN(CC)CCNC(=O)c1cc(Cl)c(N)cc1OC,train
CCN(CC)CCNC(=O)c1cc(S(C)(=O)=O)ccc1OC,train
CCN(CC)CCNC(=O)c1ccc(N)cc1,train
CCN(CC)CCNC(=O)c1ccc(NC(C)=O)cc1,train
CCN(CC)CCNC(=O)c1ccc(NS(C)(=O)=O)cc1,train
CCN(CC)CCNC(C(=O)OCCC(C)C)c1ccccc1,train
CCN(CC)CCNc1ccc(CNC=O)c2sc3ccc(OC)cc3c(=O)c12,train
CCN(CC)CCNc1ccc(CO)c2sc3ccccc3c(=O)c12,train
CCN(CC)CCO,train
CCN(CC)CCOC(=O)C(C)(c1ccccc1)c1ccccc1,train
CCN(CC)CCOC(=O)C(O)(c1ccccc1)c1ccccc1,train
CCN(CC)CCOC(=O)C(c1ccccc1)C1CCCCC1,train
CCN(CC)CCOC(=O)C(c1ccccc1)c1ccccc1,train
CCN(CC)CCOC(=O)C1(C2CCCCC2)CCCCC1,train
CCN(CC)CCOC(=O)C1(c2ccccc2)CCCC1.CCN(CC)CCOC(=O)C1(c2ccccc2)CCCC1.O=S(=O)(O)CCS(=O)(=O)O,train
CCN(CC)CCOC(=O)c1ccc(N)cc1,train
CCN(CC)CCOC(=O)c1ccc(N)cc1Cl,train
CCN(CC)CCOC(=O)c1cccnc1.O=C(O)CC(O)(CC(=O)O)C(=O)O,train
CCN(CC)CCOCCOC(=O)C(CC)(CC)c1ccccc1.O=C(O)CC(O)(CC(=O)O)C(=O)O,train
CCN(CC)CCOCCOC(=O)C1(c2ccccc2)CCCC1,train
CCN(CC)CCOC[C@H]1O[C@@H](O)[C@H](OCCN(CC)CC)[C@@H](O)[C@@H]1O,train
CCN(CC)CCO[C@H]1CC[C@@]2(C)C(=CC[C@@H]3[C@@H]2CC[C@]2(C)C(=O)CC[C@@H]32)C1,train
CCN(CC)CCOc1ccc(-c2nc3cc(Cl)ccc3s2)cc1,train
CCN(CC)CCOc1ccc(C(=C(Cl)c2ccccc2)c2ccccc2)cc1,train
CCN(CC)CCOc1ccc(C(=C(Cl)c2ccccc2)c2ccccc2)cc1.O=C(O)CC(O)(CC(=O)O)C(=O)O,train
CCN(CC)CCOc1ccc(Cc2ccccc2)cc1,train
CCN(CC)CCOc1ccc2c(c1)C(=O)c1cc(OCCN(CC)CC)ccc1-2,train
CCN(CC)CCOc1ccc2nc(N(C)C)sc2c1,train
CCN(CC)CCOc1ccccc1C(=O)CCc1ccccc1,train
CCN(CC)CCOc1ccccc1OC,train
CCN(CC)CCSC(=O)C(c1ccccc1)c1ccccc1,train
CCN(CC)CCc1nc(-c2ccccc2)no1.O=C(O)CC(O)(CC(=O)O)C(=O)O,train
CCN(CC)Cc1cc(Nc2ccnc3cc(Cl)ccc23)ccc1O,train
CCN(CC)Cc1nccn1-c1ccc([N+](=O)[O-])cc1C(=O)c1ccccc1Cl,train
CCN(CC)N(O)N=O.CCNCC,train
CCN(CC)N=O,train
CCN(CC)S(=O)(=O)c1ccc(C(=O)O)cc1,train
CCN(CC)c1c([N+](=O)[O-])cc(C(F)(F)F)c(N)c1[N+](=O)[O-],train
CCN(CC)c1cc2[o+]c3cc(N(CC)CC)c(C)cc3c(-c3ccc(S(=O)(=O)[O-])cc3S(=O)(=O)[O-])c2cc1C,train
CCN(CC)c1ccc(C(=C2C=CC(=[N+](CC)CC)C=C2)c2cc(S(=O)(=O)[O-])ccc2S(=O)(=O)[O-])cc1,train
CCN(CC)c1ccc(C(=C2C=CC(=[N+](CC)CC)C=C2)c2ccc(S(=O)(=O)[O-])cc2S(=O)(=O)[O-])cc1,train
CCN(CC)c1ccc(C(=C2C=CC(=[N+](CC)CC)C=C2)c2ccccc2)cc1,train
CCN(CC)c1ccc(C(=O)c2ccccc2C(=O)O)c(O)c1,train
CCN(CC)c1ccc(N)cc1,train
CCN(CC)c1ccc2c(-c3ccccc3C(=O)O)c3ccc(N(CC)CC)cc3[o+]c2c1,train
CCN(CC)c1ccc2c(C)cc(=O)oc2c1,train
CCN(CC)c1cccc(O)c1,train
CCN(CC)c1ccccc1,train
CCN(CC)c1nc(C)cc(OP(=S)(OC)OC)n1,train
CCN(CCC#N)c1ccc(N=Nc2c(Cl)cc([N+](=O)[O-])cc2Cl)cc1,train
CCN(CCC#N)c1ccccc1,train
CCN(CCN)c1cccc(C)c1,train
CCN(CCO)CCCC(C)Nc1ccnc2cc(Cl)ccc12,train
CCN(CCO)CCO,train
CCN(CCO)c1cccc(C)c1,train
CCN(Cc1c(F)cccc1Cl)c1c([N+](=O)[O-])cc(C(F)(F)F)cc1[N+](=O)[O-],train
CCN(Cc1ccc(Cl)nc1)/C(=C/[N+](=O)[O-])NC,train
CCN(Cc1cccc(S(=O)(=O)O)c1)c1ccccc1,train
CCN(Cc1cccc(S(=O)(=O)[O-])c1)c1ccc(C(=C2C=CC(=[N+](CC)Cc3cccc(S(=O)(=O)[O-])c3)C=C2)c2ccc(O)cc2S(=O)(=O)[O-])cc1,train
CCN(Cc1cccc(S(=O)(=O)[O-])c1)c1ccc(C(=C2C=CC(=[N+](CC)Cc3cccc(S(=O)(=O)[O-])c3)C=C2)c2ccccc2)cc1,train
CCN(Cc1ccccc1)c1ccccc1,train
CCN(N=O)C(N)=O,train
CCN(O)CC,train
CCN1C(=O)NC(c2ccccc2)C1=O,train
CCN1C=CN(C)C1C,train
CCN1CCCC(OC(=O)C(c2ccccc2)c2ccccc2)C1,train
CCN1CCCC1=O,train
CCN1CCCC1CN,train
CCN1CCCC1CNC(=O)c1cc(S(=O)(=O)CC)c(N)cc1OC,train
CCN1CCCC1CNC(=O)c1cc(S(=O)(=O)CC)ccc1OC,train
CCN1CCCC1CNC(=O)c1cc(S(N)(=O)=O)ccc1OC,train
CCN1CCC[C@H]1CNC(=O)c1c(O)c(Cl)cc(Cl)c1OC,train
CCN1CCC[C@H]1CNC(=O)c1c(OC)ccc(Br)c1OC,train
CCN1CCC[C@H]1CNC(=O)c1cc(S(N)(=O)=O)ccc1OC,train
CCN1CCN(c2cc3c(cc2F)c(=O)c(C(=O)O)cn3C2CC2)CC1,train
CCN1CCOCC1,train
CCNC(=O)/C=C/c1cccc(Br)c1,train
CCNC(=O)C(C)OC(=O)Nc1ccccc1,train
CCNC(=O)C1CC(C)CCC1C(C)C,train
CCNC(=O)NC(=O)/C(C#N)=N/OC,train
CCNC(=O)NCCCOc1cccc(CN2CCCCC2)c1,train
CCNC(=O)NCc1cccc(Cl)c1,train
CCNC(=O)[C@@H]1CCCN1C(=O)[C@H](CCCNC(=N)N)NC(=O)[C@H](CC(C)C)NC(=O)CNC(=O)[C@H](Cc1ccc(O)cc1)NC(=O)[C@H](CO)NC(=O)[C@H](Cc1c[nH]c2ccccc12)NC(=O)[C@H](Cc1cnc[nH]1)NC(=O)[C@@H]1CCC(=O)N1,train
CCNC(=O)[C@@H]1CCCN1C(=O)[C@H](CCCNC(=N)N)NC(=O)[C@H](CC(C)C)NC(=O)[C@@H](CC(C)C)NC(=O)[C@H](Cc1ccc(O)cc1)NC(=O)[C@H](CO)NC(=O)[C@H](Cc1c[nH]c2ccccc12)NC(=O)[C@H](Cc1cnc[nH]1)NC(=O)[C@@H]1CCC(=O)N1,train
CCNC(=S)NCC,train
CCNC(C)Cc1ccc2c(c1)OCO2,train
CCNC(C)Cc1cccc(C(F)(F)F)c1,train
CCNCC,train
CCNCC(O)c1cccc(O)c1,train
CCNCC.O=S(=O)(O)c1cc(O)ccc1O,train
CCNCCO,train
CCNP(=S)(OC)O/C(C)=C/C(=O)OC(C)C,train
CCNS(=O)(=O)C(F)(F)C(F)(F)C(F)(F)C(F)(F)C(F)(F)C(F)(F)C(F)(F)C(F)(F)F,train
CCNS(=O)(=O)c1ccc(C)cc1,train
CCN[C@@H](C)Cc1cccc(C(F)(F)F)c1,train
CCN[C@@H](C)Cc1ccccc1,train
CCN[C@@H]1C[C@H](N)[C@@H](OC2OC(CN)=CCC2N)[C@H](O)[C@H]1O[C@H]1OC[C@](C)(O)[C@H](NC)[C@H]1O.CCN[C@@H]1C[C@H](N)[C@@H](OC2OC(CN)=CCC2N)[C@H](O)[C@H]1O[C@H]1OC[C@](C)(O)[C@H](NC)[C@H]1O,train
CCN[C@H](C)Cc1cccc(C(F)(F)F)c1,train
CCN[C@H]1C[C@H](C)S(=O)(=O)c2sc(S(N)(=O)=O)cc21,train
CCNc1cc(O)ccc1C,train
CCNc1ccc(C(=C2C=CC(=[N+](CC)CC)C=C2)c2ccc(N(CC)CC)cc2)c2ccccc12,train
CCNc1cccc(C)c1,train
CCNc1ccccc1,train
CCNc1nc(Cl)nc(NC(C)(C)C#N)n1,train
CCNc1nc(Cl)nc(NC(C)(C)C)n1,train
CCNc1nc(Cl)nc(NC(C)C)n1,train
CCNc1nc(Cl)nc(NCC)n1,train
CCNc1nc(N)nc(Cl)n1,train
CCNc1nc(NC(C)(C)C)nc(SC)n1,train
CCNc1nc(NC(C)C(C)C)nc(SC)n1,train
CCNc1nc(NC(C)C)nc(OC)n1,train
CCNc1nc(NC(C)C)nc(SC)n1,train
CCNc1nc(NC(C)CC)nc(OC)n1,train
CCNc1nc(NCC)nc(SC)n1,train
CCO,train
CCOC(=N)CC(=O)OCC,train
CCOC(=O)/C=C(C)/C=C/C=C(C)/C=C/c1c(C)cc(OC)c(C)c1C,train
CCOC(=O)/C=C(C)/C=C/C[C@@H](C)CCCC(C)C,train
CCOC(=O)/C=C(\C)[O][Ti]([O]/C(C)=C/C(=O)OCC)([O]C(C)C)[O]C(C)C,train
CCOC(=O)/C=C/C(=O)OCC,train
CCOC(=O)/C=C\C(=O)OCC,train
CCOC(=O)C(=O)CCCCCCl,train
CCOC(=O)C(=O)CCc1ccccc1,train
CCOC(=O)C(=O)OCC,train
CCOC(=O)C(=O)c1csc(NC=O)n1,train
CCOC(=O)C(Br)c1ccccc1,train
CCOC(=O)C(C#N)=C(c1ccccc1)c1ccccc1,train
CCOC(=O)C(C)(C)C,train
CCOC(=O)C(C)(C)Oc1ccc(Cl)cc1,train
CCOC(=O)C(C)C(C)=O,train
CCOC(=O)C(C)O,train
CCOC(=O)C(C)OC(=O)c1cc(Oc2ccc(C(F)(F)F)cc2Cl)ccc1[N+](=O)[O-],train
CCOC(=O)C(C)Oc1ccc(Oc2nc3ccc(Cl)cc3o2)cc1,train
CCOC(=O)C(Cl)C(C)=O,train
CCOC(=O)C(Cl)Cc1cc(-n2nc(C)n(C(F)F)c2=O)c(F)cc1Cl,train
CCOC(=O)C(F)(F)F,train
CCOC(=O)C(O)(c1ccc(Cl)cc1)c1ccc(Cl)cc1,train
CCOC(=O)C(O)c1ccccc1,train
CCOC(=O)C(SP(=S)(OC)OC)c1ccccc1,train
CCOC(=O)C(c1c(O)c2ccccc2oc1=O)c1c(O)c2ccccc2oc1=O,train
CCOC(=O)C1(c2ccccc2)CCN(CCC(C#N)(c2ccccc2)c2ccccc2)CC1,train
CCOC(=O)C1(c2ccccc2)CCN(CCc2ccc(N)cc2)CC1,train
CCOC(=O)C1=C(C)NC(C)=C(C(=O)OC)C1c1cccc(Cl)c1Cl,train
CCOC(=O)C1=C(C)NC(C)=C(C(=O)OC)C1c1cccc([N+](=O)[O-])c1,train
CCOC(=O)C1=C(C)NC(C)=C(C(=O)OCC)C1c1ccccc1/C=C/C(=O)OC(C)(C)C,train
CCOC(=O)C1=C[C@@H](OC(CC)CC)[C@H](NC(C)=O)[C@@H](N)C1,train
CCOC(=O)C1=NN(c2ccccc2)C(=O)C1,train
CCOC(=O)C1OC1(C)c1ccccc1,train
CCOC(=O)C1OC1c1ccccc1,train
CCOC(=O)C=CC(=O)O,train
CCOC(=O)C=Cc1ccccc1,train
CCOC(=O)CBr,train
CCOC(=O)CC,train
CCOC(=O)CC#N,train
CCOC(=O)CC(=O)CCl,train
CCOC(=O)CC(=O)OCC,train
CCOC(=O)CC(=O)c1cc(F)c(Cl)nc1Cl,train
CCOC(=O)CC(=O)c1ccccc1,train
CCOC(=O)CC(C(C)=O)C(C)=O,train
CCOC(=O)CC(C)=O,train
CCOC(=O)CC(C)C,train
CCOC(=O)CC(CC(=O)OCC)(OC(C)=O)C(=O)OCC,train
CCOC(=O)CC(O)(CC(=O)OCC)C(=O)OCC,train
CCOC(=O)CC(SP(=O)(OC)OC)C(=O)OCC,train
CCOC(=O)CC(SP(=S)(OC)OC)C(=O)OCC,train
CCOC(=O)CC([O-])C(=O)OCC,train
CCOC(=O)CC1(C)OCC(C)O1,train
CCOC(=O)CCC(=O)OCC,train
CCOC(=O)CCC(=O)O[C@H]1[C@H](O[C@@H]2[C@@H](C)[C@H](O[C@H]3C[C@@](C)(OC)[C@@H](O)[C@H](C)O3)[C@@H](C)C(=O)O[C@H](CC)[C@@](C)(O)[C@H](O)[C@@H](C)C(=O)[C@H](C)C[C@@]2(C)O)O[C@H](C)C[C@@H]1N(C)C,train
CCOC(=O)CCC(C)=O,train
CCOC(=O)CCCCCCCCC(=O)OCC,train
CCOC(=O)CCN(SN(C)C(=O)Oc1cccc2c1OC(C)(C)C2)C(C)C,train
CCOC(=O)CCc1ccccc1,train
CCOC(=O)CCl,train
CCOC(=O)CN1CCCC1=O,train
CCOC(=O)COC(=O)c1cc(Oc2ccc(C(F)(F)F)cc2Cl)ccc1[N+](=O)[O-],train
CCOC(=O)COC(=O)c1ccccc1C(=O)OCC,train
CCOC(=O)COc1cc(-n2ncc(C(F)(F)F)c(C)c2=O)c(F)cc1Cl,train
CCOC(=O)COc1ccc(C)cc1,train
CCOC(=O)COc1ccc(Cl)cc1Cl,train
CCOC(=O)COc1ccc2c(=O)cc(-c3ccccc3)oc2c1,train
CCOC(=O)COc1ccc2c(C)c(CCN(CC)CC)c(=O)oc2c1Cl,train
CCOC(=O)CP(=O)(OCC)OCC,train
CCOC(=O)CS,train
CCOC(=O)Cc1ccc(-c2ccccc2)cc1,train
CCOC(=O)Cc1cccc(-c2cc(CCCCCCc3ccc(O[C@H]4O[C@H](COC(C)=O)[C@@H](OC(C)=O)[C@H](OC(C)=O)[C@@H]4OC(C)=O)c(-c4cccc(CC(=O)OCC)c4)c3)ccc2O[C@H]2O[C@H](COC(C)=O)[C@@H](OC(C)=O)[C@H](OC(C)=O)[C@@H]2OC(C)=O)c1,train
CCOC(=O)Cc1cccc2ccccc12,train
CCOC(=O)Cc1ccccc1,train
CCOC(=O)Cl,train
CCOC(=O)N(C)C(=O)CSP(=S)(OCC)OCC,train
CCOC(=O)N(C)N=O,train
CCOC(=O)N1CCC(=C2c3ccc(Cl)cc3CCc3cccnc32)CC1,train
CCOC(=O)N1CCC(=O)CC1,train
CCOC(=O)N1CCC(Nc2ccc(Cl)cc2N)CC1,train
CCOC(=O)N1CCC(n2c(=O)[nH]c3cc(Cl)ccc32)CC1,train
CCOC(=O)NC(=S)Nc1ccccc1NC(=S)NC(=O)OCC,train
CCOC(=O)NC(C)(C)Cc1ccc(Cl)cc1,train
CCOC(=O)NC(O)C(Cl)(Cl)Cl,train
CCOC(=O)NCCC[Si](OCC)(OCC)OCC,train
CCOC(=O)NCCOc1ccc(Oc2ccccc2)cc1,train
CCOC(=O)NNc1nncc2ccccc12,train
CCOC(=O)Nc1ccc(NCc2ccc(F)cc2)nc1N,train
CCOC(=O)Nc1ccc2c(c1)N(C(=O)CN(C)C)c1ccccc1CC2,train
CCOC(=O)OC(C)OC(=O)[C@@H]1N2C(=O)[C@@H](NC(=O)[C@H](N)c3ccccc3)[C@H]2SC1(C)C,train
CCOC(=O)OC(C)OC1=C(C(=O)Nc2ccccn2)N(C)S(=O)(=O)c2ccccc21,train
CCOC(=O)OCC,train
CCOC(=O)OCC/C(SC(=O)OCC)=C(\C)N(C=O)Cc1cnc(C)nc1N,train
CCOC(=O)O[C@]1(C(=O)COC(=O)CC)CC[C@H]2[C@@H]3CCC4=CC(=O)C=C[C@]4(C)[C@H]3[C@@H](O)C[C@@]21C,train
CCOC(=O)O[C@]1(C(=O)OCCl)CC[C@H]2[C@@H]3CCC4=CC(=O)C=C[C@]4(C)[C@H]3[C@@H](O)C[C@@]21C,train
CCOC(=O)Oc1c(OC)cc(C(=O)O[C@@H]2C[C@@H]3CN4CCc5c([nH]c6cc(OC)ccc56)[C@H]4C[C@@H]3[C@H](C(=O)OC)[C@H]2OC)cc1OC,train
CCOC(=O)Oc1ccc(CCNC(=O)[C@H](CCSC)NC(C)=O)cc1OC(=O)OCC,train
CCOC(=O)[C@@H](C)Oc1ccc(Oc2nc3ccc(Cl)cc3o2)cc1,train
CCOC(=O)[C@@](C)(N)Cc1ccc(O)c(O)c1,train
CCOC(=O)[C@H](CCc1ccccc1)N[C@@H](C)C(=O)N1C(=O)N(C)C[C@H]1C(=O)O,train
CCOC(=O)[C@H](CCc1ccccc1)N[C@@H](C)C(=O)N1CCC[C@H]1C(=O)O,train
CCOC(=O)[C@H](CCc1ccccc1)N[C@@H](C)C(=O)N1Cc2cc(OC)c(OC)cc2C[C@H]1C(=O)O,train
CCOC(=O)[C@H](CCc1ccccc1)N[C@@H](C)C(=O)N1Cc2ccccc2C[C@H]1C(=O)O,train
CCOC(=O)[C@H](CCc1ccccc1)N[C@H]1CCc2ccccc2N(CC(=O)O)C1=O,train
CCOC(=O)[N-]c1c[n+](N2CCOCC2)no1,train
CCOC(=O)c1c(C)n(C)c2ccc(O)cc12,train
CCOC(=O)c1cc(-c2ccccc2)nc2ccc(C)cc12,train
CCOC(=O)c1cc(=O)c2c(OCC(COc3cccc4oc(C(=O)OCC)cc(=O)c34)OC(=O)[C@@H](N)CCCCN)cccc2o1,train
CCOC(=O)c1ccc(C)cc1,train
CCOC(=O)c1ccc(I)cc1,train
CCOC(=O)c1ccc(N(C)C)cc1,train
CCOC(=O)c1ccc(N)cc1,train
CCOC(=O)c1ccc(O)c(O)c1,train
CCOC(=O)c1ccc(O)cc1,train
CCOC(=O)c1ccc(OC(=O)CCCCCNC(=N)N)cc1,train
CCOC(=O)c1ccc(OCCN2C[C@H](O)[C@@H](O)[C@H](O)[C@H]2CO)cc1,train
CCOC(=O)c1cccc(N)c1,train
CCOC(=O)c1ccccc1,train
CCOC(=O)c1ccccc1C,train
CCOC(=O)c1ccccc1C(=C1C=C(Br)C(=O)C(Br)=C1)c1cc(Br)c(O)c(Br)c1,train
CCOC(=O)c1ccccc1C(=O)OCC,train
CCOC(=O)c1ccccc1N,train
CCOC(=O)c1ccccc1O,train
CCOC(=O)c1ccccc1OC,train
CCOC(=O)c1cccnc1,train
CCOC(=O)c1cn2nc(OP(=S)(OCC)OCC)cc2nc1C,train
CCOC(=O)c1cnc2c(cnn2CC)c1NN=C(C)C,train
CCOC(=O)c1cnc2cc(OCC(C)C)c(OCC(C)C)cc2c1O,train
CCOC(=O)c1cncn1C(C)c1ccccc1,train
CCOC(=O)c1nc(C(Cl)(Cl)Cl)n(-c2ccc(Cl)cc2Cl)n1,train
CCOC(=O)c1ncn2c1CN(C)C(=O)c1c(I)cccc1-2,train
CCOC(=O)c1ncn2c1CN(C)C(=O)c1cc(F)ccc1-2,train
CCOC(=O)n1ccn(C)c1=S,train
CCOC(=S)SSC(=S)OCC,train
CCOC(=S)[S-],train
CCOC(C(=O)OCCN(C)C)(c1ccccc1)c1ccccc1,train
CCOC(C)(C)C,train
CCOC(C)=O,train
CCOC(C)OCC,train
CCOC(N)=O,train
CCOC(OCC)OCC,train
CCOC1Oc2ccc(OS(C)(=O)=O)cc2C1(C)C,train
CCOCC(=O)O,train
CCOCC(C)O,train
CCOCC(O)COc1ccc(NC(=O)CC[S+](C)C)cc1,train
CCOCCC(=O)OCC,train
CCOCCO,train
CCOCCOC(=O)C=Cc1ccc(OC)cc1,train
CCOCCOC(C)=O,train
CCOCCOCC,train
CCOCCOCCO,train
CCOCCOCCOC(C)=O,train
CCOCCOCCOCC,train
CCOCCOCCOCCO,train
CCOCN(C(=O)CCl)c1c(C)cccc1CC,train
CCOP(=O)(CC)OCC,train
CCOP(=O)(CC)Oc1ccc([N+](=O)[O-])cc1,train
CCOP(=O)(Cl)Cl,train
CCOP(=O)(NC(C)C)Oc1ccc(SC)c(C)c1,train
CCOP(=O)(OCC)OC(=CCl)c1ccc(Cl)cc1Cl,train
CCOP(=O)(OCC)OCC,train
CCOP(=O)(OCC)OP(=O)(OCC)OCC,train
CCOP(=O)(OCC)Oc1cc(C)nc(C(C)C)n1,train
CCOP(=O)(OCC)Oc1ccc([N+](=O)[O-])cc1,train
CCOP(=O)(OCC)Oc1nc(Cl)c(Cl)cc1Cl,train
CCOP(=O)(OCC)SCCSCC,train
CCOP(=O)([O-])C(N)=O,train
CCOP(=S)(CC)Sc1ccccc1,train
CCOP(=S)(Cl)OCC,train
CCOP(=S)(NC(C)C)Oc1ccccc1C(=O)OC(C)C,train
CCOP(=S)(OCC)O/N=C(\C#N)c1ccccc1,train
CCOP(=S)(OCC)OC(Cl)C(Cl)(Cl)Cl,train
CCOP(=S)(OCC)OP(=S)(OCC)OCC,train
CCOP(=S)(OCC)Oc1cc(-c2ccccc2)on1,train
CCOP(=S)(OCC)Oc1cc(C)nc(C(C)C)n1,train
CCOP(=S)(OCC)Oc1cc(C)nc(N(CC)CC)n1,train
CCOP(=S)(OCC)Oc1cc(Cl)c(Br)cc1Cl,train
CCOP(=S)(OCC)Oc1ccc(Cl)cc1Cl,train
CCOP(=S)(OCC)Oc1ccc(S(C)=O)cc1,train
CCOP(=S)(OCC)Oc1ccc([N+](=O)[O-])cc1,train
CCOP(=S)(OCC)Oc1ccc2c(C)c(Cl)c(=O)oc2c1,train
CCOP(=S)(OCC)Oc1cnc2ccccc2n1,train
CCOP(=S)(OCC)Oc1nc(Cl)c(Cl)cc1Cl,train
CCOP(=S)(OCC)Oc1nc(Cl)n(C(C)C)n1,train
CCOP(=S)(OCC)Oc1ncn(-c2ccccc2)n1,train
CCOP(=S)(OCC)SC(CCl)N1C(=O)c2ccccc2C1=O,train
CCOP(=S)(OCC)SCCSCC,train
CCOP(=S)(OCC)SCCl,train
CCOP(=S)(OCC)SCSC(C)(C)C,train
CCOP(=S)(OCC)SCSCC,train
CCOP(=S)(OCC)SCSP(=S)(OCC)OCC,train
CCOP(=S)(OCC)SCSc1cc(Cl)ccc1Cl,train
CCOP(=S)(OCC)SCSc1ccc(Cl)cc1,train
CCOP(=S)(OCC)SCn1c(=O)oc2cc(Cl)ccc21,train
CCOP(=S)(OCC)SCn1nnc2ccccc2c1=O,train
CCOP(=S)(Oc1ccc([N+](=O)[O-])cc1)c1ccccc1,train
CCOP(=S)(Oc1cnc(C(C)(C)C)nc1)OC(C)C,train
CCOP(=S)(S)OCC,train
CCOP(O)OCC,train
CCOP(OCC)OCC,train
CCOS(=O)(=O)OCC,train
CCOS(=O)(=O)[O-].CCn1cc[n+](C)c1,train
CCOS(C)(=O)=O,train
CCO[C@H]1O[C@@H]2OC3(C)CC[C@H]4[C@H](C)CC[C@@H]([C@H]1C)[C@@]24OO3,train
CCO[Si](C)(CCCOCC1CO1)OCC,train
CCO[Si](C)(OCC)OCC,train
CCO[Si](CC(C)C)(OCC)OCC,train
CCO[Si](CC)(OCC)OCC,train
CCO[Si](CCC#N)(OCC)OCC,train
CCO[Si](CCC1CCC2OC2C1)(OCC)OCC,train
CCO[Si](CCCCl)(OCC)OCC,train
CCO[Si](CCCN)(OCC)OCC,train
CCO[Si](CCCNC(N)=O)(OCC)OCC,train
CCO[Si](CCCS)(OCC)OCC,train
CCO[Si](CCCSSSSCCC[Si](OCC)(OCC)OCC)(OCC)OCC,train
CCO[Si](OCC)(OCC)OCC,train
CCO[Si](OCC)(OCC)c1ccccc1,train
CCOc1c(N2CCOCC2)cnn(C)c1=O,train
CCOc1cc(-c2nccc3cc(OC)c(OC)cc23)cc(OCC)c1OCC,train
CCOc1cc(C=O)ccc1O,train
CCOc1cc(NC(C)=O)ccc1C(=O)OC,train
CCOc1cc(OCC)c(C(=O)CCC(=O)O)cc1OCC,train
CCOc1cc(OCC)c(C(C)=O)cc1OCC,train
CCOc1cc(OP(=S)(OC)OC)nc(CC)n1,train
CCOc1cc(Oc2ccc(C(F)(F)F)cc2Cl)ccc1[N+](=O)[O-],train
CCOc1ccc(C(=O)OCCN(CC)CC)cc1,train
CCOc1ccc(C[C@H]2NC(=O)CCSSC[C@@H](C(=O)N3CCC[C@H]3C(=O)N[C@@H](CCCN)C(=O)NCC(N)=O)NC(=O)[C@H](CC(N)=O)NC(=O)[C@H]([C@@H](C)O)NC(=O)[C@H]([C@@H](C)CC)NC2=O)cc1,train
CCOc1ccc(Cc2nccc3cc(OCC)c(OCC)cc23)cc1OCC,train
CCOc1ccc(N)c([N+](=O)[O-])c1,train
CCOc1ccc(N)cc1,train
CCOc1ccc(N=Nc2ccc(N)cc2N)cc1,train
CCOc1ccc(NC(=O)CC(C)=O)cc1,train
CCOc1ccc(NC(=O)CC(C)O)cc1,train
CCOc1ccc(NC(=O)OC(C)C)cc1OCC,train
CCOc1ccc(NC(=S)Nc2ccc(OCC)cc2)cc1,train
CCOc1ccc(NC(C)=O)cc1,train
CCOc1ccc(NC(C)=O)cc1N,train
CCOc1ccc(NC(N)=O)cc1,train
CCOc1ccc(NS(=O)(=O)c2ccc(N)cc2)nn1,train
CCOc1ccc(O)cc1,train
CCOc1ccc(OCC)c(Cl)c1,train
CCOc1ccc(S(=O)(=O)O)c2cccnc12,train
CCOc1ccc([N+](=O)[O-])cc1,train
CCOc1ccc2c(c1)C(C)=CC(C)(C)N2,train
CCOc1ccc2c(c1)C(C)CC(C)(C)N2,train
CCOc1ccc2c3c1O[C@H]1[C@@H](O)C=C[C@H]4[C@@H](C2)N(C)CC[C@@]341,train
CCOc1ccc2ccccc2c1C(=O)N[C@@H]1C(=O)N2[C@@H]1SC(C)(C)[C@@H]2C(=O)[O-],train
CCOc1ccc2nc(N)sc2c1,train
CCOc1ccc2nc(S(N)(=O)=O)sc2c1,train
CCOc1cccc(N)c1,train
CCOc1ccccc1C(N)=O,train
CCOc1ccccc1N,train
CCOc1ccccc1O,train
CCOc1ccccc1OCC,train
CCOc1ccccc1OCCN[C@H](C)Cc1ccc(OC)c(S(N)(=O)=O)c1,train
CCOc1nc(=O)c(F)c[nH]1,train
CCOc1nc(F)cc2nc(S(=O)(=O)Nc3c(Cl)cccc3Cl)nn12,train
CCOc1nc2cccc(C(=O)O)c2n1Cc1ccc(-c2ccccc2-c2nnn[nH]2)cc1,train
CCS(=O)(=O)C(C)(C)S(=O)(=O)CC,train
CCS(=O)(=O)CCSP(=O)(OC)OC,train
CCS(=O)(=O)CCn1c([N+](=O)[O-])cnc1C,train
CCS(=O)(=O)c1ccc(OC)c(C(=O)OC)c1,train
CCSC(=O)Cl,train
CCSC(=O)N(CC(C)C)CC(C)C,train
CCSC(=O)N(CC)C1CCCCC1,train
CCSC(=O)N(CC)CC,train
CCSC(=O)N1CCCCCC1,train
CCSCC,train
CCSCCCl,train
CCSCc1ccccc1OC(=O)NC,train
CCSc1ccc2c(c1)N(CCCN1CCN(C)CC1)c1ccccc1S2.O=C(O)CC(O)C(=O)O.O=C(O)CC(O)C(=O)O,train
CC[C@@H](C(=O)O)[C@@H]1O[C@@H]([C@@H](C)[C@H](O)[C@H](C)C(=O)[C@H](CC)[C@H]2O[C@]3(C=C[C@@H](O)[C@]4(CC[C@@](C)([C@H]5CC[C@](O)(CC)[C@H](C)O5)O4)O3)[C@H](C)C[C@@H]2C)[C@@H](C)C[C@@H]1C,train
CC[C@@H](C(=O)[C@@H](C)[C@@H](O)[C@H](C)[C@@H]1O[C@@H]([C@@H](CC)C(=O)[O-])CC[C@@H]1C)[C@H]1O[C@]2(C=C[C@@H](O)[C@]3(CC[C@@](C)([C@H]4CC[C@](O)(CC)[C@H](C)O4)O3)O2)[C@H](C)C[C@@H]1C,train
CC[C@@H](CO)NC(=O)[C@@H]1C=C2c3cccc4[nH]cc(c34)C[C@H]2N(C)C1,train
CC[C@@H](CO)NC(=O)[C@@H]1C=C2c3cccc4c3c(cn4C)C[C@H]2N(C)C1,train
CC[C@@H](CO)NCCN[C@@H](CC)CO,train
CC[C@@H](N)CO,train
CC[C@@H](O)C(C[C@@H](C)N(C)C)(c1ccccc1)c1ccccc1,train
CC[C@@H]1C=C(C)C[C@H](C)C[C@H](OC)[C@H]2O[C@@](O)(C(=O)C(=O)N3CCCC[C@H]3C(=O)O[C@H](/C(C)=C/[C@@H]3CC[C@@H](Cl)[C@H](OC)C3)[C@H](C)[C@@H](O)CC1=O)[C@H](C)C[C@@H]2OC,train
CC[C@@]1(O)C(=O)OCc2c1cc1n(c2=O)Cc2c-1nc1ccccc1c2/C=N/OC(C)(C)C,train
CC[C@@]1(O)C(=O)OCc2c1cc1n(c2=O)Cc2cc3c(CN(C)C)c(O)ccc3nc2-1,train
CC[C@@]1(O)C(=O)OCc2c1cc1n(c2=O)Cc2cc3c([N+](=O)[O-])cccc3nc2-1,train
CC[C@@]1([C@@H]2O[C@@H]([C@H]3O[C@@](O)(CO)[C@H](C)C[C@@H]3C)C[C@@H]2C)CC[C@H]([C@]2(C)CC[C@]3(C[C@H](O)[C@@H](C)[C@@H]([C@@H](C)[C@@H](OC)[C@H](C)C(=O)[O-])O3)O2)O1,train
CC[C@@]1(c2ccccc2)NC(=O)N(C)C1=O,train
CC[C@H](C)C(=O)O[C@H]1CCC=C2C=C[C@H](C)[C@H](CC[C@@H]3C[C@@H](O)CC(=O)O3)[C@H]21,train
CC[C@H](C)C(=O)O[C@H]1C[C@@H](C)C=C2C=C[C@H](C)[C@H](CC[C@@H]3C[C@@H](O)CC(=O)O3)[C@H]21,train
CC[C@H](C)[C@@H](C(=O)O)n1sc2ccccc2c1=O,train
CC[C@H](C)[C@@H]1NC(=O)[C@H](Cc2ccc(O)cc2)NC(=O)[C@@H](N)CSSC[C@@H](C(=O)N2CCC[C@H]2C(=O)N[C@@H](CC(C)C)C(=O)NCC(N)=O)NC(=O)[C@H](CC(N)=O)NC(=O)[C@H](CCC(N)=O)NC1=O,train
CC[C@H](C)[C@H]1O[C@]2(C=C[C@@H]1C)C[C@@H]1C[C@@H](CC=C(C)[C@@H](O[C@H]3C[C@H](OC)[C@@H](O[C@H]4C[C@H](OC)[C@@H](O)[C@H](C)O4)[C@H](C)O3)[C@@H](C)C=CC=C3CO[C@@H]4[C@H](O)C(C)=C[C@@H](C(=O)O1)[C@]34O)O2,train
CC[C@H](C)[C@H]1O[C@]2(C=C[C@@H]1C)C[C@@H]1C[C@@H](CC=C(C)[C@@H](O[C@H]3C[C@H](OC)[C@@H](O[C@H]4C[C@H](OC)[C@@H]([NH2+]C)[C@H](C)O4)[C@H](C)O3)[C@@H](C)C=CC=C3CO[C@@H]4[C@H](O)C(C)=C[C@@H](C(=O)O1)[C@]34O)O2.O=C([O-])c1ccccc1,train
CC[C@H](N)c1ccccc1,train
CC[C@H](O)C(C[C@H](C)N(C)C)(c1ccccc1)c1ccccc1,train
CC[C@H](OC(C)=O)C(C[C@@H](C)NC)(c1ccccc1)c1ccccc1,train
CC[C@H](c1ccc(O)cc1)[C@@H](CC)c1ccc(O)cc1,train
CC[C@H]1C[C@H]2[C@@H]3CCC4=CC(=O)CC[C@@H]4[C@H]3CC[C@]2(C)[C@H]1O,train
CC[C@H]1OC(=O)[C@H](C)[C@@H](O[C@H]2C[C@@](C)(OC)[C@@H](O)[C@H](C)O2)C(C)[C@@H](O[C@@H]2O[C@H](C)C[C@H](N(C)C)[C@H]2O)[C@](C)(OC)C[C@@H](C)C(=O)[C@H](C)[C@@H](O)[C@]1(C)O,train
CC[C@H]1OC(=O)[C@H](C)[C@@H](O[C@H]2C[C@@](C)(OC)[C@@H](O)[C@H](C)O2)[C@H](C)[C@@H](O[C@@H]2O[C@H](C)C[C@H](N(C)C)[C@H]2O)[C@](C)(O)C[C@@H](C)C(=O)[C@H](C)[C@@H](O)[C@]1(C)O,train
CC[C@]1(O)CC[C@H]2[C@@H]3CCC4=CCCC[C@@H]4[C@H]3CC[C@@]21C,train
CC[C@]1(O)C[C@@H]2CN(CCc3c([nH]c4ccccc34)[C@@](C(=O)OC)(c3cc4c(cc3OC)N(C)[C@H]3[C@@](O)(C(=O)OC)[C@H](OC(C)=O)[C@]5(CC)C=CCN6CC[C@]43[C@@H]65)C2)C1,train
CC[C@]1(O)C[C@H]2CN(CCc3c([nH]c4ccccc34)[C@@](C(=O)OC)(c3cc4c(cc3OC)N(C)[C@H]3[C@@](O)(C(N)=O)[C@H](O)[C@]5(CC)C=CCN6CC[C@]43[C@@H]65)C2)C1,train
CC[C@]1(O)C[C@H]2CN(CCc3c([nH]c4ccccc34)[C@@](C(=O)OC)(c3cc4c(cc3OC)N(C=O)[C@H]3[C@@](O)(C(=O)OC)[C@H](OC(C)=O)[C@]5(CC)C=CCN6CC[C@]43[C@@H]65)C2)C1,train
CC[N+](=O)[O-],train
CC[N+](C)(C)Cc1ccccc1Br,train
CC[N+](C)(C)c1cccc(O)c1,train
CC[N+](C)(CC)CC,train
CC[N+](C)(CC)CCOC(=O)C(O)(c1ccccc1)C1CCCCC1,train
CC[N+](C)(CC)CCOC(=O)C1c2ccccc2Oc2ccccc21,train
CC[N+](CC)(CC)CC,train
CC[N+](CC)(CC)CCC(O)(c1ccccc1)C1CCCCC1,train
CC[N+](CC)(CC)CCOc1ccc(/C=C/c2ccccc2)cc1,train
CC[N+](CC)(CC)CCOc1cccc(OCC[N+](CC)(CC)CC)c1OCC[N+](CC)(CC)CC,train
CC[N+]1(C)CCCC(OC(=O)C(O)(c2ccccc2)c2ccccc2)C1,train
CC[N+]1(C)CCCC1,train
CC[N+]1(C)CCCC1.F[B-](F)(F)F,train
CC[N+]1(C)CCCC1.O=S(=O)([N-]S(=O)(=O)C(F)(F)F)C(F)(F)F,train
CC[N+]1(C)CCCC1.O=S(=O)([O-])C(F)(F)F,train
CC[N+]1(CCOC(=O)C(O)(c2ccccc2)c2ccccc2)CCCCC1,train
CC[P](CC)(CC)=[Au][S][C@H]1O[C@@H](COC(C)=O)[C@H](OC(C)=O)[C@@H](OC(C)=O)[C@@H]1OC(C)=O,train
CC[S+](C)CC.O=S(=O)([N-]S(=O)(=O)C(F)(F)F)C(F)(F)F,train
CC[Si](OC(C)=O)(OC(C)=O)OC(C)=O,train
CC[n+]1ccccc1,train
CC[n+]1ccccc1.F[B-](F)(F)F,train
CC[n+]1ccccc1.O=S(=O)([O-])C(F)(F)F,train
CCc1c(C(=O)NN2CCCCC2)nn(-c2ccc(Cl)cc2Cl)c1-c1ccc(Br)cc1,train
CCc1cc(C(C)(C)C)c(O)c(C(C)(C)C)c1,train
CCc1cc(C(N)=S)ccn1,train
CCc1cc(Cc2cc(CC)c(N)c(CC)c2)cc(CC)c1N,train
CCc1cc(Cc2cc(CC)cc(C(C)(C)C)c2O)c(O)c(C(C)(C)C)c1,train
CCc1cc(Cl)c(OC)c(C(=O)NC[C@@H]2CCCN2CC)c1O,train
CCc1cc(OC)c(C[C@@H](C)N)cc1OC,train
CCc1cc(OC)c(C[C@H](C)N)cc1OC,train
CCc1cc(S(=O)(=O)[O-])c2cc(C(C)C)cccc1-2,train
CCc1cc2c(s1)-n1c(C)nnc1CN=C2c1ccccc1Cl,train
CCc1cc2cc(OC)c(OC)cc2c(Cc2ccccc2)n1,train
CCc1ccc(Br)cc1,train
CCc1ccc(C(=O)C(C)CN2CCCCC2)cc1,train
CCc1ccc(C(=O)NN(C(=O)c2cc(C)cc(C)c2)C(C)(C)C)cc1,train
CCc1ccc(C(c2ccc(CC)cc2)C(Cl)Cl)cc1,train
CCc1ccc(C)cc1,train
CCc1ccc(C2CCNCC2)cc1,train
CCc1ccc(C=O)cc1,train
CCc1ccc(CC)cc1,train
CCc1ccc(CCOc2ccc(CC3SC(=O)NC3=O)cc2)nc1,train
CCc1ccc(O)c(C(C)(C)C)c1,train
CCc1ccc(O)c(OC)c1,train
CCc1ccc(O)cc1,train
CCc1ccc2c(c1)C(=O)c1ccccc1C2=O,train
CCc1ccc2c(c1)N(CC(C)CN(C)C)c1ccccc1S2,train
CCc1cccc(C)c1,train
CCc1cccc(C)c1N,train
CCc1cccc(C)c1N(C(=O)CCl)C(C)COC,train
CCc1cccc(C)c1N(C(=O)CCl)[C@@H](C)COC,train
CCc1cccc(CC)c1N,train
CCc1cccc(CC)c1N(COC)C(=O)CCl,train
CCc1cccc(CC)c1NC(=O)CN(CC(=O)O)CC(=O)O,train
CCc1cccc(O)c1,train
CCc1cccc2c(CCO)c[nH]c12,train
CCc1ccccc1,train
CCc1ccccc1CC,train
CCc1ccccc1N,train
CCc1ccccc1O,train
CCc1cn([C@H]2C[C@H](O)[C@@H](CO)O2)c(=O)[nH]c1=O,train
CCc1cnc(C(=O)O)c(C(=O)O)c1,train
CCc1cnc(C2=NC(C)(C(C)C)C(=O)N2)c(C(=O)O)c1,train
CCc1nc(C)c[nH]1,train
CCc1nc(N)nc(N)c1-c1ccc(Cl)cc1,train
CCc1nccnc1C,train
CCc1nccnc1CC,train
CCc1ncnc2cc(OC)c(OC)cc12,train
CCc1nnc(NS(=O)(=O)c2ccc(N)cc2)s1,train
CCc1oc2ccccc2c1C(=O)c1cc(Br)c(O)c(Br)c1,train
CCc1oc2ccccc2c1C(=O)c1cc(I)c(O)c(I)c1,train
CCc1occc(=O)c1O,train
CCn1c2ccccc2c2cc(N)ccc21,train
CCn1c2ccccc2c2cc([N+](=O)[O-])ccc21,train
CCn1cc(C(=O)O)c(=O)c2cc(F)c(N3CCN(C)CC3)cc21,train
CCn1cc(C(=O)O)c(=O)c2cc(F)c(N3CCNC(C)C3)c(F)c21,train
CCn1cc(C(=O)O)c(=O)c2cc(F)c(N3CCNCC3)cc21,train
CCn1cc[n+](C)c1,train
CCn1cc[n+](C)c1.COS(=O)(=O)[O-],train
CCn1cc[n+](C)c1.F[B-](F)(F)F,train
CCn1cc[n+](C)c1.N#CN=C=[N-],train
CCn1cc[n+](C)c1.N#C[S-],train
CCn1cc[n+](C)c1.O=S(=O)([N-]S(=O)(=O)C(F)(F)F)C(F)(F)F,train
CCn1cc[n+](C)c1.O=S(=O)([O-])C(F)(F)F,train
CCn1cc[n+](C)c1C.F[B-](F)(F)F,train
CCn1cc[n+](C)c1C.O=S(=O)([N-]S(=O)(=O)C(F)(F)F)C(F)(F)F,train
CCn1cc[n+](C)c1C.O=S(=O)([O-])C(F)(F)F,train
CI.CN1[C@@H]2CC[C@H]1CC(OC(=O)c1c[nH]c3ccccc13)C2,train
CN(C(=O)CO)c1c(I)c(C(=O)NCC(O)CO)c(I)c(C(=O)NCC(O)CO)c1I,train
CN(C(=O)Cc1ccc(Cl)c(Cl)c1)[C@H]1CC[C@@]2(CCCO2)C[C@@H]1N1CCCC1,train
CN(C(=O)Cc1ccccc1)[C@H]1CC[C@@]2(CCCO2)C[C@@H]1N1CCCC1,train
CN(C)C,train
CN(C)C(=N)NC(=N)N,train
CN(C)C(=O)C(CCN1CCC(O)(c2ccc(Cl)cc2)CC1)(c1ccccc1)c1ccccc1,train
CN(C)C(=O)C(c1ccccc1)c1ccccc1,train
CN(C)C(=O)C1(N2CCCCC2)CCN(CCC2(c3ccc(Cl)c(Cl)c3)CN(C(=O)c3ccccc3)CCO2)CC1,train
CN(C)C(=O)CNC(=O)Cc1ccccc1,train
CN(C)C(=O)COC(=O)Cc1ccc(OC(=O)c2ccc(NC(=N)N)cc2)cc1,train
CN(C)C(=O)Cl,train
CN(C)C(=O)NC1(c2ccccc2)CCN(CCC[C@@]2(c3ccc(Cl)c(Cl)c3)CCCN(C(=O)c3ccccc3)C2)CC1,train
CN(C)C(=O)Nc1ccc(Cl)c(Cl)c1,train
CN(C)C(=O)Nc1ccc(Cl)cc1,train
CN(C)C(=O)Nc1ccc(Oc2ccc(Cl)cc2)cc1,train
CN(C)C(=O)Nc1cccc(C(F)(F)F)c1,train
CN(C)C(=O)Nc1cccc(OC(=O)NC(C)(C)C)c1,train
CN(C)C(=O)Nc1ccccc1,train
CN(C)C(=O)Oc1cc(OC(=O)N(C)C)cc(C(O)CNC(C)(C)C)c1,train
CN(C)C(=O)Oc1ccc[n+](C)c1,train
CN(C)C(=O)Oc1cccc([N+](C)(C)C)c1,train
CN(C)C(=S)SC(=S)N(C)C,train
CN(C)C(=S)SSC(=S)N(C)C,train
CN(C)C(=S)[S-],train
CN(C)C(=S)[S-].CN(C)C(=S)[S-].CN(C)C(=S)[S-].[Fe+3],train
CN(C)C(=S)[S-].CN(C)C(=S)[S-].[Cu+2],train
CN(C)C(=S)[S-].CN(C)C(=S)[S-].[Zn+2],train
CN(C)C(C)(C)CO,train
CN(C)C1CCCCC1,train
CN(C)C=Nc1c(I)cc(I)c(CCC(=O)[O-])c1I,train
CN(C)C=O,train
CN(C)CC/C=C1/c2ccccc2COc2ccc(CC(=O)O)cc21,train
CN(C)CC/C=C1\c2ccccc2COc2ccccc21,train
CN(C)CCC#N,train
CN(C)CCC(O)(c1ccccc1)c1ccccc1Cl,train
CN(C)CCC=C1c2ccccc2CCc2ccccc21,train
CN(C)CCCCCCN(C)C,train
CN(C)CCCCl,train
CN(C)CCCN,train
CN(C)CCCN(C)C,train
CN(C)CCCN(C)CCCN(C)C,train
CN(C)CCCN1c2ccccc2CCc2ccc(Cl)cc21,train
CN(C)CCCN1c2ccccc2CCc2ccccc21,train
CN(C)CCCN1c2ccccc2Sc2ccc(C(F)(F)F)cc21,train
CN(C)CCCN1c2ccccc2Sc2ccc(Cl)cc21,train
CN(C)CCCN1c2ccccc2Sc2ccccc21,train
CN(C)CCCNCCC#N,train
CN(C)CCCNCCCN,train
CN(C)CCCNCCCN(C)C,train
CN(C)CCCO[C@@H]1[C@H]2OC(C)(C)O[C@H]2O[C@@H]1C(O)CO,train
CN(C)CCCOc1nn(Cc2ccccc2)c2ccccc12,train
CN(C)CCCSc1ccccc1NC(=O)/C=C/c1ccccc1,train
CN(C)CCN(C)C,train
CN(C)CCN(C)CCN(C)C,train
CN(C)CCN(C)CCO,train
CN(C)CCN(Cc1ccc(Cl)cc1)c1ccccn1,train
CN(C)CCN(Cc1ccccc1)c1ccccn1.O=C(O)CC(O)(CC(=O)O)C(=O)O,train
CN(C)CCN1C(=O)c2ccccc2N(C)c2ccccc21,train
CN(C)CCO,train
CN(C)CCOC(=O)COc1ccc(Cl)cc1,train
CN(C)CCOC(C)(c1ccccc1)c1ccccn1.O=C(O)CCC(=O)O,train
CN(C)CCOC(c1ccc(Cl)cc1)c1ccccn1,train
CN(C)CCOC(c1ccccc1)c1ccc(Br)cc1,train
CN(C)CCOC(c1ccccc1)c1ccccc1,train
CN(C)CCOCCN(C)C,train
CN(C)CCOCCN(C)CCO,train
CN(C)CCOCCO,train
CN(C)CCOc1ccc(/C(=C(/CCCl)c2ccccc2)c2ccccc2)cc1.O=C(O)CC(O)(CC(=O)O)C(=O)O,train
CN(C)CCOc1ccccc1Cc1ccccc1.O=C(O)CC(O)(CC(=O)O)C(=O)O,train
CN(C)CC[C@@H](c1ccc(Br)cc1)c1ccccn1,train
CN(C)CC[C@@H](c1ccc(Cl)cc1)c1ccccn1,train
CN(C)CCc1c[nH]c2cccc(OP(=O)(O)O)c12,train
CN(C)CCc1c[nH]c2ccccc12,train
CN(C)CCc1ccc(O)cc1,train
CN(C)Cc1cc(C(C)(C)C)c(O)c(C(C)(C)C)c1,train
CN(C)Cc1cc(CN(C)C)c(O)c(CN(C)C)c1,train
CN(C)Cc1ccccc1,train
CN(C)Cc1ccccc1O,train
CN(C)N,train
CN(C)N=Nc1ccccc1,train
CN(C)N=Nc1nc[nH]c1C(N)=O,train
CN(C)N=O,train
CN(C)NC(=O)CCC(=O)O,train
CN(C)P(=O)(N(C)C)N(C)C,train
CN(C)S(=O)(=O)N(SC(F)(Cl)Cl)c1ccccc1,train
CN(C)[C@@H]1C(O)=C(C(=O)NCN[C@@H](CCCCN)C(=O)O)C(=O)[C@@]2(O)C(O)=C3C(=O)c4c(O)cccc4[C@@](C)(O)C3C[C@@H]12,train
CN(C)[C@@H]1C(O)=C(C(N)=O)C(=O)[C@@]2(O)C(O)=C3C(=O)c4c(O)ccc(Cl)c4[C@@H](O)[C@H]3C[C@@H]12,train
CN(C)[C@@H]1C(O)=C(C(N)=O)C(=O)[C@@]2(O)C(O)=C3C(=O)c4c(O)cccc4C[C@H]3C[C@@H]12,train
CN(C)[C@@H]1C(O)=C(C(N)=O)C(=O)[C@@]2(O)C(O)=C3C(=O)c4c(O)cccc4[C@@](C)(O)[C@H]3C[C@@H]12,train
CN(C)[C@@H]1C(O)=C(C(N)=O)C(=O)[C@@]2(O)C(O)=C3C(=O)c4c(O)cccc4[C@@](C)(O)[C@H]3[C@H](O)[C@@H]12,train
CN(C)c1ccc(/C=C/c2ccc([N+](=O)[O-])cc2)cc1,train
CN(C)c1ccc(/N=N/c2ccccc2C(=O)O)cc1,train
CN(C)c1ccc(C(=C2C=CC(=[N+](C)C)C=C2)c2c(O)c(S(=O)(=O)[O-])cc3cc(S(=O)(=O)[O-])ccc23)cc1,train
CN(C)c1ccc(C(=C2C=CC(=[N+](C)C)C=C2)c2ccc(N(C)C)cc2)cc1,train
CN(C)c1ccc(C(=C2C=CC(=[N+](C)C)C=C2)c2ccccc2)cc1.CN(C)c1ccc(C(=C2C=CC(=[N+](C)C)C=C2)c2ccccc2)cc1,train
CN(C)c1ccc(C(=O)c2ccc(N(C)C)cc2)cc1,train
CN(C)c1ccc(C(c2ccccc2)c2ccc(N(C)C)cc2)cc1,train
CN(C)c1ccc(C2(c3ccc(N(C)C)cc3)OC(=O)c3cc(N(C)C)ccc32)cc1,train
CN(C)c1ccc(C=O)cc1,train
CN(C)c1ccc(CCO)cc1,train
CN(C)c1ccc(Cc2ccc(N(C)C)cc2)cc1,train
CN(C)c1ccc(N(C)C)cc1,train
CN(C)c1ccc(N)cc1,train
CN(C)c1ccc(N=NS(=O)(=O)[O-])cc1,train
CN(C)c1ccc(N=Nc2ccccc2)cc1,train
CN(C)c1ccc(N=O)cc1,train
CN(C)c1ccc(O)c2c1C[C@H]1C[C@H]3[C@H](N(C)C)C(O)=C(C(N)=O)C(=O)[C@@]3(O)C(O)=C1C2=O,train
CN(C)c1ccc(SC#N)cc1,train
CN(C)c1ccc2nc3ccc(N(C)C)cc3[s+]c2c1,train
CN(C)c1cccc(O)c1,train
CN(C)c1ccccc1,train
CN(C)c1ccncc1,train
CN(C)c1nc(N(C)C)nc(N(C)C)n1,train
CN(C/C=C/C#CC(C)(C)C)Cc1cccc2ccccc12,train
CN(C/C=C/c1ccccc1)Cc1cccc2ccccc12,train
CN(C1CCCCC1)C1CCCCC1,train
CN(C1CCCCC1)S(=O)(=O)c1ccccc1N,train
CN(CC(=O)N1CCOCC1)Cc1c(Cl)cccc1NC(=O)c1ccccc1,train
CN(CCCl)CCCl,train
CN(CCO)CC(O)Cn1cnc2c1c(=O)n(C)c(=O)n2C.O=C(O)c1cccnc1,train
CN(CCO)CCO,train
CN(CCOc1ccc(NS(C)(=O)=O)cc1)CCc1ccc(NS(C)(=O)=O)cc1,train
CN(Cc1cc(Br)cc(Br)c1N)C1CCCCC1,train
CN(Cc1ccccc1)Cc1ccccc1,train
CN(Cc1cnc2nc(N)nc(N)c2n1)c1ccc(C(=O)N[C@@H](CCC(=O)O)C(=O)O)cc1,train
CN(N=O)C(=N)N[N+](=O)[O-],train
CN(N=O)C(=O)N[C@@H]1[C@@H](O)[C@H](O)[C@@H](CO)O[C@@H]1O,train
CN(N=O)C(N)=O,train
CN(N=O)c1ccc([N+](=O)[O-])cc1,train
CN(N=O)c1ccccc1,train
CN/C(=C\[N+](=O)[O-])NCCSCc1ccc(CN(C)C)o1,train
CN/C(=N/[N+](=O)[O-])NCC1CCOC1,train
CN/C(=N\C#N)NCCSCc1csc(N=C(N)N)n1,train
CN/C(=N\C#N)NCCSCc1nc[nH]c1C,train
CN/C(=N\[N+](=O)[O-])NCc1cnc(Cl)s1,train
CN/C(=N\c1ccc(C2=NNC(=O)CC2C)cc1)NC#N,train
CN/C=N/c1ccc(C)cc1C,train
CN1C(=O)C(O)N=C(c2ccccc2)c2cc(Cl)ccc21,train
CN1C(=O)CC(=O)N(c2ccccc2)c2cc(Cl)ccc21,train
CN1C(=O)CC(C)(c2ccccc2)C1=O,train
CN1C(=O)CC(c2ccccc2)C1=O,train
CN1C(=O)CC[C@H]1c1cccnc1,train
CN1C(=O)CN=C(c2ccccc2)c2cc(Cl)ccc21,train
CN1C(=O)CN=C(c2ccccc2)c2cc([N+](=O)[O-])ccc21,train
CN1C(=O)N(C)C(O)C1O,train
CN1C(=O)OC(C)(C)C1=O,train
CN1C(=O)[C@@H](NC(=O)c2cc3ccccc3[nH]2)N=C(c2ccccc2)c2ccccc21,train
CN1C(=O)c2ccc([N+](=O)[O-])cc2C1=O,train
CN1C(=O)c2ccccc2C1=O,train
CN1C(C(=O)Nc2ccccn2)=C(O)c2ccccc2S1(=O)=O,train
CN1C(C)(C)CC(O)CC1(C)C,train
CN1C(C)(C)CCCC1(C)C,train
CN1C(CCl)Nc2cc(Cl)c(S(N)(=O)=O)cc2S1(=O)=O,train
CN1C(CSCC(F)(F)F)Nc2cc(Cl)c(S(N)(=O)=O)cc2S1(=O)=O,train
CN1C2=CC(=O)C(=NNC(N)=O)C=C2CC1S(=O)(=O)[O-],train
CN1C2CCC1CC(OC(c1ccccc1)c1ccc(Cl)cc1)C2,train
CN1CC(=O)NC1=N,train
CN1CC(O)C2=C/C(=N/NC(N)=O)C(=O)C=C21,train
CN1CCC(=C2c3ccccc3CCc3cccnc32)CC1,train
CN1CCC(Nc2ncc3ncnc(Nc4ccc(F)c(Cl)c4)c3n2)CC1,train
CN1CCCC(CN2c3ccccc3Sc3ccccc32)C1,train
CN1CCCC(OC(=O)C(O)(c2ccccc2)c2ccccc2)C1,train
CN1CCCC(n2nc(Cc3ccc(Cl)cc3)c3ccccc3c2=O)CC1,train
CN1CCCC1,train
CN1CCCC1=O,train
CN1CCCCC1CCN1c2ccccc2Sc2ccc(S(C)=O)cc21,train
CN1CCCN(C(c2ccccc2)c2ccc(Cl)cc2)CC1,train
CN1CCCN=C1/C=C/c1cccs1,train
CN1CCC[C@@H]1c1cccnc1,train
CN1CCC[C@H]1c1cccnc1,train
CN1CCN(C(c2ccccc2)c2ccc(Cl)cc2)CC1,train
CN1CCN(C(c2ccccc2)c2ccccc2)CC1,train
CN1CCN(C2=Nc3cc(F)ccc3Cc3ccccc32)CC1,train
CN1CCN(C2=Nc3ccccc3Cc3ccccc32)CC1,train
CN1CCN(C2=Nc3ccccc3Oc3ccc(Cl)cc32)CC1.O=C(O)CCC(=O)O,train
CN1CCN(C2=Nc3ccccc3Sc3ccc(Cl)cc32)CC1,train
CN1CCN(C2Cc3ccccc3Sc3ccc(Cl)cc32)CC1,train
CN1CCN(CCC(=O)N2c3ccccc3Sc3ccc(C(F)(F)F)cc32)CC1,train
CN1CCN(CCC=C2c3ccccc3Sc3ccc(S(=O)(=O)N(C)C)cc32)CC1,train
CN1CCN(CCCN2c3ccccc3Sc3ccc(C(F)(F)F)cc32)CC1,train
CN1CCN(CCCN2c3ccccc3Sc3ccc(Cl)cc32)CC1,train
CN1CCN(CCCN2c3ccccc3Sc3ccc(S(=O)(=O)N(C)C)cc32)CC1,train
CN1CCN(CCCN2c3ccccc3Sc3ccccc32)CC1,train
CN1CCN(N)CC1,train
CN1CCN(c2c(F)cc3c(=O)c(C(=O)O)cn(CCF)c3c2F)CC1,train
CN1CCN(c2cc3c(cc2F)c(=O)c(C(=O)O)cn3-c2ccc(F)cc2)CC1,train
CN1CCOCC1,train
CN1CC[C@@]23CCCC[C@@H]2[C@@H]1Cc1ccc(O)cc13,train
CN1CCc2cc3c(cc2C1O)OCO3,train
CN1C[C@@H](NS(=O)(=O)N(C)C)C[C@@H]2c3cccc4c3c(cn4C)C[C@H]21,train
CN1C[C@H](C(=O)N[C@]2(C)O[C@@]3(O)[C@@H]4CCCN4C(=O)[C@H](Cc4ccccc4)N3C2=O)C[C@@H]2c3cccc4[nH]cc(c34)C[C@H]21,train
CN1N=C(C(N)=O)CCC1=O,train
CN1[C@@H]2CCC[C@H]1C[C@@H](NC(=O)c1nn(C)c3ccccc13)C2,train
CN1[C@@H]2CC[C@H]1CC(OC(=O)c1c[nH]c3ccccc13)C2,train
CN1[C@@H]2CC[C@H]1C[C@@H](OC(=O)C(CO)c1ccccc1)C2,train
CN1[C@@H]2CC[C@H]1C[C@@H](OC(=O)C(O)c1ccccc1)C2,train
CN1[C@@H]2CC[C@H]1C[C@@H](OC(=O)c1cc(Cl)cc(Cl)c1)C2,train
CN1[C@@H]2CC[C@H]1C[C@@H](OC(c1ccccc1)c1ccccc1)C2,train
CN1[C@@H]2CC[C@H]1C[C@@H](OC1c3ccccc3CCc3ccccc31)C2.O=C(O)CC(O)(CC(=O)O)C(=O)O,train
CN1[C@H]2CC[C@@H]1[C@@H](C(=O)O)[C@@H](OC(=O)c1ccccc1)C2,train
CN=C=O,train
CN=C=S,train
CNC,train
CNC(=C[N+](=O)[O-])NCCSCc1csc(CN(C)C)n1,train
CNC(=N)NC(=O)Nc1c(C)cccc1C,train
CNC(=O)/C=C(\C)OP(=O)(OC)OC,train
CNC(=O)C(c1ccccc1)c1ccccc1,train
CNC(=O)CN(CCN(CCN(CC(=O)[O-])CC(=O)NC)CC(=O)[O-])CC(=O)[O-].[Gd+3],train
CNC(=O)CSP(=O)(OC)OC,train
CNC(=O)CSP(=S)(OC)OC,train
CNC(=O)C[C@@H](N)C(=O)N[C@@H](C(=O)N[C@@H]1C(=O)N2[C@@H]1SC(C)(C)[C@@H]2C(=O)O)c1ccc(O)cc1,train
CNC(=O)N(C)c1nc2ccccc2s1,train
CNC(=O)N(C)c1nnc(C(C)(C)C)s1,train
CNC(=O)N(c1ccccc1)c1ccccc1,train
CNC(=O)NC,train
CNC(=O)NC(O)C(Cl)(Cl)Cl,train
CNC(=O)Nc1ccc(Cl)c(Cl)c1,train
CNC(=O)O/N=C(\C)C(C)S(C)(=O)=O,train
CNC(=O)O/N=C/C(C)(C)S(C)(=O)=O,train
CNC(=O)O/N=C/C(C)(C)S(C)=O,train
CNC(=O)OCC[N+](C)(C)C,train
CNC(=O)OCc1cccc(COC(=O)NC)n1,train
CNC(=O)ON=C(C)SC,train
CNC(=O)ON=C(CSC)C(C)(C)C,train
CNC(=O)ON=C(SC)C(=O)N(C)C,train
CNC(=O)ON=CC(C)(C)SC,train
CNC(=O)Oc1c(C(C)(C)C)cc(C)cc1C(C)(C)C,train
CNC(=O)Oc1cc(C)c(N(C)C)c(C)c1,train
CNC(=O)Oc1cc(C)cc(C(C)C)c1,train
CNC(=O)Oc1ccc(N(C)C)c(C)c1,train
CNC(=O)Oc1cccc(C(C)C)c1,train
CNC(=O)Oc1cccc(N=CN(C)C)c1,train
CNC(=O)Oc1cccc2c1OC(C)(C)C2,train
CNC(=O)Oc1cccc2c1OC(C)(C)O2,train
CNC(=O)Oc1cccc2ccccc12,train
CNC(=O)Oc1ccccc1C(=O)Nc1ccccc1,train
CNC(=O)Oc1ccccc1C(C)C,train
CNC(=O)Oc1ccccc1OC(C)C,train
CNC(=O)[C@H](Cc1c[nH]c2ccccc12)NC(=O)[C@@H](CC(=O)NO)CC(C)C,train
CNC(=O)c1c(I)c(NC(=O)CCCCC(=O)Nc2c(I)c(C(=O)O)c(I)c(C(=O)NC)c2I)c(I)c(C(=O)O)c1I,train
CNC(=O)c1c(I)c(NC(C)=O)c(I)c(C(=O)[O-])c1I,train
CNC(=O)c1ccccc1,train
CNC(=S)N(C)C,train
CNC(=S)NC,train
CNC(=S)NN,train
CNC(=S)[S-],train
CNC(C)(C)Cc1ccccc1.CNC(C)(C)Cc1ccccc1,train
CNC(C)=O,train
CNC(C)C(O)c1ccc(O)cc1,train
CNC(C)CC1CCCCC1,train
CNC(C)CCC=C(C)C,train
CNC(C)Cc1ccc2c(c1)OCO2,train
CNC(C)Cc1ccccc1OC,train
CNC.O=C(O)COc1ccc(Cl)cc1Cl,train
CNC1(C)C2CCC(C2)C1(C)C,train
CNC1(c2ccccc2Cl)CCCCC1=O,train
CNCC(=O)c1ccc(O)c(O)c1,train
CNCC(O)c1ccc(O)cc1,train
CNCC(O)c1ccc(OC(=O)C(C)(C)C)c(OC(=O)C(C)(C)C)c1,train
CNCCC(Oc1ccc(C(F)(F)F)cc1)c1ccccc1,train
CNCCC(Oc1ccccc1OC)c1ccccc1,train
CNCCC=C1c2ccccc2CCc2ccccc21,train
CNCCCCOc1ccccc1Cc1ccccc1,train
CNCCCN1c2ccccc2CCc2ccccc21,train
CNCCO,train
CNCCS(=O)(=O)[O-],train
CNCC[C@@H](Oc1ccccc1C)c1ccccc1,train
CNCCc1ccccn1,train
CNC[C@H](O)[C@@H](O)[C@@H](O)[C@H](O)CO.Cc1c(Nc2ncccc2C(=O)O)cccc1C(F)(F)F,train
CNC[C@H](O)[C@@H](O)[C@H](O)[C@H](O)CO,train
CNC[C@H](O)c1ccc(O)c(O)c1,train
CNC[C@H](O)c1cccc(O)c1,train
CNCc1cc(F)ccc1Oc1ccc(Cl)c(Cl)c1,train
CNCc1ccccc1,train
CNNCc1ccc(C(=O)NC(C)C)cc1,train
CNP(=O)(OC)Oc1ccc(C(C)(C)C)cc1Cl,train
CNS(=O)(=O)Cc1ccc2[nH]cc(CCN(C)C)c2c1,train
CN[C@@H](C)Cc1ccccc1,train
CN[C@@H](C)[C@H](O)c1ccccc1,train
CN[C@@H]1[C@@H](O)[C@@H](O[C@@H]2[C@@H](O)[C@H](OC3OC(CN)=CCC3N)[C@@H](N)C[C@H]2N)OC[C@]1(C)O.CN[C@@H]1[C@@H](O)[C@@H](O[C@@H]2[C@@H](O)[C@H](OC3OC(CN)=CCC3N)[C@@H](N)C[C@H]2N)OC[C@]1(C)O,train
CN[C@@H]1[C@@H](O)[C@@H](O[C@@H]2[C@@H](O)[C@H](O[C@H]3O[C@H](CN)[C@@H](O)[C@H](O)[C@H]3O)[C@@H](N)C[C@H]2NC(=O)C(O)CN)OC[C@]1(C)O,train
CN[C@@H]1[C@H](O[C@H]2[C@H](O[C@H]3[C@H](O)[C@@H](O)[C@H](NC(=N)N)[C@@H](O)[C@@H]3NC(=N)N)O[C@@H](C)[C@]2(O)C=O)O[C@@H](CO)[C@H](O)[C@H]1O.CN[C@@H]1[C@H](O[C@H]2[C@H](O[C@H]3[C@H](O)[C@@H](O)[C@H](NC(=N)N)[C@@H](O)[C@@H]3NC(=N)N)O[C@@H](C)[C@]2(O)C=O)O[C@@H](CO)[C@H](O)[C@H]1O,train
CN[C@@H]1[C@H](O[C@H]2[C@H](O[C@H]3[C@H](O)[C@@H](O)[C@H](NC(=N)N)[C@@H](O)[C@@H]3NC(=N)N)O[C@@H](C)[C@]2(O)CO)O[C@@H](CO)[C@H](O)[C@H]1O.CN[C@@H]1[C@H](O[C@H]2[C@H](O[C@H]3[C@H](O)[C@@H](O)[C@H](NC(=N)N)[C@@H](O)[C@@H]3NC(=N)N)O[C@@H](C)[C@]2(O)CO)O[C@@H](CO)[C@H](O)[C@H]1O,train
CN[C@@]1(c2ccccc2Cl)CCCCC1=O,train
CN[C@H](C)Cc1ccccc1,train
CN[C@H]1CC[C@@H](c2ccc(Cl)c(Cl)c2)c2ccc(S(N)(=O)=O)cc21,train
CN[C@H]1CC[C@@H](c2ccc(Cl)c(Cl)c2)c2ccccc21,train
CN[C@H]1CCc2cc(OC)c(OC)c(OC)c2-c2ccc(OC)c(=O)cc21,train
CN[C@]1(c2ccccc2Cl)CCCCC1=O,train
CNc1c2c(nn1C)CCCC2,train
CNc1ccc(O)cc1.CNc1ccc(O)cc1,train
CNc1ccc([N+](=O)[O-])cc1,train
CNc1ccccc1,train
CNc1cnn(-c2cccc(C(F)(F)F)c2)c(=O)c1Cl,train
CNc1ncnc2[nH]cnc12,train
CO,train
CO/N=C(/C(=O)N[C@@H]1C(=O)N2C(C(=O)OCOC(=O)C(C)(C)C)=C(C)CS[C@H]12)c1csc(N)n1,train
CO/N=C(/C(=O)N[C@@H]1C(=O)N2C(C(=O)[O-])=C(COC(C)=O)CS[C@H]12)c1csc(N)n1,train
CO/N=C(/C(=O)OC)c1ccccc1COc1ccccc1C,train
CO/N=C(\C(=O)N[C@@H]1C(=O)N2C(C(=O)[O-])=C(C[n+]3ccc(N)n3CCO)CS[C@H]12)c1csc(N)n1,train
CO/N=C(\C(=O)N[C@@H]1C(=O)N2C(C(=O)[O-])=CCS[C@H]12)c1csc(N)n1,train
CO/N=C(\C(=O)O)c1csc(NC(=O)CCl)n1,train
CO/N=C1\CN(c2nc3c(cc2F)c(=O)c(C(=O)O)cn3C2CC2)CC1CN,train
COC(=O)/C=C(\C)OP(=O)(OC)OC,train
COC(=O)/C=C/C=C(C)/C=C/C=C(C)/C=C/C=C(C)/C=C/C=C(C)\C=C/C(=O)O,train
COC(=O)/C=C/c1ccccc1,train
COC(=O)/C=C\C(=O)O,train
COC(=O)/C=C\C(=O)OC,train
COC(=O)C(Br)CBr,train
COC(=O)C(C)(C)C,train
COC(=O)C(C)=O,train
COC(=O)C(C)O,train
COC(=O)C(C)Oc1ccc(Oc2ccc(Cl)cc2Cl)cc1,train
COC(=O)C(C)Oc1ccc(Oc2ncc(C(F)(F)F)cc2Cl)cc1,train
COC(=O)C(CN)c1c[nH]c2ccc(OC)cc12,train
COC(=O)C(Cl)C(=O)OC,train
COC(=O)C1(O)c2ccccc2-c2ccccc21,train
COC(=O)C1=C(C#N)NC(C)=C(C(=O)OC(C)C)C1c1cccc([N+](=O)[O-])c1,train
COC(=O)C1=C(C)NC(C)=C(C(=O)OC)C1c1ccccc1OC(F)F,train
COC(=O)C1=C(C)NC(C)=C(C(=O)OC)C1c1ccccc1[N+](=O)[O-],train
COC(=O)C1=C(C)NC(C)=C(C(=O)OCC(C)=O)C1c1ccccc1[N+](=O)[O-],train
COC(=O)C1=C(C)NC(C)=C(C(=O)OCC(C)C)C1c1ccccc1[N+](=O)[O-],train
COC(=O)C1=C(C)NC(COC(N)=O)=C(C(=O)OC(C)C)C1c1cccc(Cl)c1Cl,train
COC(=O)C1CCC(C(=O)OC)CC1,train
COC(=O)C=C(C)CCC=C(C)C,train
COC(=O)C=C(C)N,train
COC(=O)CC#N,train
COC(=O)CC(=O)C(C)(C)C,train
COC(=O)CC(=O)OC,train
COC(=O)CC(C(C)=O)C(=O)OC,train
COC(=O)CC(C)=O,train
COC(=O)CC(C)CCC=C(C)C,train
COC(=O)CCC(=O)O,train
COC(=O)CCC(=O)OC,train
COC(=O)CCCC(=O)O,train
COC(=O)CCCC(=O)OC,train
COC(=O)CCCCC(=O)O,train
COC(=O)CCCCC(=O)OC,train
COC(=O)CCCCC(CCSS/C(CCO)=C(\C)N(C=O)Cc1cnc(C)nc1N)SC(C)=O,train
COC(=O)CCCCCCCC(=O)OC,train
COC(=O)CCCCCCCCC(=O)OC,train
COC(=O)CCC[N+](C)(C)C,train
COC(=O)CCS,train
COC(=O)CCSCCC(=O)OC,train
COC(=O)CCc1ccc(OCC(O)CNC(C)C)cc1,train
COC(=O)COc1ccc(Cl)cc1Cl,train
COC(=O)CS,train
COC(=O)Cc1cccc2ccccc12,train
COC(=O)Cc1ccccc1,train
COC(=O)Cl,train
COC(=O)N/N=C/c1c[n+]([O-])c2ccccc2[n+]1[O-],train
COC(=O)NC(=S)Nc1ccccc1NC(=S)NC(=O)OC,train
COC(=O)NCCC[Si](OC)(OC)OC,train
COC(=O)NN,train
COC(=O)Nc1ccc(Cl)c(Cl)c1,train
COC(=O)Nc1nc2ccccc2[nH]1,train
COC(=O)OC,train
COC(=O)[C@@H](N)CCCN/C(N)=N/[N+](=O)[O-],train
COC(=O)[C@@H](N)Cc1ccc(O)c(O)c1,train
COC(=O)[C@@H]1CC2=CC(=O)CC[C@]2(C)[C@@]23O[C@@H]2C[C@@]2(C)[C@@H](CC[C@@]24CCC(=O)O4)[C@H]13,train
COC(=O)[C@@H]1[C@H]2CC[C@@H](C[C@H]1OC(=O)c1ccccc1)N2C,train
COC(=O)[C@@H]1[C@H]2C[C@H]3c4[nH]c5ccccc5c4CCN3C[C@@H]2CC[C@@H]1O,train
COC(=O)[C@@]1(C)[C@H](C)C[C@H]2[C@@H]3CCC4=CC(=O)C=C[C@]4(C)[C@H]3[C@@H](O)C[C@@]21C,train
COC(=O)[C@H](Cc1ccccc1)NC(=O)[C@@H](N)CC(=O)O,train
COC(=O)[C@H](c1ccccc1Cl)N1CCc2sccc2C1,train
COC(=O)[C@H]1CC[C@H](C(=O)OC)CC1,train
COC(=O)[C@H]1[C@@H](OC(=O)c2ccccc2)C[C@@H]2CC[C@H]1N2C,train
COC(=O)[C@H]1[C@H]2C[C@@H]3c4[nH]c5cc(OC)ccc5c4CCN3C[C@H]2C[C@@H](OC(=O)/C=C/c2ccc(O)c(OC)c2)[C@@H]1OC,train
COC(=O)[C@H]1[C@H]2C[C@@H]3c4[nH]c5cc(OC)ccc5c4CCN3C[C@H]2C[C@@H](OC(=O)C=Cc2cc(OC)c(OC)c(OC)c2)[C@@H]1OC,train
COC(=O)[C@H]1[C@H]2C[C@@H]3c4[nH]c5cc(OC)ccc5c4CCN3C[C@H]2C[C@@H](OC(=O)c2cc(OC)c(OC)c(OC)c2)[C@@H]1OC,train
COC(=O)[C@H]1[C@H]2C[C@@H]3c4[nH]c5cc(OC)ccc5c4CCN3C[C@H]2C[C@H](OC)[C@@H]1OC,train
COC(=O)[C@H]1[C@H]2C[C@@H]3c4[nH]c5ccccc5c4CCN3C[C@H]2C[C@@H](OC(=O)c2cc(OC)c(OC)c(OC)c2)[C@@H]1OC,train
COC(=O)[C@H]1[C@H]2C[C@H]3c4[nH]c5ccccc5c4CCN3C[C@H]2CC[C@@H]1O,train
COC(=O)[C@]1(C)CCC[C@@]2(C)[C@H]1CC=C1C=C(C(C)C)CC[C@@H]12,train
COC(=O)c1c(C)cc(O)c(C)c1O,train
COC(=O)c1c(Cl)c(Cl)c(C(=O)OC)c(Cl)c1Cl,train
COC(=O)c1cc(C(=O)OC)cc(S(=O)(=O)[O-])c1,train
COC(=O)c1cc(Cl)c(NC(C)=O)cc1OC,train
COC(=O)c1cc(Cl)cc(Cl)c1,train
COC(=O)c1cc(Cl)ccc1NS(=O)(=O)C(F)(F)F,train
COC(=O)c1cc(Cl)ccc1OC,train
COC(=O)c1cc(Cl)ccc1[N+](=O)[O-],train
COC(=O)c1cc(Oc2ccc(Cl)cc2Cl)ccc1[N+](=O)[O-],train
COC(=O)c1cc(S(N)(=O)=O)ccc1OC,train
COC(=O)c1ccc(C(=O)O)cc1,train
COC(=O)c1ccc(C(=O)OC)c(C(=O)OC)c1,train
COC(=O)c1ccc(C(=O)OC)cc1,train
COC(=O)c1ccc(C)cc1,train
COC(=O)c1ccc(C=O)cc1,train
COC(=O)c1ccc(CBr)cc1,train
COC(=O)c1ccc(NC(C)=O)cc1OC,train
COC(=O)c1ccc(O)cc1,train
COC(=O)c1ccc(OC)cc1,train
COC(=O)c1ccc2cc(C(=O)OC)ccc2c1,train
COC(=O)c1cccc(C(=O)OC)c1,train
COC(=O)c1cccc(Cl)c1,train
COC(=O)c1ccccc1,train
COC(=O)c1ccccc1C,train
COC(=O)c1ccccc1C(=O)O,train
COC(=O)c1ccccc1C(=O)OC,train
COC(=O)c1ccccc1Cl,train
COC(=O)c1ccccc1N,train
COC(=O)c1ccccc1O,train
COC(=O)c1ccccc1OC,train
COC(=O)c1ccccc1S(=O)(=O)NC(=O)N(C)c1nc(C)nc(OC)n1,train
COC(=O)c1ccccc1S(=O)(=O)NC(=O)Nc1nc(C)nc(OC)n1,train
COC(=O)c1cccnc1,train
COC(=O)c1cncn1C(C)c1ccccc1,train
COC(=O)c1nc(Cl)c(Cl)nc1N,train
COC(=O)c1sccc1S(N)(=O)=O,train
COC(C(=O)O)c1ccccc1,train
COC(C)(C)C,train
COC(C)(C)CC(C)=O,train
COC(C)(C)CCCC(C)C/C=C/C(C)=C/C(=O)OC(C)C,train
COC(C)(C)CCCC(C)CC=O,train
COC(C)(C)CCC[C@H](C)C/C=C/C(C)=C/C(=O)OC(C)C,train
COC(C)(C)CCO,train
COC(C)(C)OC,train
COC(C)(OC)OC,train
COC(C)=O,train
COC(C)CCO,train
COC(C)COC(C)COC(C)CO,train
COC(C)OC,train
COC(C=C(C)CCC=C(C)C)OC,train
COC(CC(C)CCCC(C)(C)O)OC,train
COC(CNC(=O)c1ccccc1OCC(=O)O)[CH2][Hg][OH],train
COC(Cc1ccccc1)OC,train
COC(N)=O,train
COC(OC)(C(=O)c1ccccc1)c1ccccc1,train
COC(OC)C(C)c1ccccc1,train
COC(OC)OC,train
COC(c1ccccc1)(c1ccccc1)[C@H](Oc1nc(C)cc(C)n1)C(=O)O,train
COC1=C(OC)C(=O)C(C/C=C(\C)CC/C=C(\C)CC/C=C(\C)CC/C=C(\C)CC/C=C(\C)CC/C=C(\C)CC/C=C(\C)CC/C=C(\C)CC/C=C(\C)CCC=C(C)C)=C(C)C1=O,train
COC1=C(OC)C(=O)C(CCCCCCCCCCO)=C(C)C1=O,train
COC1=CC=C2[C@H]3Cc4ccc(OC)c5c4[C@@]2(CCN3C)[C@H]1O5,train
COC1CCC=CO1,train
COC1[C@@H](O[C@@H]2O[C@H](C)[C@@H](O[C@H]3C[C@@](C)(O)[C@H](OC(=O)CC(C)C)[C@H](C)O3)[C@H](N(C)C)[C@H]2O)[C@@H](CC=O)C[C@@H](C)[C@@H](O)C=CC=CC[C@@H](C)OC(=O)C[C@H]1OC(C)=O,train
COC=O,train
COCC(=O)N(c1c(C)cccc1C)C(C)C(=O)OC,train
COCC(=O)Nc1c(I)c(C(=O)NCC(O)CO)c(I)c(C(=O)N(C)CC(O)CO)c1I,train
COCC(=O)Nc1cc(Sc2ccccc2)ccc1N=C(NC(=O)OC)NC(=O)OC,train
COCC(=O)O,train
COCC(=O)O[C@]1(CCN(C)CCCc2nc3ccccc3[nH]2)CCc2cc(F)ccc2[C@@H]1C(C)C,train
COCC(C)N,train
COCC(C)N(C(=O)CCl)c1c(C)csc1C,train
COCC(C)O,train
COCC(C)OC(C)=O,train
COCC(O)CO,train
COCCC#N,train
COCCCC/C(=N\OCCN)c1ccc(C(F)(F)F)cc1,train
COCCCCCCCCOCCC[Si](C)(O[Si](C)(C)C)O[Si](C)(C)C,train
COCCCN,train
COCCCOCCCOC,train
COCCCOc1cc(C[C@@H](C[C@H](N)[C@@H](O)C[C@H](C(=O)NCC(C)(C)C(N)=O)C(C)C)C(C)C)ccc1OC,train
COCCCOc1ccnc(CS(=O)c2nc3ccccc3[n-]2)c1C,train
COCCO,train
COCCOC,train
COCCOC(=O)C1=C(C)NC(C)=C(C(=O)OC(C)C)C1c1cccc([N+](=O)[O-])c1,train
COCCOC(=O)CC#N,train
COCCOC(=O)c1ccccc1C(=O)OCCOC,train
COCCOCC(OC)OC,train
COCCOCCO,train
COCCOCCOC,train
COCCOCCOCCO,train
COCCOCCOCCOC,train
COCCOCCOCCOCCO,train
COCCOCCOCCOCCOC,train
COCCOCCOCCOCCOCCO,train
COCCOc1cccc(S(=O)(=O)[N-]c2ncccn2)c1,train
COCCc1ccc(OCC(O)CNC(C)C)cc1.COCCc1ccc(OCC(O)CNC(C)C)cc1,train
COCCc1ccc(OCC(O)CNC(C)C)cc1.COCCc1ccc(OCC(O)CNC(C)C)cc1.O=C(O)CCC(=O)O,train
COCCc1ccc(OCC2CO2)cc1,train
COCCc1ccccn1,train
COCCl,train
COCN(COC)c1nc(N(COC)COC)nc(N(COC)COC)n1,train
COC[C@@H](NC(C)=O)C(=O)NCc1ccccc1,train
COCc1ccc(COC)cc1,train
COCc1cnc(C2=NC(C)(C(C)C)C(=O)N2)c(C(=O)O)c1,train
CON(C)C(=O)Nc1ccc(Br)c(Cl)c1,train
CON(C)C(=O)Nc1ccc(Br)cc1,train
CON(C)C(=O)Nc1ccc(Cl)c(Cl)c1,train
CON(C)C(=O)Nc1ccc(Cl)cc1,train
COP(=O)(NC(C)=O)SC,train
COP(=O)(O)OC,train
COP(=O)(O)OP(=O)(O)OC,train
COP(=O)(OC)C(O)C(Cl)(Cl)Cl,train
COP(=O)(OC)O/C(=C\Cl)c1cc(Cl)c(Cl)cc1Cl,train
COP(=O)(OC)O/C(C)=C/C(=O)N(C)C,train
COP(=O)(OC)OC,train
COP(=O)(OC)OC(=CCl)c1cc(Cl)c(Cl)cc1Cl,train
COP(=O)(OC)OC(Br)C(Cl)(Cl)Br,train
COP(=O)(OC)OC(c1ccc(Cl)cc1)P(=O)(OC)OC,train
COP(=O)(OC)OC=C(Cl)Cl,train
COP(=O)(OC)Oc1ccc([N+](=O)[O-])cc1,train
COP(=O)([O-])OC.Cn1cc[n+](C)c1,train
COP(=S)(Cl)OC,train
COP(=S)(NC(C)C)Oc1ccc(C)cc1[N+](=O)[O-],train
COP(=S)(OC)Oc1c(Cl)cc(C)cc1Cl,train
COP(=S)(OC)Oc1cc(Cl)c(Cl)cc1Cl,train
COP(=S)(OC)Oc1ccc(S(=O)(=O)N(C)C)cc1,train
COP(=S)(OC)Oc1ccc(S(N)(=O)=O)cc1,train
COP(=S)(OC)Oc1ccc(SC)c(C)c1,train
COP(=S)(OC)Oc1ccc(Sc2ccc(OP(=S)(OC)OC)cc2)cc1,train
COP(=S)(OC)Oc1ccc([N+](=O)[O-])c(C)c1,train
COP(=S)(OC)Oc1ccc([N+](=O)[O-])cc1,train
COP(=S)(OC)Oc1ccc([N+](=O)[O-])cc1Cl,train
COP(=S)(OC)Oc1nc(Cl)c(Cl)cc1Cl,train
COP(=S)(OC)SCN1C(=O)c2ccccc2C1=O,train
COP(=S)(OC)SCn1nnc2ccccc2c1=O,train
COP(=S)(Oc1cc(Cl)c(Br)cc1Cl)c1ccccc1,train
COP(C)(=O)OC,train
COP(N)(=O)SC,train
COP(N)(=S)Oc1ccccc1C(=O)OC(C)C,train
COP(OC)OC,train
COS(=O)(=O)C(F)(F)F,train
COS(=O)(=O)OC,train
COS(=O)(=O)[O-],train
COS(C)(=O)=O,train
CO[C@@H]1[C@@H](O[C@@H]2O[C@H](C)[C@@H](O[C@H]3C[C@@](C)(O)[C@@H](OC(=O)CC(C)C)[C@H](C)O3)[C@H](N(C)C)[C@H]2O)[C@@H](CC=O)C[C@@H](C)[C@@H](O)C=CC=CC[C@@H](C)OC(=O)C[C@H]1O,train
CO[C@@H]1[C@H](O)C[C@@H](O[C@@H]2C[C@H](Oc3cc4cc5c(c(O)c4c(O)c3C)C(=O)[C@@H](O[C@H]3C[C@@H](O[C@H]4C[C@@H](O[C@H]6C[C@](C)(O)[C@@H](OC(C)=O)[C@H](C)O6)[C@H](O)[C@@H](C)O4)[C@H](O)[C@@H](C)O3)[C@H]([C@H](OC)C(=O)[C@@H](O)[C@@H](C)O)C5)O[C@H](C)[C@@H]2OC(=O)O)O[C@@H]1C,train
CO[C@@H]1[C@H](OC(=O)/C=C/C=C/C=C/C=C/C(=O)O)CC[C@]2(CO2)[C@H]1[C@@]1(C)O[C@@H]1CC=C(C)C,train
CO[C@@H]1[C@H](OC(=O)NC(=O)CCl)CC[C@]2(CO2)[C@H]1[C@]1(C)O[C@@H]1CC=C(C)C,train
CO[C@@]1(NC(=O)Cc2cccs2)C(=O)N2C(C(=O)O)=C(COC(N)=O)CS[C@@H]21,train
CO[C@@]1(NC(=O)Cc2cccs2)C(=O)N2C(C(=O)[O-])=C(COC(N)=O)CS[C@@H]21,train
CO[C@H](C(=O)[C@@H](O)[C@@H](C)O)C1Cc2cc3cc(O[C@H]4C[C@@H](O[C@H]5C[C@@H](O)[C@H](O)[C@@H](C)O5)[C@@H](O)[C@@H](C)O4)c(C)c(O)c3c(O)c2C(=O)[C@H]1O[C@H]1C[C@@H](O[C@H]2C[C@@H](O[C@H]3C[C@](C)(O)[C@H](O)[C@@H](C)O3)[C@H](O)[C@@H](C)O2)[C@H](O)[C@@H](C)O1,train
CO[C@H]1C=CO[C@@]2(C)Oc3c(C)c(O)c4c(O)c(cc([O-])c4c3C2=O)NC(=O)C(C)=CC=C[C@H](C)[C@H](O)[C@@H](C)[C@@H](O)[C@@H](C)[C@H](OC(C)=O)[C@@H]1C,train
CO[C@H]1C[C@@H]2CC[C@@H](C)[C@@](O)(O2)C(=O)C(=O)N2CCCC[C@H]2C(=O)O[C@H]([C@H](C)C[C@@H]2CC[C@@H](O)[C@H](OC)C2)CC(=O)[C@H](C)C=C(C)[C@@H](O)[C@@H](OC)C(=O)[C@H](C)C[C@H](C)C=CC=CC=C1C,train
CO[C@H]1C[C@@H]2CC[C@@H](C)[C@@](O)(O2)C(=O)C(=O)N2CCCC[C@H]2C(=O)O[C@H]([C@H](C)C[C@@H]2CC[C@@H](OCCO)[C@H](OC)C2)CC(=O)[C@H](C)C=C(C)[C@@H](O)[C@@H](OC)C(=O)[C@H](C)C[C@H](C)C=CC=CC=C1C,train
CO[C@H]1O[C@@H]2O[C@]3(C)CC[C@H]4[C@H](C)CC[C@@H]([C@H]1C)C24OO3,train
CO[C@H]1O[C@H](CO)[C@@H](O)[C@H](O)[C@H]1O,train
CO[C@H]1[C@@H](O)C[C@H](O[C@H]2[C@@H](O)C[C@H](O[C@H]3[C@@H](O)C[C@H](O[C@H]4CC[C@@]5(C)[C@H](CC[C@@H]6[C@@H]5C[C@@H](O)[C@]5(C)[C@@H](C7=CC(=O)OC7)CC[C@]65O)C4)O[C@@H]3C)O[C@@H]2C)O[C@@H]1C,train
CO[C@H]1[C@@H](O)[C@H](N)[C@@H](O[C@H]2O[C@H]([C@H](C)N)CC[C@H]2N)[C@H](O)[C@@H]1N(C)C(=O)CN,train
CO[PH](=O)OC,train
CO[Si](C)(C)OC,train
CO[Si](C)(OC)OC,train
CO[Si](C)(OC)c1ccccc1,train
CO[Si](CCCNCCC[Si](OC)(OC)OC)(OC)OC,train
CO[Si](CCCNCCN)(OC)OC,train
CO[Si](CCCNc1ccccc1)(OC)OC,train
CO[Si](CCCOCC1CO1)(OC)OC,train
CO[Si](CCCS)(OC)OC,train
CO[Si](CCCn1c(=O)n(CCC[Si](OC)(OC)OC)c(=O)n(CCC[Si](OC)(OC)OC)c1=O)(OC)OC,train
CO[Si](OC)(OC)OC,train
CO[Si](OC)(OC)c1ccccc1,train
COc1c(Br)cc(Br)c(C)c1Br,train
COc1c(C(C)(C)C)cc([N+](=O)[O-])c(C)c1[N+](=O)[O-],train
COc1c(Cl)c(Cl)c(Cl)c(Cl)c1Cl,train
COc1c(Cl)ccc(Cl)c1C(=O)O,train
COc1c(N2CCNC(C)C2)c(F)cc2c(=O)c(C(=O)O)cn(C3CC3)c12,train
COc1c(N2C[C@@H]3CCCN[C@@H]3C2)c(F)cc2c(=O)c(C(=O)O)cn(C3CC3)c12,train
COc1c(O)cc2c(c1O)[C@@H]1O[C@H](CO)[C@@H](O)[C@H](O)[C@H]1OC2=O,train
COc1c2c(cc3c1OCO3)CCN(C)C2,train
COc1c2ccoc2cc2oc(=O)ccc12,train
COc1c2occc2cc2ccc(=O)oc12,train
COc1cc(-c2ccc(N)c(OC)c2)ccc1N,train
COc1cc(-c2ccc(N=C=O)c(OC)c2)ccc1N=C=O,train
COc1cc(/C=C/C(N)=O)cc(OC)c1OC,train
COc1cc(/C=C/c2ccccc2)oc(=O)c1,train
COc1cc(C(=O)NCCCCCC(=O)O)cc(OC)c1OC,train
COc1cc(C(=O)NCc2ccc(OCCN(C)C)cc2)cc(OC)c1OC,train
COc1cc(C(=O)NS(=O)(=O)c2ccccc2C)ccc1Cc1cn(C)c2ccc(NC(=O)OC3CCCC3)cc12,train
COc1cc(C(=S)N2CCOCC2)cc(OC)c1OC,train
COc1cc(C(=S)N2CCOCC2)ccc1O,train
COc1cc(C(C)(C)C)c(O)c(C(C)(C)C)c1,train
COc1cc(C(C)=O)ccc1OCCCN1CCC(c2noc3cc(F)ccc23)CC1,train
COc1cc(C)c(Cc2cnc(N)nc2N)cc1OC,train
COc1cc(C)cc(O)c1,train
COc1cc(C)ccc1C(C)C,train
COc1cc(C)ccc1O,train
COc1cc(C=O)ccc1O,train
COc1cc(C=O)ccc1OC(=O)C(C)C,train
COc1cc(CC#N)cc(OC)c1OC,train
COc1cc(CC(C)C)cc(OC)c1OC,train
COc1cc(CC(C)N)c(OC)cc1Br,train
COc1cc(CC(C)N)cc2c1OCO2,train
COc1cc(CCC(C)=O)ccc1O,train
COc1cc(CCN)c(OC)cc1Br,train
COc1cc(CCN)cc(OC)c1OC,train
COc1cc(CNC(=O)CCCC/C=C/C(C)C)ccc1O,train
COc1cc(C[C@@H](C)N)c(OC)cc1Br,train
COc1cc(C[C@@H](C)N)c(OC)cc1C,train
COc1cc(C[C@@H]2NCCc3cc(O)c(O)cc32)cc(OC)c1OC,train
COc1cc(C[C@H](C)N)c(OC)cc1Br,train
COc1cc(C[C@H](C)N)c(OC)cc1C,train
COc1cc(Cc2cnc(N)nc2N)cc(OC)c1OC,train
COc1cc(Cl)c(OC)cc1Cl,train
COc1cc(Cl)c(OC)cc1N,train
COc1cc(Cl)ccc1Cl,train
COc1cc(Cl)ccc1Oc1ccc(Cl)cc1Cl,train
COc1cc(N)ccc1C,train
COc1cc(NC(=O)CC(C)=O)c(OC)cc1Cl,train
COc1cc(NC(C)CCCN)c2ncccc2c1,train
COc1cc(NCCCC(C)N)c2ncccc2c1,train
COc1cc(NCc2ccc3nc(N)nc(N)c3c2C)cc(OC)c1OC,train
COc1cc(NS(=O)(=O)c2ccc(N)cc2)nc(C)n1,train
COc1cc(NS(=O)(=O)c2ccc(N)cc2)nc(OC)n1,train
COc1cc(NS(=O)(=O)c2ccc(N)cc2)ncn1,train
COc1cc(O)c(C(=O)c2ccccc2)cc1S(=O)(=O)O,train
COc1cc(O)cc(O)c1,train
COc1cc(OC)c(OC)cc1C=O,train
COc1cc(OC)c2ccc(=O)oc2c1,train
COc1cc(OC)cc(OC)c1,train
COc1cc(OC)nc(NC(=O)[N-]S(=O)(=O)c2ncccc2OCC(F)(F)F)n1,train
COc1cc(OC)nc(O[C@H](C(=O)O)C(OC)(c2ccccc2)c2ccccc2)n1,train
COc1cc(S(=O)(=O)Nc2ccccc2)c(OC)cc1N,train
COc1cc(S(=O)(=O)[O-])c(C)cc1/N=N/c1c(O)ccc2cc(S(=O)(=O)[O-])ccc12,train
COc1cc(S(N)(=O)=O)cc(C(=O)O)c1OC,train
COc1cc([C@@H]2c3cc4c(cc3C(O[C@@H]3O[C@@H]5CO[C@@H](C)O[C@H]5[C@H](O)[C@H]3O)C3COC(=O)[C@@H]32)OCO4)cc(OC)c1O,train
COc1cc([C@@H]2c3cc4c(cc3C(O[C@@H]3O[C@@H]5CO[C@@H](C)O[C@H]5[C@H](O)[C@H]3O)C3COC(=O)[C@@H]32)OCO4)cc(OC)c1OP(=O)(O)O,train
COc1cc([C@@H]2c3cc4c(cc3[C@@H](O)[C@H]3COC(=O)[C@H]23)OCO4)cc(OC)c1O,train
COc1cc([C@@H]2c3cc4c(cc3[C@H](O)[C@H]3COC(=O)[C@H]23)OCO4)cc(OC)c1OC,train
COc1cc([N+](=O)[O-])ccc1N,train
COc1cc2[nH]c(=O)[nH]c(=O)c2cc1OC,train
COc1cc2c(c(OC)c1OC)-c1ccc(OC)c(=O)cc1[C@@H](NC(C)=O)CC2,train
COc1cc2c(cc1N)oc1ccccc12,train
COc1cc2c(cc1O)CCN[C@]21CS[C@@H]2c3c(OC(C)=O)c(C)c4c(c3[C@H](COC1=O)N1[C@@H]2[C@H]2c3c(cc(C)c(OC)c3O)C[C@@H]([C@@H]1O)N2C)OCO4,train
COc1cc2c(cc1OC)C(C(C(=O)N(CCc1ccc(OC)c(OC)c1OC)CCc1ccc(OC)c(OC)c1OC)c1ccccc1)=NCC2,train
COc1cc2c(cc1OC)CN(C(=O)[C@H](C)N[C@@H](CCc1ccccc1)C(=O)O)[C@H](C(=O)O)C2,train
COc1cc2c(cc1OC)[C@@H](c1ccccc1)CN(C)CC2,train
COc1cc2c(cc1OC)[C@@]13CCN4CC5=CCO[C@H]6CC(=O)N2[C@H]1[C@H]6[C@H]5C[C@H]43,train
COc1cc2nc(Cl)nc(N)c2cc1OC,train
COc1cc2nc(N(C)CCCNC(=O)C3CCCO3)nc(N)c2cc1OC,train
COc1cc2nc(N3CCN(C(=O)C4CCCO4)CC3)nc(N)c2cc1OC,train
COc1ccc(-c2cc(C(F)F)nn2-c2ccc(S(N)(=O)=O)cc2)cc1F,train
COc1ccc(-c2ccccc2)cc1NNC(=O)OC(C)C,train
COc1ccc(-c2coc3cc(O)cc(O)c3c2=O)cc1,train
COc1ccc(-c2coc3cc(O)ccc3c2=O)cc1,train
COc1ccc(-c2noc(CC(=O)O)c2-c2ccc(OC)cc2)cc1,train
COc1ccc(-n2nc(C(F)F)cc2-c2ccc(S(C)=O)cc2)cc1,train
COc1ccc(/C(C)=C/C(=O)O)c(OC)c1,train
COc1ccc(/C=C/C(=O)Nc2ccccc2C(=O)O)cc1OC,train
COc1ccc(/C=C/C(=O)O)cc1,train
COc1ccc(/C=N/NC(=O)c2ccncc2)cc1OC,train
COc1ccc(/C=N\NC(=O)c2ccncc2)c(C(=O)O)c1OC,train
COc1ccc(Br)c(C)c1,train
COc1ccc(C(=O)/C(Br)=C\C(=O)O)cc1,train
COc1ccc(C(=O)/C(Br)=C\C(=O)[O-])cc1,train
COc1ccc(C(=O)CC(=O)c2ccc(C(C)(C)C)cc2)cc1,train
COc1ccc(C(=O)CCC(=O)O)c2ccccc12,train
COc1ccc(C(=O)NCc2ccc(OCCN(C)C)cc2)cc1OC,train
COc1ccc(C(=O)Nc2ccccc2)cc1[N+](=O)[O-],train
COc1ccc(C(=O)c2ccc(C)cc2)c(O)c1,train
COc1ccc(C(=O)c2ccc(OC)cc2O)c(O)c1,train
COc1ccc(C(=O)c2cccc(O)c2)c(OC)c1,train
COc1ccc(C(=O)c2ccccc2)c(O)c1,train
COc1ccc(C(=O)c2ccccc2O)c(O)c1,train
COc1ccc(C(C)=O)cc1,train
COc1ccc(C(CN(C)C)C2(O)CCCCC2)cc1,train
COc1ccc(C(Cl)=C(c2ccc(OC)cc2)c2ccc(OC)cc2)cc1,train
COc1ccc(C(c2ccc(OC)cc2)C(Cl)(Cl)Cl)cc1,train
COc1ccc(C)cc1,train
COc1ccc(C)cc1N,train
COc1ccc(C)cc1[N+](=O)[O-],train
COc1ccc(C2C(=O)c3ccccc3C2=O)cc1,train
COc1ccc(C=CC(=O)OCCC(C)C)cc1,train
COc1ccc(C=CC(=O)c2ccc(OC)cc2OC)cc1,train
COc1ccc(C=O)cc1,train
COc1ccc(C=O)cc1O,train
COc1ccc(C=O)cc1OC,train
COc1ccc(CC2c3cc(OC)c(OC)cc3CC[N+]2(C)CCC(=O)OCCCCCOC(=O)CC[N+]2(C)CCc3cc(OC)c(OC)cc3C2Cc2ccc(OC)c(OC)c2)cc1OC.O=S(=O)([O-])c1ccccc1.O=S(=O)([O-])c1ccccc1,train
COc1ccc(CCC(C)=O)cc1,train
COc1ccc(CCN(C)CCCC(C#N)(c2cc(OC)c(OC)c(OC)c2)C(C)C)cc1OC,train
COc1ccc(CCN(C)CCCC(C#N)(c2ccc(OC)c(OC)c2)C(C)C)cc1OC,train
COc1ccc(CCNC[C@H](O)c2ccc(O)cc2)cc1OC,train
COc1ccc(CCO)cc1,train
COc1ccc(CN(CCN(C)C)c2ccccn2)cc1,train
COc1ccc(CN(CCN(C)C)c2ncccn2)cc1,train
COc1ccc(CN2CCN(C(c3ccc(F)cc3)c3ccc(F)cc3)CC2)c(OC)c1OC,train
COc1ccc(CN2CCNCC2)c(OC)c1OC,train
COc1ccc(CO)cc1,train
COc1ccc(COC(C)=O)cc1,train
COc1ccc(COC=O)cc1,train
COc1ccc(C[C@@H](C)NC[C@H](O)c2ccc(O)c(NC=O)c2)cc1.COc1ccc(C[C@@H](C)NC[C@H](O)c2ccc(O)c(NC=O)c2)cc1,train
COc1ccc(C[C@H](C)NC[C@@H](O)c2ccc(O)c(NC=O)c2)cc1.COc1ccc(C[C@H](C)NC[C@@H](O)c2ccc(O)c(NC=O)c2)cc1,train
COc1ccc(Cc2cnc(N)nc2N)cc1OC,train
COc1ccc(Cc2nccc3cc(OC)c(OC)cc23)cc1OC,train
COc1ccc(Cl)cc1C,train
COc1ccc(Cl)cc1C(=O)NCCc1ccc(S(N)(=O)=O)cc1,train
COc1ccc(N)c(C)c1,train
COc1ccc(N)c(OC)c1,train
COc1ccc(N)c([N+](=O)[O-])c1,train
COc1ccc(N)cc1,train
COc1ccc(N)cc1N,train
COc1ccc(N=[N+]([O-])c2ccc(OC)cc2)cc1,train
COc1ccc(NC(=O)CC(C)=O)cc1,train
COc1ccc(NC(C)=O)cc1,train
COc1ccc(NC(C)=O)cc1N,train
COc1ccc(NS(=O)(=O)c2ccc(N)cc2)nn1,train
COc1ccc(Nc2ccc(OC)cc2)cc1,train
COc1ccc(Nc2ccccc2)c(C)c1,train
COc1ccc(O)c(C(C)(C)C)c1,train
COc1ccc(O)cc1,train
COc1ccc(OC)c(C(O)C(C)N)c1,train
COc1ccc(OC)c(C(O)CNC(=O)CN)c1,train
COc1ccc(OC)c(CC(C)N)c1,train
COc1ccc(OC)c(C[C@H](C)N)c1,train
COc1ccc(OC)c(Cl)c1,train
COc1ccc(OC)c(NC(=O)CC(C)=O)c1,train
COc1ccc(OC)c(OC)c1,train
COc1ccc(OC)cc1,train
COc1ccc(S(=O)(=O)Nc2nnc(CC(C)C)s2)cc1,train
COc1ccc([C@@H]2CC(=O)c3c(O)cc(O[C@@H]4O[C@H](CO[C@@H]5O[C@@H](C)[C@H](O)[C@@H](O)[C@H]5O)[C@@H](O)[C@H](O)[C@H]4O)cc3O2)cc1O,train
COc1ccc([C@@H]2CC(=O)c3c(O)cc(O[C@@H]4O[C@H](CO[C@@H]5O[C@@H](C)[C@H](O)[C@@H](O)[C@H]5O)[C@@H](O)[C@H](O)[C@H]4O)cc3O2)cc1OC,train
COc1ccc([C@@H]2Sc3ccccc3N(CCN(C)C)C(=O)[C@@H]2OC(C)=O)cc1,train
COc1ccc([C@@H]2Sc3ccccc3NC(=O)[C@@H]2O)cc1,train
COc1ccc([N+](=O)[O-])cc1N,train
COc1ccc([N+](=O)[O-])cc1[N+](=O)[O-],train
COc1ccc2[nH]c(S(=O)Cc3ncc(C)c(OC)c3C)nc2c1,train
COc1ccc2[nH]cc(CCN(C(C)C)C(C)C)c2c1,train
COc1ccc2[nH]cc(CCNC(C)=O)c2c1,train
COc1ccc2c(=O)c(C)c(-c3ccccc3)oc2c1CN(C)C,train
COc1ccc2c(C(=S)N(C)CC(=O)O)cccc2c1C(F)(F)F,train
COc1ccc2c(c1)CCCC2=O,train
COc1ccc2c(c1)N(C[C@H](C)CN(C)C)c1ccccc1S2,train
COc1ccc2c(c1)[C@@]13CCCCC1[C@@H](C2)N(C)CC3,train
COc1ccc2c(c1)c(CC(=O)O)c(C)n2C(=O)c1ccc(Cl)cc1,train
COc1ccc2c(c1)c(CC(=O)OC/C=C(\C)CC/C=C(\C)CCC=C(C)C)c(C)n2C(=O)c1ccc(Cl)cc1,train
COc1ccc2c(c1)c(CC(=O)OCC(=O)O)c(C)n2C(=O)c1ccc(Cl)cc1,train
COc1ccc2c(c1OC)C(=O)O[C@@H]2[C@H]1c2c(cc3c(c2OC)OCO3)CCN1C,train
COc1ccc2c(c1OC)C(=O)O[C@@H]2[C@H]1c2cc3c(cc2CCN1C)OCO3,train
COc1ccc2c(c1OC)C(=O)O[C@H]2[C@@H]1c2cc3c(cc2CCN1C)OCO3,train
COc1ccc2c(c1OC)CN1CCc3cc4c(cc3C1C2)OCO4,train
COc1ccc2c3c1O[C@H]1C(=O)CC[C@H]4[C@@H](C2)N(C)CC[C@]314.COc1ccc2c3c1O[C@H]1C(=O)CC[C@H]4[C@@H](C2)N(C)CC[C@]314,train
COc1ccc2c3c1O[C@H]1[C@@H](O)C=C[C@H]4[C@@H](C2)N(C)CC[C@@]341,train
COc1ccc2c3c1O[C@H]1[C@@H](O)C=C[C@H]4[C@@H](C2)NCC[C@@]341,train
COc1ccc2cc(C=O)ccc2c1,train
COc1ccc2cc(CCC(C)=O)ccc2c1,train
COc1ccc2cc([C@H](C)C(=O)O)ccc2c1,train
COc1ccc2cc([C@H](C)C(=O)[O-])ccc2c1,train
COc1ccc2cc([C@H](C)CO)ccc2c1,train
COc1ccc2cccc(CCNC(C)=O)c2c1,train
COc1ccc2ccccc2c1,train
COc1ccc2nc(N)sc2c1,train
COc1cccc(Br)c1,train
COc1cccc(C(=O)NN(C(=O)c2cc(C)cc(C)c2)C(C)(C)C)c1C,train
COc1cccc(C=O)c1,train
COc1cccc(CCc2ccccc2OCC(CN(C)C)OC(=O)CCC(=O)O)c1,train
COc1cccc(N)c1,train
COc1cccc(O)c1O,train
COc1cccc(OC)c1,train
COc1cccc(OC)c1C(=O)O,train
COc1cccc([C@@]2(O)CCCC[C@@H]2CN(C)C)c1,train
COc1cccc([C@H](O)C2CCN(CCc3ccc(F)cc3)CC2)c1OC,train
COc1cccc2c1C(=O)c1c(O)c3c(c(O)c1C2=O)C[C@@](O)(C(=O)CO)C[C@@H]3O[C@H]1C[C@H](N)[C@H](O)[C@H](C)O1,train
COc1cccc2c1C(=O)c1c(O)c3c(c(O)c1C2=O)C[C@@](O)(C(=O)CO)C[C@@H]3O[C@H]1C[C@H](N)[C@H](O[C@@H]2CCCCO2)[C@H](C)O1,train
COc1cccc2c1C(=O)c1c(O)c3c(c(O)c1C2=O)C[C@@](O)(C(C)=O)C[C@@H]3O[C@H]1C[C@H](N)[C@H](O)[C@H](C)O1,train
COc1cccc2sc(N)nc12,train
COc1ccccc1/C=C/C=O,train
COc1ccccc1/N=N/c1c(S(=O)(=O)[O-])cc2cc(S(=O)(=O)[O-])cc(NC(C)=O)c2c1O,train
COc1ccccc1N,train
COc1ccccc1N1CCNCC1,train
COc1ccccc1NC(=O)CC(C)=O,train
COc1ccccc1NC(=O)c1cc2ccccc2cc1O,train
COc1ccccc1O,train
COc1ccccc1OC,train
COc1ccccc1OC(=O)Oc1ccccc1OC,train
COc1ccccc1OCC(O)CO,train
COc1ccccc1OCC(O)COC(N)=O,train
COc1ccccc1OCC1CNC(=O)O1,train
COc1ccccc1[N+](=O)[O-],train
COc1ccnc(CS(=O)c2nc3cc(OC(F)F)ccc3[n-]2)c1OC,train
COc1ccnc(CS(=O)c2nc3cc(OC(F)F)ccc3[nH]2)c1OC,train
COc1cnc(NS(=O)(=O)c2ccc(N)cc2)nc1,train
COc1nc(C)nc(N)n1,train
COc1nc(C)nc(NC(=O)NS(=O)(=O)c2ccccc2Cl)n1,train
COc1nc(C)nc(NC(=O)NS(=O)(=O)c2ccccc2OCCCl)n1,train
COc1nc(N)nc2c1ncn2[C@@H]1O[C@H](CO)[C@@H](O)[C@@H]1O,train
COc1nc(N)nc2nc[nH]c12,train
COc1nc(NC(C)C)nc(NC(C)C)n1,train
COc1ncc(F)c2nc(S(=O)(=O)Nc3c(F)cccc3F)nn12,train
COc1nccnc1NS(=O)(=O)c1ccc(N)cc1,train
COc1ncnc(NS(=O)(=O)c2ccc(N)cc2)c1OC,train
COc1nn(C(=O)[N-]S(=O)(=O)c2ccccc2OC(F)(F)F)c(=O)n1C,train
CP(=O)([O-])OCCC[Si](O)(O)O,train
CS(=O)(=O)Cl,train
CS(=O)(=O)NC(=O)c1cc(Oc2ccc(C(F)(F)F)cc2Cl)ccc1[N+](=O)[O-],train
CS(=O)(=O)Nc1ccc([N+](=O)[O-])cc1Oc1ccccc1,train
CS(=O)(=O)O,train
CS(=O)(=O)OCC(O)C(O)COS(C)(=O)=O,train
CS(=O)(=O)OCCCCOS(C)(=O)=O,train
CS(=O)(=O)c1ccc(-c2cn3ccccc3n2)cc1,train
CS(=O)(=O)c1ccc(C(=O)C2C(=O)CCCC2=O)c(Cl)c1COCC(F)(F)F,train
CS(=O)(=O)c1ccc(C(=O)C2C(=O)CCCC2=O)c([N+](=O)[O-])c1,train
CS(=O)(=O)c1ccc(Cl)cc1,train
CS(=O)(=O)c1ccc([C@@H](O)[C@@H](CF)NC(=O)C(Cl)Cl)cc1,train
CS(=O)(=O)c1ccc([C@@H](O)[C@@H](CO)NC(=O)C(Cl)Cl)cc1,train
CS(=O)(=O)c1ccc([C@@H](O)[C@@H](COC(=O)CN)NC(=O)C(Cl)Cl)cc1,train
CS(C)=O,train
CS/C(C)=N/OC(=O)N(C)SN(C)C(=O)O/N=C(\C)SC,train
CSC(=O)c1c(C(F)F)nc(C(F)(F)F)c(C(=O)SC)c1CC(C)C,train
CSC(C)(C)/C=N\O,train
CSCCC=O,train
CSCCCN=C=S,train
CSCC[C@H](NC(=O)[C@H](Cc1c[nH]c2ccccc12)NC(=O)CCNC(=O)OC(C)(C)C)C(=O)N[C@@H](CC(=O)O)C(=O)N[C@@H](Cc1ccccc1)C(N)=O,train
CSSC,train
CSSc1ccoc1C,train
CSc1c(Cl)c(Cl)c(Cl)c(Cl)c1Cl,train
CSc1ccc(/C=C2/C(C)=C(CC(=O)O)c3cc(F)ccc32)cc1,train
CSc1ccc(C=O)cc1,train
CSc1ccc(Cl)cc1,train
CSc1ccc(Oc2ccc(S(N)(=O)=O)cc2CN(C)C)cc1C,train
CSc1ccc2c(c1)C(N1CCN(C)CC1)Cc1ccccc1S2,train
CSc1ccc2c(c1)N(CCC1CCCCN1C)c1ccccc1S2,train
CSc1cnccn1,train
CSc1nc(N=[N+]=[N-])nc(NC(C)C)n1,train
CSc1nc(NC(C)C)nc(NC(C)C)n1,train
CSc1nc(NC2CC2)nc(NC(C)(C)C)n1,train
CSc1nnc(C(C)(C)C)c(=O)n1N,train
C[As](C)(=O)O,train
C[C@@H](CN1CC(=O)NC(=O)C1)N1CC(=O)NC(=O)C1,train
C[C@@H](CO)NC(=O)[C@@H]1C=C2c3cccc4[nH]cc(c34)C[C@H]2N(C)C1,train
C[C@@H](CSC(=O)c1ccccc1)C(=O)N1C[C@@H](Sc2ccccc2)C[C@H]1C(=O)O,train
C[C@@H](Cc1ccccc1)N(C)C,train
C[C@@H](N)C(=O)O,train
C[C@@H](N)C(=O)c1ccccc1,train
C[C@@H](N)[C@@H](O)c1ccccc1,train
C[C@@H](NCCCc1cccc(C(F)(F)F)c1)c1cccc2ccccc12,train
C[C@@H](O)C(=O)O,train
C[C@@H](O)[C@H](N)C(=O)O,train
C[C@@H](O)[C@H]1C(=O)N2C(C(=O)O)=C(S[C@@H]3CN[C@H](C(=O)N(C)C)C3)[C@H](C)[C@H]12,train
C[C@@H](O)[C@H]1C(=O)N2C(C(=O)O)=C(S[C@@H]3CN[C@H](CNS(N)(=O)=O)C3)[C@H](C)[C@H]12,train
C[C@@H]([C@H](O)c1ccccc1)N(C)C,train
C[C@@H]1C(=O)N=C2Nc3cccc(Cl)c3CN21,train
C[C@@H]1CC(=O)NN=C1c1ccc(NN=C(C#N)C#N)cc1,train
C[C@@H]1CC2=CC(=O)CC[C@@H]2[C@H]2CC[C@@]3(C)[C@@H](CC[C@]3(C)O)[C@@H]21,train
C[C@@H]1CCC[C@H](C)N1,train
C[C@@H]1CN(c2c(F)c(F)c3c(=O)c(C(=O)O)cn(C4CC4)c3c2F)C[C@H](C)N1,train
C[C@@H]1CN(c2c(F)c(N)c3c(=O)c(C(=O)O)cn(C4CC4)c3c2F)C[C@H](C)N1,train
C[C@@H]1C[C@H]2C3C[C@H](F)C4=CC(=O)C=CC4(C)[C@@]3(F)[C@@H](O)CC2(C)[C@@]1(O)C(=O)COC(=O)C(C)(C)C,train
C[C@@H]1C[C@H]2[C@@H]3CCC4=CC(=O)C=C[C@]4(C)[C@@]3(F)[C@@H](O)C[C@]2(C)[C@@]1(O)C(=O)CO,train
C[C@@H]1C[C@H]2[C@@H]3CCC4=CC(=O)C=C[C@]4(C)[C@@]3(F)[C@@H](O)C[C@]2(C)[C@@]1(O)C(=O)COP(=O)([O-])[O-],train
C[C@@H]1C[C@H]2[C@@H]3CCC4=CC(=O)C=C[C@]4(C)[C@@]3(F)[C@@H](O)C[C@]2(C)[C@H]1C(=O)CO,train
C[C@@H]1C[C@H]2[C@@H]3C[C@H](F)C4=CC(=O)C(Cl)=C[C@]4(C)[C@@]3(F)[C@@H](O)C[C@]2(C)[C@@]1(O)C(=O)CO,train
C[C@@H]1C[C@H]2[C@@H]3C[C@H](F)C4=CC(=O)C=C[C@]4(C)[C@@]3(Cl)[C@@H](O)C[C@]2(C)[C@H]1C(=O)COC(=O)C(C)(C)C,train
C[C@@H]1C[C@H]2[C@@H]3C[C@H](F)C4=CC(=O)C=C[C@]4(C)[C@@]3(F)[C@@H](O)C[C@]2(C)[C@@]1(O)C(=O)CO,train
C[C@@H]1O[C@@H](OC[C@H]2O[C@@H](Oc3c(-c4ccc(O)c(O)c4)oc4cc(O)cc(O)c4c3=O)[C@H](O)[C@@H](O)[C@@H]2O)[C@H](O)[C@H](O)[C@H]1O,train
C[C@@H]1O[C@@H](OC[C@H]2O[C@@H](Oc3c(-c4ccc(OCCO)c(OCCO)c4)oc4cc(OCCO)cc(O)c4c3=O)[C@H](O)[C@@H](O)[C@@H]2O)[C@H](O)[C@H](O)[C@H]1O,train
C[C@@H]1O[C@@H]1P(=O)([O-])[O-],train
C[C@@H]1[C@@H]2Cc3ccc(O)cc3[C@@]1(C)CCN2CCc1ccccc1,train
C[C@@H]1[C@H]2Cc3ccc(O)cc3[C@]1(C)CCN2C,train
C[C@@]12CCC[C@H]1[C@@H]1CC[C@H]3C[C@@H](O)CC[C@]3(C)[C@H]1CC2,train
C[C@H](/C=C/[C@H](C)C(C)(C)O)[C@H]1CC[C@H]2/C(=C/C=C3C[C@@H](O)C[C@H](O)C3)CCC[C@]12C,train
C[C@H](CCC(=O)NCC(=O)O)[C@H]1CC[C@H]2[C@@H]3[C@H](O)C[C@@H]4C[C@H](O)CC[C@]4(C)[C@H]3C[C@H](O)[C@]12C,train
C[C@H](CCC(=O)O)[C@H]1CC[C@H]2[C@@H]3CC[C@@H]4C[C@H](O)CC[C@]4(C)[C@H]3CC[C@]12C,train
C[C@H](CCC(=O)O)[C@H]1CC[C@H]2[C@@H]3[C@H](O)C[C@@H]4C[C@H](O)CC[C@]4(C)[C@H]3CC[C@]12C,train
C[C@H](CCC(=O)[O-])[C@H]1CC[C@H]2[C@@H]3CC[C@@H]4C[C@H](O)CC[C@]4(C)[C@H]3C[C@H](O)[C@]12C,train
C[C@H](CCC(=O)[O-])[C@H]1CC[C@H]2[C@@H]3[C@H](O)C[C@@H]4C[C@H](O)CC[C@]4(C)[C@H]3C[C@H](O)[C@]12C,train
C[C@H](CS)C(=O)N1CCC[C@H]1C(=O)O,train
C[C@H](Cc1ccc(O)c(O)c1)[C@@H](C)Cc1ccc(O)c(O)c1,train
C[C@H](N)C(=O)N[C@@H](C)C(=O)N[C@@]1(C)[C@@H]2CN(c3nc4c(cc3F)c(=O)c(C(=O)O)cn4-c3ccc(F)cc3F)C[C@@H]21,train
C[C@H](N)C(=O)c1ccccc1,train
C[C@H](N)[C@H](O)c1ccc(O)c(O)c1,train
C[C@H](N)[C@H](O)c1cccc(O)c1,train
C[C@H](NCCc1ccc(O)cc1)[C@H](O)c1ccc(O)cc1,train
C[C@H](N[C@H](CCc1ccccc1)C(=O)O)C(=O)N1CCC[C@H]1C(=O)O,train
C[C@H](O)C(=O)Nc1c(I)c(C(=O)NC(CO)CO)c(I)c(C(=O)NC(CO)CO)c1I,train
C[C@H]1C(=O)O[C@@H]2CCN3CC=C(COC(=O)[C@](C)(O)[C@]1(C)O)[C@H]23,train
C[C@H]1CCC[C@H](O)CCCCCc2cc(O)cc(O)c2C(=O)O1,train
C[C@H]1CC[C@@H]2[C@@H](C)[C@H]3[C@H](C[C@H]4[C@@H]5CC=C6CC(O[C@@H]7O[C@H](CO)[C@H](O)[C@H](O[C@@H]8O[C@H](CO)[C@@H](O)[C@H](O)[C@H]8O)[C@H]7O[C@H]7O[C@@H](C)[C@H](O)[C@@H](O)[C@H]7O)CC[C@]6(C)[C@H]5CC[C@]34C)N2C1,train
C[C@H]1C[C@@H](O)CC(C)(C)C1,train
C[C@H]1C[C@@H]2[C@H]([C@@H](O)C[C@@]3(C)[C@H]2CC[C@]3(O)C(=O)CO)[C@@]2(C)C=CC(=O)C=C12,train
C[C@H]1C[C@@H]2[C@H]([C@@H](O)C[C@@]3(C)[C@H]2CC[C@]3(O)C(=O)COC(=O)CCC(=O)[O-])[C@@]2(C)C=CC(=O)C=C12,train
C[C@H]1C[C@H](O)c2ccsc2S1(=O)=O,train
C[C@H]1C[C@H]2[C@@H]3CCC4=CC(=O)C=C[C@]4(C)[C@@]3(Cl)[C@@H](O)C[C@]2(C)[C@@]1(O)C(=O)CO,train
C[C@H]1C[C@H]2[C@@H]3CCC4=CC(=O)C=C[C@]4(C)[C@@]3(F)[C@@H](O)C[C@]2(C)[C@@]1(O)C(=O)CO,train
C[C@H]1C[C@H]2[C@@H]3CCC4=CC(=O)C=C[C@]4(C)[C@@]3(F)[C@@H](O)C[C@]2(C)[C@@]1(O)C(=O)COP(=O)([O-])[O-],train
C[C@H]1C[C@H]2[C@@H]3CCC4=CC(=O)C=C[C@]4(C)[C@H]3C(=O)C[C@]2(C)[C@@]1(O)C(=O)CO,train
C[C@H]1O[C@@H](O[C@H]2CC[C@@]3(C)[C@H](CC[C@@H]4[C@@H]3C[C@@H](O)[C@]3(C)[C@@H](C5=CC(=O)OC5)CC[C@]43O)C2)C[C@H](O)[C@@H]1O[C@H]1C[C@H](O)[C@H](O[C@H]2C[C@H](O)[C@H](O[C@@H]3O[C@H](CO)[C@@H](O)[C@H](O)[C@H]3O)[C@@H](C)O2)[C@@H](C)O1,train
C[C@H]1O[C@@H](O[C@H]2[C@@H](O)C[C@H](O[C@H]3[C@@H](O)C[C@H](O[C@H]4CC[C@@]5(C)[C@H](CC[C@@H]6[C@@H]5CC[C@]5(C)[C@@H](C7=CC(=O)OC7)CC[C@]65O)C4)O[C@@H]3C)O[C@@H]2C)C[C@H](O)[C@@H]1O,train
C[C@H]1O[C@@H](O[C@H]2[C@@H](O)C[C@H](O[C@H]3[C@@H](O)C[C@H](O[C@H]4CC[C@@]5(C)[C@H](CC[C@@H]6[C@@H]5C[C@@H](O)[C@]5(C)[C@@H](C7=CC(=O)OC7)CC[C@]65O)C4)O[C@@H]3C)O[C@@H]2C)C[C@H](O)[C@@H]1O,train
C[C@H]1O[C@@H](n2cc(F)c(=O)[nH]c2=O)[C@H](O)[C@@H]1O,train
C[C@H]1O[C@H](O[C@H]2[C@H](O)[C@@H](O)[C@@H](O)[C@H](O)[C@@H]2O)[C@@H](N)C[C@@H]1NC(=N)C(=O)O,train
C[C@H]1[C@H](NC(=O)C(=NOC(C)(C)C(=O)O)c2csc(N)n2)C(=O)N1S(=O)(=O)O,train
C[C@H]1[C@H](OC(=O)CCC(=O)O)O[C@@H]2O[C@]3(C)CC[C@H]4[C@H](C)CC[C@@H]1C24OO3,train
C[C@H]1[C@H]2Cc3ccc(O)cc3[C@]1(C)CCN2CCc1ccccc1,train
C[C@H]1c2cccc(O)c2C(=O)C2=C(O)[C@]3(O)C(=O)C(C(N)=O)=C(O)[C@@H](N(C)C)[C@@H]3[C@@H](O)[C@@H]21,train
C[C@](N)(Cc1ccc(O)c(O)c1)C(=O)O,train
C[C@](N)(Cc1ccc(O)c(O)c1)C(=O)O.C[C@](N)(Cc1ccc(O)c(O)c1)C(=O)O,train
C[C@](N)(Cc1ccc(O)cc1)C(=O)O,train
C[C@](O)(CS(=O)(=O)c1ccc(F)cc1)C(=O)Nc1ccc(C#N)c(C(F)(F)F)c1,train
C[C@]1(O)CC[C@H]2[C@@H]3CCC4=CC(=O)CC[C@]4(C)[C@@]3(F)[C@@H](O)C[C@@]21C,train
C[C@]12C(=O)OC(=O)[C@H]1[C@H]1C=C[C@@H]2C1,train
C[C@]12C=CC(=O)C=C1CC[C@@H]1[C@@H]2C(=O)C[C@@]2(C)[C@H]1CC[C@]2(O)C(=O)CO,train
C[C@]12C=CC(=O)C=C1CC[C@@H]1[C@@H]2CC[C@@]2(C)[C@H]1CC[C@]2(C)O,train
C[C@]12C=CC(=O)C=C1CC[C@@H]1[C@@H]2[C@@H](O)C[C@@]2(C)[C@H]1CC[C@]2(O)C(=O)CO,train
C[C@]12C=CC(=O)C=C1CC[C@@H]1[C@@H]2[C@@H](O)C[C@@]2(C)[C@H]1CC[C@]2(O)C(=O)COC(=O)CCC(=O)O,train
C[C@]12C=CC(=O)C=C1CC[C@H]1[C@@H]3C[C@@H](O)[C@](O)(C(=O)CO)[C@@]3(C)C[C@H](O)[C@@]12F,train
C[C@]12C=CC(=O)C=C1[C@@H](F)C[C@@H]1[C@@H]2[C@@H](O)C[C@@]2(C)[C@H]1CC[C@]2(O)C(=O)CO,train
C[C@]12C=CC3=C4CCC(=O)C=C4CC[C@H]3[C@@H]1CC[C@@H]2O,train
C[C@]12CCC(=O)C(O)=C1CC[C@@H]1[C@@H]2CC[C@]2(C)C(=O)CC[C@@H]12,train
C[C@]12CCC(=O)C=C1C=C[C@@H]1[C@@H]2CC[C@@]2(C)[C@H]1CC[C@@]2(O)CCC(=O)[O-],train
C[C@]12CCC(=O)C=C1CC[C@@H]1[C@@H]2C(=O)C[C@@]2(C)[C@H]1CC[C@]2(O)C(=O)CO,train
C[C@]12CCC(=O)C=C1CC[C@@H]1[C@@H]2CC[C@@]2(C)[C@H]1CC[C@]2(C)O,train
C[C@]12CCC(=O)C=C1CC[C@@H]1[C@@H]2CC[C@@]2(C)[C@H]1CC[C@]2(O)C(=O)CO,train
C[C@]12CCC(=O)C=C1CC[C@@H]1[C@@H]2CC[C@]2(C)C(=O)CC[C@@H]12,train
C[C@]12CCC(=O)C=C1CC[C@@H]1[C@@H]2[C@@H](O)C[C@@]2(C)[C@H]1CC[C@]2(O)C(=O)CO,train
C[C@]12CCC(=O)C=C1CC[C@@H]1[C@@H]2[C@@H](O)C[C@@]2(C)[C@H]1CC[C@]2(O)C(=O)COC(=O)CCC(=O)[O-],train
C[C@]12CCC(=O)C=C1CC[C@@H]1[C@@H]2[C@@H](O)C[C@@]2(C)[C@H]1CC[C@]2(O)C(=O)COP(=O)([O-])[O-],train
C[C@]12CCC(=O)C=C1CC[C@H]1[C@@H]3CC[C@](O)(C(=O)CO)[C@@]3(C)C[C@H](O)[C@@]12F,train
C[C@]12CCC(=O)C[C@@H]1CC[C@@H]1[C@@H]2CC[C@@]2(C)[C@H]1CC[C@]2(C)O,train
C[C@]12CCC(=O)C[C@@H]1CC[C@@H]1[C@@H]2CC[C@]2(C)[C@@H](O)CC[C@@H]12,train
C[C@]12CC[C@@H]3c4ccc(O)cc4CC[C@H]3[C@@H]1CC[C@@H]2O,train
C[C@]12CC[C@@H]3c4ccc(O)cc4CC[C@H]3[C@@H]1CC[C@@H]2OP(=O)(O)O,train
C[C@]12CC[C@@H]3c4ccc(O)cc4CC[C@H]3[C@@H]1CC[C@H]2O,train
C[C@]12CC[C@@H]3c4ccc(O)cc4CC[C@H]3[C@@H]1C[C@@H](O)[C@@H]2O,train
C[C@]12CC[C@@H]3c4ccc(O)cc4C[C@@H](CCCCCCCCCS(=O)CCCC(F)(F)C(F)(F)F)[C@H]3[C@@H]1CC[C@@H]2O,train
C[C@]12CC[C@@H]3c4ccc(OC(=O)N(CCCl)CCCl)cc4CC[C@H]3[C@@H]1CC[C@@H]2O,train
C[C@]12CC[C@@H]3c4ccc(OC(=O)N(CCCl)CCCl)cc4CC[C@H]3[C@@H]1CC[C@@H]2OP(=O)(O)O,train
C[C@]12CC[C@@H]3c4ccc(OC(=O)N(CCCl)CCCl)cc4CC[C@H]3[C@@H]1CC[C@@H]2OP(=O)([O-])[O-],train
C[C@]12CC[C@@H]3c4ccc(OC(=O)c5ccccc5)cc4CC[C@H]3[C@@H]1CC[C@@H]2O,train
C[C@]12CC[C@H](O)CC1=CC[C@@H]1[C@@H]2CC[C@]2(C)C(=O)CC[C@@H]12,train
C[C@]12CC[C@H](OS(=O)(=O)[O-])CC1=CC[C@@H]1[C@@H]2CC[C@]2(C)C(=O)CC[C@@H]12,train
C[C@]12CC[C@H]3[C@@H](CC=C4C[C@@H](O)CC[C@@]43C)[C@@H]1CC[C@@H]2O,train
C[C@]12CC[C@H]3[C@@H](CCC4=C(Cl)C(=O)CC[C@@]43C)[C@@H]1CC[C@@H]2O,train
C[C@]12CC[C@H]3[C@@H](CCC4=CC(=O)CC[C@@H]43)[C@@H]1CC[C@@H]2O,train
C[C@]12CC[C@H]3[C@@H](CCC4=CC(=O)CC[C@@H]43)[C@@H]1CC[C@@H]2OC(=O)CCc1ccccc1,train
C[C@]12CC[C@H]3[C@@H](CCC4=CC(=O)CC[C@@]43C)[C@@H]1CC[C@@H]2C(=O)CO,train
C[C@]12CC[C@H]3[C@@H](CCC4=CC(=O)CC[C@@]43C)[C@@H]1CC[C@@H]2C(=O)O,train
C[C@]12CC[C@H]3[C@@H](CCC4=CC(=O)CC[C@@]43C)[C@@H]1CC[C@@H]2O,train
C[C@]12CC[C@H]3[C@@H](CCC4=CC(=O)CC[C@@]43C)[C@@H]1CC[C@@H]2OC(=O)CCc1ccccc1,train
C[C@]12CC[C@H]3[C@@H](CCC4=CC(=O)CC[C@@]43C)[C@@H]1CC[C@H]2O,train
C[C@]12C[C@H](O)[C@H]3[C@@H](CCC4=CC(=O)CC[C@@]43C)[C@@H]1CC[C@@H]2C(=O)CO,train
C[CH2][Ge]([Cl])([CH2]C)[CH2]C,train
C[CH2][Hg][S]c1ccccc1C(=O)[O-],train
C[CH2][Sn]([Br])([CH2]C)[CH2]C,train
C[N+](=O)[O-],train
C[N+](C)(C)C,train
C[N+](C)(C)CC(=O)O,train
C[N+](C)(C)CC(=O)[O-],train
C[N+](C)(C)CC(O)CC(=O)[O-],train
C[N+](C)(C)CC(O)CCl,train
C[N+](C)(C)CC1CO1,train
C[N+](C)(C)CCCCCCCCCC[N+](C)(C)C,train
C[N+](C)(C)CCCCCC[N+](C)(C)C,train
C[N+](C)(C)CCCl,train
C[N+](C)(C)CCO,train
C[N+](C)(C)CCOC(=O)C(O)(c1ccccc1)c1ccccc1,train
C[N+](C)(C)CCOC(=O)CCC(=O)OCC[N+](C)(C)C,train
C[N+](C)(C)CCOC(N)=O,train
C[N+](C)(C)Cc1ccccc1,train
C[N+](C)=CCl,train
C[N+]([O-])(CCCl)CCCl,train
C[N+]1(C)CCCC(OC(=O)C(O)(c2ccccc2)c2ccccc2)C1,train
C[N+]1(C)CCCCC1,train
C[N+]1(C)[C@@H]2CC[C@H]1C[C@@H](OC(=O)C(CO)c1ccccc1)C2,train
C[N+]1(C)[C@@H]2C[C@@H](OC(=O)[C@H](CO)c3ccccc3)C[C@H]1[C@@H]1O[C@@H]12,train
C[N+]1([O-])[C@@H]2CC[C@H]1C[C@@H](OC(=O)C(CO)c1ccccc1)C2,train
C[N+]1([O-])[C@@H]2C[C@@H](OC(=O)[C@H](CO)c3ccccc3)C[C@H]1[C@@H]1O[C@@H]12,train
C[NH+](C)CCC(c1ccc(Cl)cc1)c1ccccn1,train
C[S+](C)CCC(N)C(=O)O,train
C[Se]CC[C@H](N)C(=O)O,train
C[SiH](C)O[Si](C)(C)O[Si](C)(C)O[SiH](C)C,train
C[SiH](O[Si](C)(C)C)O[Si](C)(C)C,train
C[Si](C)(C)C,train
C[Si](C)(C)Cl,train
C[Si](C)(C)N[Si](C)(C)C,train
C[Si](C)(C)O[Si](C)(C)C,train
C[Si](C)(C)O[Si](C)(C)O[Si](C)(C)C,train
C[Si](C)(C)O[Si](O)(O)O,train
C[Si](C)(CCCN)O[Si](C)(C)CCCN,train
C[Si](C)=O,train
C[Si](Cl)(c1ccccc1)c1ccccc1,train
C[Si]1(C)O[Si](C)(C)O[Si](C)(C)O[Si](C)(C)O1,train
C[n+]1ccccc1/C=N/O,train
C[n+]1ccn(CCO)c1,train
C[n+]1ccn(CCO)c1.F[B-](F)(F)F,train
Cc1[nH]c(=O)c(C#N)cc1-c1ccncc1,train
Cc1[nH]c(=O)n(C(C)(C)C)c(=O)c1Cl,train
Cc1c(C(=O)NCCO)[n+]([O-])c2ccccc2[n+]1[O-],train
Cc1c(C(=O)NN2CCCCC2)nn(-c2ccc(Cl)cc2Cl)c1-c1ccc(Cl)cc1,train
Cc1c(C(=O)O)cccc1[N+](=O)[O-],train
Cc1c(C(C)C)c(=O)n(-c2ccccc2)n1C,train
Cc1c(C(N)=O)cc([N+](=O)[O-])cc1[N+](=O)[O-],train
Cc1c(C)c([N+](=O)[O-])c(C(C)(C)C)c([N+](=O)[O-])c1C,train
Cc1c(C)c2c(c(C)c1O)CC[C@@](C)(CCC[C@H](C)CCC[C@H](C)CCCC(C)C)O2,train
Cc1c(C)c2c(c(C)c1OC(=O)CCC(=O)O)CC[C@@](C)(CCC[C@H](C)CCC[C@H](C)CCCC(C)C)O2,train
Cc1c(C)c2c(c(C)c1OC(=O)CCC(=O)OCCO)CC[C@@](C)(CCC[C@H](C)CCC[C@H](C)CCCC(C)C)O2,train
Cc1c(C)n(CCN(C)C)c2ccc(C(=O)OCCN(C)C)cc12,train
Cc1c(C)n(Cc2ccccc2)c2ccc(C(=O)OCCN(C)C)cc12,train
Cc1c(C2(c3cc(Br)c(O)c(Br)c3C)OS(=O)(=O)c3ccccc32)cc(Br)c(O)c1Br,train
Cc1c(Cl)c(=O)oc2cc(OP(=O)(OCCCl)OCCCl)ccc12,train
Cc1c(Cl)cccc1Cl,train
Cc1c(Cl)cccc1Nc1ccccc1C(=O)O,train
Cc1c(Cl)cccc1Nc1ncccc1C(=O)O,train
Cc1c(Cl)cccc1[N+](=O)[O-],train
Cc1c(F)c(F)c(COC(=O)C2C(/C=C(\Cl)C(F)(F)F)C2(C)C)c(F)c1F,train
Cc1c(F)c(N2CCNC(C)C2)cc2c1c(=O)c(C(=O)O)cn2C1CC1,train
Cc1c(F)cc2c(=O)c(C(=O)O)cn3c2c1CCC3C,train
Cc1c(I)c(=O)n(-c2ccccc2)n1C,train
Cc1c(N(C)C)c(=O)n(-c2ccccc2)n1C,train
Cc1c(N(C)CS(=O)(=O)[O-])c(=O)n(-c2ccccc2)n1C,train
Cc1c(N)c(=O)n(-c2ccccc2)n1C,train
Cc1c(N)cccc1C(F)(F)F,train
Cc1c(N)cccc1Cl,train
Cc1c(N)cccc1N,train
Cc1c(N)cccc1[N+](=O)[O-],train
Cc1c(N)nc([C@H](CC(N)=O)NC[C@H](N)C(N)=O)nc1C(=O)N[C@H](C(=O)N[C@H](C)[C@@H](O)[C@H](C)C(=O)N[C@H](C(=O)NCCc1nc(-c2nc(C(=O)NCCCCNC(=N)N)cs2)cs1)[C@@H](C)O)[C@@H](O[C@@H]1O[C@@H](CO)[C@@H](O)[C@H](O)[C@@H]1O[C@H]1O[C@H](CO)[C@@H](O)[C@H](OC(N)=O)[C@@H]1O)c1cnc[nH]1,train
Cc1c(N=C=O)cccc1N=C=O,train
Cc1c(NC(C)C)c(=O)n(-c2ccccc2)n1C,train
Cc1c(O)cccc1O,train
Cc1c(OCC(F)(F)F)ccnc1CS(=O)c1nc2ccccc2[nH]1,train
Cc1c([N+](=O)[O-])c(C)c([N+](=O)[O-])c(C(C)(C)C)c1[N+](=O)[O-],train
Cc1c([N+](=O)[O-])cc2c(c1[N+](=O)[O-])C(C)(C)CC2(C)C,train
Cc1c([N+](=O)[O-])cccc1[N+](=O)[O-],train
Cc1c2ccccc2c(C)c2c1ccc1ccccc12,train
Cc1c[nH]c(=S)[nH]c1=O,train
Cc1c[nH]c2ccccc12,train
Cc1c[nH]cn1,train
Cc1cc(-c2cc(C)c(N)c(C)c2)cc(C)c1N,train
Cc1cc(-c2ccc(/N=N/c3ccc4c(S(=O)(=O)[O-])cc(S(=O)(=O)[O-])c(N)c4c3O)c(C)c2)ccc1/N=N/c1ccc2c(S(=O)(=O)[O-])cc(S(=O)(=O)[O-])c(N)c2c1O,train
Cc1cc(-c2ccc(N)c(C)c2)ccc1N,train
Cc1cc(-c2ccc(N=Nc3c(S(=O)(=O)[O-])cc4cc(S(=O)(=O)[O-])cc(N)c4c3O)c(C)c2)ccc1N=Nc1c(S(=O)(=O)[O-])cc2cc(S(=O)(=O)[O-])cc(N)c2c1O,train
Cc1cc(-n2nc3ccc(Cl)cc3n2)c(O)c(C(C)(C)C)c1,train
Cc1cc(=O)[nH]c(=S)[nH]1,train
Cc1cc(=O)[nH]o1,train
Cc1cc(=O)n(-c2ccccc2)n1C,train
Cc1cc(=O)nc(C(C)C)[nH]1,train
Cc1cc(=O)oc2cc(N(C)C)ccc12,train
Cc1cc(=O)oc2cc(O)cc(O)c12,train
Cc1cc(=O)oc2cc(O)ccc12,train
Cc1cc(Br)ccc1NC(=O)CCl,train
Cc1cc(C(=C2C=CC(=N)C=C2)c2ccc(N)cc2)ccc1N,train
Cc1cc(C(=O)O)ccc1[N+](=O)[O-],train
Cc1cc(C(C)(C)C)c(O)c(C(C)(C)C)c1,train
Cc1cc(C(C)(C)C)c(O)c(C)c1CC1=NCCN1,train
Cc1cc(C(C)(C)C)cc(C)c1CC1=NCCN1,train
Cc1cc(C(C)(C)c2cc(C)c(O)c(C)c2)cc(C)c1O,train
Cc1cc(C(C)(C)c2ccc(O)c(C)c2)ccc1O,train
Cc1cc(C(F)(C(F)(F)F)C(F)(F)F)ccc1NC(=O)c1cccc(I)c1C(=O)NC(C)(C)CS(C)(=O)=O,train
Cc1cc(C)c(/N=N/c2c(O)c(S(=O)(=O)[O-])cc3cc(S(=O)(=O)[O-])ccc23)cc1C,train
Cc1cc(C)c(C(=O)O)c(C)c1,train
Cc1cc(C)c(C)c(C)c1,train
Cc1cc(C)c(C)c(O)c1,train
Cc1cc(C)c(C)cc1C,train
Cc1cc(C)c(N)c(Cl)c1,train
Cc1cc(C)c(N)cc1C,train
Cc1cc(C)c(NC(=O)CN(CC(=O)O)CC(=O)O)c(C)c1Br,train
Cc1cc(C)c(O)c(C)c1,train
Cc1cc(C)c(S(=O)(=O)[O-])cc1N=Nc1cc(S(=O)(=O)[O-])c2ccccc2c1O,train
Cc1cc(C)cc(C(=O)OC2C[C@H]3CC[C@@H](C2)N3C)c1,train
Cc1cc(C)cc(C)c1,train
Cc1cc(C)cc(N)c1,train
Cc1cc(C)cc(O)c1,train
Cc1cc(C)cc(OCC2CNC(=O)O2)c1,train
Cc1cc(C)cc(OP(=O)(Oc2cc(C)cc(C)c2)Oc2cc(C)cc(C)c2)c1,train
Cc1cc(C)cc([N+](=O)[O-])c1,train
Cc1cc(C)n(CO)n1,train
Cc1cc(C)nc(NS(=O)(=O)c2ccc(N)cc2)n1,train
Cc1cc(C)nc(Nc2ccccc2)n1,train
Cc1cc(C2(c3cc(C)c(O)cc3C)OS(=O)(=O)c3ccccc32)c(C)cc1O,train
Cc1cc(C2CC2)nc(Nc2ccccc2)n1,train
Cc1cc(CC(=O)O)c(C)n1-c1ccc(Cl)cc1,train
Cc1cc(CC(=O)[O-])n(C)c1C(=O)c1ccc(Cl)cc1,train
Cc1cc(CCCOc2c(C)cc(-c3noc(C(F)(F)F)n3)cc2C)on1,train
Cc1cc(Cc2cc(C)cc(C(C)(C)C)c2O)c(O)c(C(C)(C)C)c1,train
Cc1cc(Cc2ccc(N)c(C)c2)ccc1N,train
Cc1cc(Cl)c(C)cc1Cl,train
Cc1cc(Cl)ccc1/N=C/N(C)C,train
Cc1cc(Cl)ccc1N,train
Cc1cc(Cl)ccc1N=CN(C)C,train
Cc1cc(Cl)ccc1O,train
Cc1cc(Cl)ccc1OC(C)C(=O)O,train
Cc1cc(Cl)ccc1OCC(=O)O,train
Cc1cc(Cl)ccc1OCC(=O)[O-],train
Cc1cc(Cl)ccc1OCCCC(=O)O,train
Cc1cc(N)c(S(=O)(=O)O)cc1Cl,train
Cc1cc(N)n(-c2ccccc2)n1,train
Cc1cc(N=Nc2ccccc2C)ccc1N,train
Cc1cc(NS(=O)(=O)c2ccc(N)cc2)nc(C)n1,train
Cc1cc(NS(=O)(=O)c2ccc(N)cc2)no1,train
Cc1cc(Nc2ccccc2C(=O)O)ccc1Cl,train
Cc1cc(O)c(C(C)(C)C)cc1C(C)(C)C,train
Cc1cc(O)c(C(C)(C)C)cc1Sc1cc(C(C)(C)C)c(O)cc1C,train
Cc1cc(O)c(C(C)C)cc1Cl,train
Cc1cc(O)c(C)c(C)c1O,train
Cc1cc(O)c(Cl)c(C)c1Cl,train
Cc1cc(O)c(Cl)cc1C,train
Cc1cc(O)c2c(O)c3c(O)cccc3cc2c1,train
Cc1cc(O)c2c(c1)C(=O)c1cc(O)cc(O)c1C2=O,train
Cc1cc(O)c2ccccc2c1O,train
Cc1cc(O)cc(C)c1Cl,train
Cc1cc(O)cc2c1O[C@](C)(CCC[C@H](C)CCC[C@H](C)CCCC(C)C)CC2,train
Cc1cc(O)ccc1Cl,train
Cc1cc(O)ccc1N,train
Cc1cc(O)ccc1O,train
Cc1cc(OC(=O)N(C)C)nn1C(=O)N(C)C,train
Cc1cc(OCCOCC[N+](C)(C)Cc2ccccc2)ccc1C(C)(C)CC(C)(C)C,train
Cc1cc(OI)c(C(C)C)cc1-c1cc(C(C)C)c(OI)cc1C,train
Cc1cc(S(=O)(=O)O)c(N)cc1Cl,train
Cc1cc(S(=O)(=O)[O-])ccc1/N=N/c1c(O)ccc2ccccc12,train
Cc1cc([N+](=O)[O-])c(O)c([N+](=O)[O-])c1,train
Cc1cc([N+](=O)[O-])cc([N+](=O)[O-])c1O,train
Cc1cc([N+](=O)[O-])ccc1N,train
Cc1cc2cc3c(C)cc(=O)oc3c(C)c2o1,train
Cc1cc2nc(N)sc2cc1C,train
Cc1cc2nc3c(=O)[nH]c(=O)nc-3n(C[C@H](O)[C@H](O)[C@H](O)CO)c2cc1C,train
Cc1cc2nc3ccc(N(C)C)cc3[s+]c2cc1N,train
Cc1ccc(-c2cc(C(F)(F)F)nn2-c2ccc(S(N)(=O)=O)cc2)cc1,train
Cc1ccc(-c2ccccc2)cc1,train
Cc1ccc(-c2ccccc2C#N)cc1,train
Cc1ccc(-c2nc3ccc(C)cn3c2CC(=O)N(C)C)cc1,train
Cc1ccc(/C(=C\CN2CCCC2)c2cccc(/C=C/C(=O)O)n2)cc1,train
Cc1ccc(/C(=C\CN2CCCC2)c2ccccn2)cc1,train
Cc1ccc(/N=N/c2c(O)c(C(=O)[O-])cc3ccccc23)c(S(=O)(=O)[O-])c1,train
Cc1ccc(=O)n(-c2ccccc2)c1,train
Cc1ccc(Br)cc1,train
Cc1ccc(C#N)cc1,train
Cc1ccc(C(=O)C(=O)[O-])cc1C,train
Cc1ccc(C(=O)C(C)CN2CCCCC2)cc1,train
Cc1ccc(C(=O)O)cc1,train
Cc1ccc(C(=O)O)cc1[N+](=O)[O-],train
Cc1ccc(C(=O)O)o1,train
Cc1ccc(C(=O)c2cc(O)c(O)c([N+](=O)[O-])c2)cc1,train
Cc1ccc(C(=O)c2ccc(CC(=O)[O-])n2C)cc1,train
Cc1ccc(C(=O)c2ccccc2)cc1,train
Cc1ccc(C(C)(C)C)c(O)c1,train
Cc1ccc(C(C)(C)C)cc1,train
Cc1ccc(C(C)(C)O)cc1,train
Cc1ccc(C(C)(C)c2ccc(C)cc2)cc1,train
Cc1ccc(C(C)C)c(O)c1,train
Cc1ccc(C(C)C)cc1,train
Cc1ccc(C(C)C)cc1O,train
Cc1ccc(C(C)C)cc2c(C)ccc1-2,train
Cc1ccc(C(C)NC(=O)[C@@H](NC(=O)OC(C)C)C(C)C)cc1,train
Cc1ccc(C(C)c2ccc(C)c(C)c2)cc1C,train
Cc1ccc(C(N)=O)cc1N,train
Cc1ccc(C)c(C)c1,train
Cc1ccc(C)c(N)c1,train
Cc1ccc(C)c(O)c1,train
Cc1ccc(C)c(O)c1C,train
Cc1ccc(C)c(OCCCC(C)(C)C(=O)O)c1,train
Cc1ccc(C)c(S(=O)(=O)O)c1,train
Cc1ccc(C)c(S(=O)(=O)[O-])c1,train
Cc1ccc(C)c([N+](=O)[O-])c1,train
Cc1ccc(C)c2ccccc12,train
Cc1ccc(C)cc1,train
Cc1ccc(C)o1,train
Cc1ccc(C2(O)CCN(CCCC(=O)c3ccc(F)cc3)CC2)cc1,train
Cc1ccc(C=O)cc1C,train
Cc1ccc(C=O)s1,train
Cc1ccc(CO)cc1,train
Cc1ccc(Cl)c(N)c1Cl,train
Cc1ccc(Cl)c(Nc2ccccc2C(=O)[O-])c1Cl,train
Cc1ccc(Cl)c(O)c1,train
Cc1ccc(Cl)c(OCC(O)CNC(C)(C)C)c1,train
Cc1ccc(Cl)cc1,train
Cc1ccc(Cl)cc1Cl,train
Cc1ccc(Cl)cc1N,train
Cc1ccc(N(C)C)cc1,train
Cc1ccc(N(CCO)CCO)cc1,train
Cc1ccc(N(SC(F)(Cl)Cl)S(=O)(=O)N(C)C)cc1,train
Cc1ccc(N)c(C)c1,train
Cc1ccc(N)c(N)c1,train
Cc1ccc(N)c(S(=O)(=O)O)c1,train
Cc1ccc(N)c([N+](=O)[O-])c1,train
Cc1ccc(N)cc1,train
Cc1ccc(N)cc1C,train
Cc1ccc(N)cc1Cl,train
Cc1ccc(N)cc1N,train
Cc1ccc(N)cc1O,train
Cc1ccc(N)cc1S(=O)(=O)O,train
Cc1ccc(N)cc1[N+](=O)[O-],train
Cc1ccc(N)nc1,train
Cc1ccc(N=C=O)cc1N=C=O,train
Cc1ccc(NC(=O)N(C)C)cc1NC(=O)N(C)C,train
Cc1ccc(NC(N)=O)cc1,train
Cc1ccc(NC=O)c(C)c1,train
Cc1ccc(Nc2c(F)cccc2Cl)c(CC(=O)O)c1,train
Cc1ccc(Nc2ccc(O)c3c2C(=O)c2ccccc2C3=O)cc1,train
Cc1ccc(Nc2nccc(N(C)c3ccc4c(C)n(C)nc4c3)n2)cc1S(N)(=O)=O,train
Cc1ccc(O)c(-n2nc3ccccc3n2)c1,train
Cc1ccc(O)c(C(=O)c2ccccc2)c1,train
Cc1ccc(O)c(C(C)(C)C)c1,train
Cc1ccc(O)c(C)c1,train
Cc1ccc(O)c(N)c1,train
Cc1ccc(O)c(O)c1,train
Cc1ccc(O)c([C@H](CCN(C(C)C)C(C)C)c2ccccc2)c1,train
Cc1ccc(O)c([N+](=O)[O-])c1,train
Cc1ccc(O)c2ncccc12,train
Cc1ccc(O)cc1,train
Cc1ccc(O)cc1C,train
Cc1ccc(OC(=O)CC(C)C)cc1,train
Cc1ccc(OC(=O)c2ccccc2O)cc1,train
Cc1ccc(OP(=O)(Oc2ccc(C)cc2)Oc2ccc(C)cc2)cc1,train
Cc1ccc(OP(=O)(Oc2ccccc2)Oc2ccccc2)cc1,train
Cc1ccc(S(=O)(=O)N=C=O)cc1,train
Cc1ccc(S(=O)(=O)NC(=O)NC2CCCCC2)cc1,train
Cc1ccc(S(=O)(=O)NC(=O)N[C@@H](C)Cc2ccccc2)cc1,train
Cc1ccc(S(=O)(=O)NC2CCCCC2)cc1,train
Cc1ccc(S(=O)(=O)N[C@@H](CCCCN)C(=O)CCl)cc1,train
Cc1ccc(S(=O)(=O)O)cc1,train
Cc1ccc(S(=O)(=O)O)cc1.O,train
Cc1ccc(S(=O)(=O)[N-]Cl)cc1,train
Cc1ccc(S(=O)(=O)[O-])c(C)c1,train
Cc1ccc(S(=O)(=O)[O-])cc1.[Na+],train
Cc1ccc(S(=O)(=O)[O-])cc1C,train
Cc1ccc(S(N)(=O)=O)cc1,train
Cc1ccc(S)cc1,train
Cc1ccc([N+](=O)[O-])c(C)c1,train
Cc1ccc([N+](=O)[O-])c(N)c1,train
Cc1ccc([N+](=O)[O-])c([N+](=O)[O-])c1,train
Cc1ccc([N+](=O)[O-])cc1,train
Cc1ccc([N+](=O)[O-])cc1C,train
Cc1ccc([N+](=O)[O-])cc1Cl,train
Cc1ccc([N+](=O)[O-])cc1N,train
Cc1ccc([N+](=O)[O-])cc1S(=O)(=O)O,train
Cc1ccc([N+](=O)[O-])cc1[N+](=O)[O-],train
Cc1ccc2c(Br)cc(Br)c(O)c2n1,train
Cc1ccc2c(C)cccc2c1,train
Cc1ccc2c(Cl)cc(Cl)c(O)c2n1,train
Cc1ccc2c(c1)C(=O)OC2=O,train
Cc1ccc2c(c1)C(=O)c1ccccc1C2=O,train
Cc1ccc2c(c1)CCCN2,train
Cc1ccc2c(c1)[C@]13CCCC[C@@H]1[C@H](C2)N(C)CC3,train
Cc1ccc2c(c1N)C(=O)c1ccccc1C2=O,train
Cc1ccc2c(c1[N+](=O)[O-])C(=O)c1ccccc1C2=O,train
Cc1ccc2c(ccc3ccccc32)c1,train
Cc1ccc2c(n1)Oc1ccc(C(C)C(=O)OCC(=O)N(C)C)cc1C2,train
Cc1ccc2cc(C)ccc2c1,train
Cc1ccc2ccc(Cl)cc2n1,train
Cc1ccc2ccc3cccc4ccc1c2c34,train
Cc1ccc2ccccc2c1,train
Cc1ccc2ccccc2c1C,train
Cc1ccc2ccccc2c1[N+](=O)[O-],train
Cc1ccc2ccccc2n1,train
Cc1ccc2cccnc2c1,train
Cc1ccc2nc(-c3ccc(N)cc3)sc2c1S(=O)(=O)O,train
Cc1ccc2ncccc2c1,train
Cc1ccc2oc(=O)ccc2c1,train
Cc1cccc(/N=N/c2ccc(N(C)C)cc2)c1,train
Cc1cccc(Br)c1,train
Cc1cccc(C#N)c1,train
Cc1cccc(C(=O)O)c1,train
Cc1cccc(C(=O)O)c1O,train
Cc1cccc(C(=O)O)c1[N+](=O)[O-],train
Cc1cccc(C(C)(C)C)c1O,train
Cc1cccc(C(C)c2c[nH]cn2)c1C,train
Cc1cccc(C)c1,train
Cc1cccc(C)c1N,train
Cc1cccc(C)c1NC(=O)C(C)N,train
Cc1cccc(C)c1NC(=O)C1CCCCN1C,train
Cc1cccc(C)c1NC(=O)CN(CC(=O)O)CC(=O)O,train
Cc1cccc(C)c1NC(=O)CN1CCCC1,train
Cc1cccc(C)c1NC(=O)c1cc(S(N)(=O)=O)c(Cl)cc1O,train
Cc1cccc(C)c1NC(=O)c1ccc(N)cc1,train
Cc1cccc(C)c1NC(=O)c1ccccc1C(=O)O,train
Cc1cccc(C)c1Nc1ncccc1C(=O)O,train
Cc1cccc(C)c1O,train
Cc1cccc(C)c1OCC(C)N,train
Cc1cccc(C)c1[N+](=O)[O-],train
Cc1cccc(CN2CCN(C(c3ccccc3)c3ccc(Cl)cc3)CC2)c1,train
Cc1cccc(Cc2c[nH]cn2)c1C,train
Cc1cccc(Cl)c1,train
Cc1cccc(N)c1,train
Cc1cccc(N)c1C,train
Cc1cccc(N)c1N,train
Cc1cccc(N)n1,train
Cc1cccc(NC(=S)N(C)C)c1,train
Cc1cccc(Nc2cc(Cl)nc(SCC(=O)O)n2)c1C,train
Cc1cccc(Nc2ccccc2)c1,train
Cc1cccc(Nc2ccccc2C(=O)O)c1C,train
Cc1cccc(Nc2ncccc2C(=O)O)c1C,train
Cc1cccc(O)c1,train
Cc1cccc(O)c1C,train
Cc1cccc(O)c1N,train
Cc1cccc(OCC(O)CNC(C)(C)C)c1C,train
Cc1cccc(OCCOc2cccc(C)c2)c1,train
Cc1cccc(Oc2ccccc2)c1,train
Cc1cccc(S(=O)(=O)[O-])c1C,train
Cc1cccc([N+](=O)[O-])c1,train
Cc1cccc([N+](=O)[O-])c1C,train
Cc1cccc([N+](=O)[O-])c1C(=O)O,train
Cc1cccc([N+](=O)[O-])c1[N+](=O)[O-],train
Cc1cccc2[nH]nnc12,train
Cc1cccc2c1cc1ccc3cccc4ccc2c1c34,train
Cc1cccc2ccccc12,train
Cc1cccc2cccnc12,train
Cc1cccc2nccnc12,train
Cc1cccc2sc(N)nc12,train
Cc1cccc[n+]1[O-],train
Cc1ccccc1,train
Cc1ccccc1-n1c(C)nc2ccccc2c1=O,train
Cc1ccccc1-n1c(CF)nc2ccc(N)cc2c1=O,train
Cc1ccccc1Br,train
Cc1ccccc1C,train
Cc1ccccc1C#N,train
Cc1ccccc1C(=O)Nc1ccc(C(=O)N2CCCC(N(C)C)c3ccccc32)cc1,train
Cc1ccccc1C(=O)Nc1ccc(C(=O)N2CCCC(O)c3cc(Cl)ccc32)c(C)c1,train
Cc1ccccc1C(=O)Nc1cccc(OC(C)C)c1,train
Cc1ccccc1C(=O)O,train
Cc1ccccc1C(N)=O,train
Cc1ccccc1C(OCCN(C)C)c1ccccc1,train
Cc1ccccc1C(OCCN(C)C)c1ccccc1.O=C(O)CC(O)(CC(=O)O)C(=O)O,train
Cc1ccccc1C=O,train
Cc1ccccc1CCO,train
Cc1ccccc1CCl,train
Cc1ccccc1Cl,train
Cc1ccccc1N,train
Cc1ccccc1N=O,train
Cc1ccccc1NC(=N)NC(=N)N,train
Cc1ccccc1NC(=N)Nc1ccccc1C,train
Cc1ccccc1O,train
Cc1ccccc1OCC(=O)O,train
Cc1ccccc1OCC(O)CO,train
Cc1ccccc1OCC1CO1,train
Cc1ccccc1OP(=O)(Oc1ccccc1C)Oc1ccccc1C,train
Cc1ccccc1S,train
Cc1ccccc1S(=O)(=O)[O-],train
Cc1ccccc1S(N)(=O)=O,train
Cc1ccccc1[N+](=O)[O-],train
Cc1ccccn1,train
Cc1cccnc1,train
Cc1ccco1,train
Cc1ccnc(N)c1,train
Cc1ccnc(NS(=O)(=O)c2ccc(N)cc2)n1,train
Cc1ccnc2ccccc12,train
Cc1ccncc1,train
Cc1ccsc1/C=C/C1=NCCCN1C,train
Cc1cn([C@@H]2O[C@H](CO)[C@@H](O)[C@@H]2F)c(=O)[nH]c1=O,train
Cc1cn([C@H]2C[C@H](F)[C@@H](CO)O2)c(=O)[nH]c1=O,train
Cc1cn([C@H]2C[C@H](N=[N+]=[N-])[C@@H](CO)O2)c(=O)[nH]c1=O,train
Cc1cn([C@H]2C[C@H](O)[C@@H](CO)O2)c(=O)[nH]c1=O,train
Cc1cn[nH]c1,train
Cc1cnc(C)c(C)n1,train
Cc1cnc(NS(=O)(=O)c2ccc(N)cc2)nc1,train
Cc1cnc2c(C(=O)O)c(Cl)ccc2c1,train
Cc1coc2c1CCC(C)C2,train
Cc1coc2ccccc2c1=O,train
Cc1cscn1,train
Cc1nc(-c2ccc(OCC(C)C)c(C#N)c2)sc1C(=O)O,train
Cc1nc(C)c(C)nc1C,train
Cc1nc(C)c(Cl)c(O)c1Cl,train
Cc1nc(N(C)C)nc(OC(=O)N(C)C)c1C,train
Cc1nc(N)nc(N)c1-c1ccc(Cl)c(Cl)c1,train
Cc1nc(N)nc(N)n1,train
Cc1nc(NS(=O)(=O)c2ccc(N)cc2)nc(C)c1Br,train
Cc1nc([N+](=O)[O-])cn1-c1ccc([N+](=O)[O-])cc1,train
Cc1nc2ccc(Cl)cc2[nH]1,train
Cc1nc2ccccc2c(=O)n1-c1ccccc1Cl,train
Cc1nc2ccccc2s1,train
Cc1nc2ccccn2c(=O)c1CCN1CCC(C(=O)c2ccc(F)cc2)CC1,train
Cc1nc2n(c(=O)c1CCN1CCC(c3noc4cc(F)ccc34)CC1)CCCC2,train
Cc1nc2n(c(=O)c1CCN1CCC(c3noc4cc(F)ccc34)CC1)CCC[C@H]2O,train
Cc1nc[nH]c1CN1CCc2c(c3ccccc3n2C)C1=O,train
Cc1ncc(CNC(=O)N(CCCl)N=O)c(N)n1,train
Cc1ncc(CO)c(C=O)c1O,train
Cc1ncc(CO)c(CN)c1O,train
Cc1ncc(CO)c(CO)c1O,train
Cc1ncc(COP(=O)(O)O)c(C=O)c1O,train
Cc1ncc(CSSCc2cnc(C)c(O)c2CO)c(CO)c1O,train
Cc1ncc(C[n+]2csc(CCO)c2C)c(N)n1,train
Cc1ncc(C[n+]2csc(CCOP(=O)(O)O)c2C)c(N)n1,train
Cc1ncc(C[n+]2csc(CCOP(=O)(O)OP(=O)(O)O)c2C)c(N)n1,train
Cc1ncc([N+](=O)[O-])n1C,train
Cc1ncc([N+](=O)[O-])n1CC(C)O,train
Cc1ncc([N+](=O)[O-])n1CC(O)CCl,train
Cc1ncc([N+](=O)[O-])n1CCO,train
Cc1ncc[nH]1,train
Cc1ncsc1CCCl,train
Cc1ncsc1CCO,train
Cc1nn(-c2cc(NS(C)(=O)=O)c(Cl)cc2Cl)c(=O)n1C(F)F,train
Cc1nnc(NS(=O)(=O)c2ccc(N)cc2)s1,train
Cc1nnc(SCC2=C(C(=O)O)N3C(=O)[C@@H](NC(=O)Cn4cnnn4)[C@H]3SC2)s1,train
Cc1nnc2n1-c1ccc(Cl)cc1C(c1ccccc1)=NC2,train
Cc1nnc2n1-c1ccc(Cl)cc1C(c1ccccc1Cl)=NC2,train
Cc1nnc2n1-c1sc(Br)cc1C(c1ccccc1Cl)=NC2,train
Cc1noc(NS(=O)(=O)c2ccc(N)cc2)c1C,train
Cc1oc(-c2ccccc2)nc1CCC(=O)c1ccc(CC2SC(=O)NC2=O)cc1,train
Cc1occc(=O)c1O,train
Cc1occc(=O)c1OC(=O)C(C)C,train
Cc1occc1S,train
Cc1onc(-c2c(Cl)cccc2Cl)c1C(=O)Cl,train
Cc1onc(-c2c(Cl)cccc2Cl)c1C(=O)N[C@@H]1C(=O)N2[C@@H]1SC(C)(C)[C@@H]2C(=O)[O-],train
Cc1onc(-c2ccccc2)c1-c1ccc(S(N)(=O)=O)cc1,train
Cc1onc(-c2ccccc2)c1C(=O)Cl,train
Cc1onc(-c2ccccc2Cl)c1C(=O)N[C@@H]1C(=O)N2[C@@H]1SC(C)(C)[C@@H]2C(=O)[O-],train
Cc1sccc1Br,train
Cl/C(=C\n1cncn1)c1ccc(Cl)cc1Cl,train
Cl/C=C/Cl,train
Cl/C=C\Cl,train
ClC(Br)Br,train
ClC(Cl)(Br)Br,train
ClC(Cl)(Cl)Br,train
ClC(Cl)(Cl)C(Cl)(Cl)Cl,train
ClC(Cl)(Cl)Cl,train
ClC(Cl)(Cl)c1ccc(C(Cl)(Cl)Cl)cc1,train
ClC(Cl)(Cl)c1ccccc1,train
ClC(Cl)=C(Cl)C(Cl)=C(Cl)Cl,train
ClC(Cl)=C(Cl)Cl,train
ClC(Cl)=C(c1ccc(Cl)cc1)c1ccc(Cl)cc1,train
ClC(Cl)Br,train
ClC(Cl)C(Cl)(Cl)Cl,train
ClC(Cl)C(Cl)Cl,train
ClC(Cl)Cl,train
ClC(Cl)c1ccccc1,train
ClC/C=C/CCl,train
ClC/C=C\CCl,train
ClC1=C(Cl)C(Cl)(Cl)C(Cl)=C1Cl,train
ClC1=C(Cl)C1(Cl)Cl,train
ClC1=C(Cl)C2(Cl)C(CBr)CC1(Cl)C2(Cl)Cl,train
ClC1=C(Cl)C2(Cl)C3C(Cl)C(Cl)CC3C1(Cl)C2(Cl)Cl,train
ClC1=C(Cl)C2(Cl)C3C(Cl)C=CC3C1(Cl)C2(Cl)Cl,train
ClC1=C(Cl)[C@@]2(Cl)[C@@H]3[C@@H](Cl)C(Cl)C[C@@H]3C1(Cl)C2(Cl)Cl,train
ClC1=C(Cl)[C@]2(Cl)[C@@H]3[C@@H]4C[C@@H]([C@H]5O[C@@H]45)[C@@H]3[C@@]1(Cl)C2(Cl)Cl,train
ClC1=C(Cl)[C@]2(Cl)[C@@H]3[C@H]4C=CC(C4)[C@@H]3C1(Cl)C2(Cl)Cl,train
ClC1=C(Cl)[C@]2(Cl)[C@@H]3[C@H]4C[C@H]([C@@H]5O[C@H]45)[C@@H]3[C@@]1(Cl)C2(Cl)Cl,train
ClC1=C(Cl)[C@]2(Cl)[C@H]3[C@H]([C@H]4C=C[C@H]3C4)[C@@]1(Cl)C2(Cl)Cl,train
ClC1C(Cl)C(Cl)C(Cl)C(Cl)C1Cl,train
ClC=C(Cl)Cl,train
ClC=CCCl,train
ClC=CCl,train
ClCBr,train
ClCC(Br)CBr,train
ClCC(Cl)(Cl)Cl,train
ClCC(Cl)CCl,train
ClCC(Cl)Cl,train
ClCC1CO1,train
ClCC=CCCl,train
ClCCBr,train
ClCCCCBr,train
ClCCCCCCCl,train
ClCCCCl,train
ClCCCN1CCN(c2cccc(Cl)c2)CC1,train
ClCCCl,train
ClCCN(CCCl)CCCl,train
ClCCN1CCCC1,train
ClCCOCCCl,train
ClCCOCCOCCCl,train
ClCCOCOCCCl,train
ClCCOP(OCCCl)OCCCl,train
ClCCl,train
ClCOCCl,train
ClCc1ccc(Cl)cc1Cl,train
ClCc1cccc(Cl)c1,train
ClCc1ccccc1,train
ClCc1ccccc1Cl,train
ClCc1ccccn1,train
ClCc1cccnc1,train
ClP(Cl)(Cl)(Cl)Cl,train
ClP(Cl)c1ccccc1,train
ClSC(Cl)(Cl)Cl,train
Cl[C@H]1OCCO[C@@H]1Cl,train
Cl[C@H]1[C@H](Cl)[C@@H](Cl)[C@@H](Cl)[C@H](Cl)[C@H]1Cl,train
Cl[C@H]1[C@H](Cl)[C@@H](Cl)[C@H](Cl)[C@@H](Cl)[C@@H]1Cl,train
Cl[C@H]1[C@H](Cl)[C@@H](Cl)[C@H](Cl)[C@H](Cl)[C@H]1Cl,train
Cl[Si](Cl)(c1ccccc1)c1ccccc1,train
Clc1c(Cl)c(Cl)c(Cl)c(Cl)c1Cl,train
Clc1cc(C(Cl)(Cl)Cl)cnc1Cl,train
Clc1cc(Cl)c(-c2cc(Cl)c(Cl)cc2Cl)cc1Cl,train
Clc1cc(Cl)c(Cl)c(Cl)c1,train
Clc1cc(Cl)c(Cl)c(Cl)c1Cl,train
Clc1cc(Cl)c(Cl)cc1Cl,train
Clc1cc(Cl)c(Cl)nc1Cl,train
Clc1cc(Cl)c(OCC#CI)cc1Cl,train
Clc1cc(Cl)cc(Cl)c1,train
Clc1cc(Cl)nc(Cl)n1,train
Clc1cc2c(cc1Cl)Oc1cc(Cl)c(Cl)cc1O2,train
Clc1ccc(C(Cl)(Cl)Cl)c(Cl)c1,train
Clc1ccc(C(Cl)(Cl)Cl)cc1,train
Clc1ccc(C(Cl)(Cl)Cl)cc1Cl,train
Clc1ccc(C(Cl)(Cl)Cl)cn1,train
Clc1ccc(C(Cn2ccnc2)OCc2c(Cl)cccc2Cl)c(Cl)c1,train
Clc1ccc(C(c2ccc(Cl)cc2)C(Cl)(Cl)Cl)cc1,train
Clc1ccc(C(c2ccc(Cl)cc2)C(Cl)Cl)cc1,train
Clc1ccc(C(c2ccccc2Cl)C(Cl)(Cl)Cl)cc1,train
Clc1ccc(C(c2ccccc2Cl)C(Cl)Cl)cc1,train
Clc1ccc(C2(Cn3cncn3)OCCO2)c(Cl)c1,train
Clc1ccc(CO/N=C(\Cn2ccnc2)c2ccc(Cl)cc2Cl)c(Cl)c1,train
Clc1ccc(COC(Cn2ccnc2)c2ccc(Cl)cc2Cl)c(Cl)c1,train
Clc1ccc(COC(Cn2ccnc2)c2ccc(Cl)cc2Cl)cc1,train
Clc1ccc(CSC(Cn2ccnc2)c2ccc(Cl)cc2Cl)cc1,train
Clc1ccc(Cl)c(Cl)c1,train
Clc1ccc(Cl)c(Cl)c1Cl,train
Clc1ccc(Cl)cc1,train
Clc1ccc(Sc2cc(Cl)c(Cl)cc2Cl)cc1,train
Clc1ccc2[nH]nnc2c1,train
Clc1ccc2c(c1)C(N1CCNCC1)=Nc1ccccc1O2,train
Clc1ccc2c(c1)C(c1ccccc1)=NCc1nncn1-2,train
Clc1ccc2c(c1)CCc1cccnc1C2=C1CCNCC1,train
Clc1ccc2c(c1)Nc1ccccc1S2,train
Clc1ccc2cc3ccccc3cc2c1,train
Clc1ccc2ccccc2c1,train
Clc1cccc(-c2cc(Cl)cc(Cl)c2)c1,train
Clc1cccc(C(Cl)(Cl)Cl)n1,train
Clc1cccc(Cl)c1,train
Clc1cccc(Cl)c1Cl,train
Clc1cccc(N2CCNCC2)c1,train
Clc1cccc2ccccc12,train
Clc1ccccc1,train
Clc1ccccc1-c1ccccc1Cl,train
Clc1ccccc1CN1CCc2sccc2C1,train
Clc1ccccc1Cl,train
Clc1ccccc1N1CCNCC1,train
Clc1ccccn1,train
Clc1ccnc(Cl)n1,train
Clc1nc(C(Cl)(Cl)Cl)c(Cl)c(Cl)c1Cl,train
Clc1nc(Cl)c(Cl)c(Cl)c1Cl,train
Clc1nc(Cl)nc(Cl)n1,train
Clc1nc2ccccc2nc1Cl,train
Clc1nnc(Cl)c2ccccc12,train
Clc1sc(Cl)c(Cl)c1Cl,train
Cn1c(=O)c2[nH]c(Br)nc2n(C)c1=O,train
Cn1c(=O)c2[nH]cnc2n(C)c1=O,train
Cn1c(=O)c2c(ncn2C)n(C)c1=O,train
Cn1c(=O)c2c(ncn2C)n(C)c1=O.O=C(O)CC(O)(CC(=O)O)C(=O)O,train
Cn1c(=O)c2c(ncn2CC(=O)O)n(C)c1=O,train
Cn1c(=O)c2c(ncn2CC(O)CO)n(C)c1=O,train
Cn1c(=O)c2c(ncn2CCO)n(C)c1=O,train
Cn1c(CCCC(=O)O)nc2cc(N(CCCl)CCCl)ccc21,train
Cn1c(N)c(N=O)c(=O)n(C)c1=O,train
Cn1c(N)nc2c3cccnc3ccc21,train
Cn1c([N+](=O)[O-])cnc1COC(N)=O,train
Cn1cc(C2=C(c3cn(C4CCN(Cc5ccccn5)CC4)c4ccccc34)C(=O)NC2=O)c2ccccc21,train
Cn1cc(NC(=O)c2cc(NC(=O)c3cc(NC=O)cn3C)cn2C)cc1C(=O)NCCC(=N)N,train
Cn1cc[nH]c1=S,train
Cn1cnc2c(=O)nc(N)[nH]c21,train
Cn1cnc2c1c(=O)[nH]c(=O)n2C,train
Cn1cnc2ncnc(N)c21,train
Cn1sc(Cl)cc1=O,train
Cn1sccc1=O,train
FB(F)F,train
FC(Cl)(Cl)C(F)(Cl)Cl,train
FC(Cl)(Cl)Cl,train
FC(F)(Cl)C(F)(Cl)Cl,train
FC(F)(F)C(Cl)(Cl)Cl,train
FC(F)(F)C(Cl)Br,train
FC(F)(F)C(F)(F)C(F)(F)C(F)(F)C(F)(F)C(F)(F)C(F)(F)C(F)(F)Br,train
FC(F)(F)C(F)(F)C(F)(F)C(F)(F)C(F)(F)C(F)(F)C(F)(F)C(F)(F)C(F)(F)C(F)(F)F,train
FC(F)(F)C(F)(F)C(F)(F)C(F)(F)C(F)(F)C(F)(F)CCI,train
FC(F)(F)C(F)(F)C(F)(F)C(F)(F)C(F)(F)C(F)(F)F,train
FC(F)(F)C(F)(F)C(F)(F)C(F)(F)C(F)(F)F,train
FC(F)(F)C(F)(F)C(F)(F)C(F)(F)CCI,train
FC(F)(F)COCC(F)(F)F,train
FC(F)(F)c1ccc(Cl)c(Cl)c1,train
FC(F)(F)c1ccc(Cl)cc1,train
FC(F)(F)c1ccc(Cl)cc1Cl,train
FC(F)(F)c1cccc(Cl)c1,train
FC(F)(F)c1ccccc1,train
FC(F)(F)c1ccccc1-n1ccnc1,train
FC(F)(F)c1ccccc1Cl,train
FC(F)C(F)(F)OCC(Cn1cncn1)c1ccc(Cl)cc1Cl,train
FC(F)OC(Cl)C(F)(F)F,train
FC(F)OC(F)(F)C(F)Cl,train
FC1(F)C(F)(F)C(F)(F)C2(F)C(F)(F)C(F)(F)C(F)(F)C(F)(F)C2(F)C1(F)F,train
FCOC(C(F)(F)F)C(F)(F)F,train
F[B-](F)(F)F,train
F[B-](F)(F)F.[H+],train
Fc1c(F)c(F)c(Br)c(F)c1F,train
Fc1cc(Br)ccc1CBr,train
Fc1ccc(Br)cc1,train
Fc1ccc(C(c2ccc(F)cc2)N2CCN(C/C=C/c3ccccc3)CC2)cc1,train
Fc1ccc([C@@H]2CCNC[C@H]2COc2ccc3c(c2)OCO3)cc1,train
Fc1cccc(Cl)c1CCl,train
Fc1ccccc1,train
Fc1ccccc1-c1ccccc1,train
IC(I)=C(I)I,train
IC(I)I,train
ICCc1ccccc1,train
II,train
N#C/C(=C1/SC[C@@H](c2ccc(Cl)cc2Cl)S1)n1ccnc1,train
N#C/C(=C1\SCC(c2ccccc2Cl)S1)n1ccnc1,train
N#C/C(N)=C(/N)C#N,train
N#C/C=C/C#N,train
N#CC(Br)(Br)C(N)=O,train
N#CC(Br)Br,train
N#CC(C#N)=C(C#N)C#N,train
N#CC(C#N)=Cc1cc(O)c(O)c(O)c1,train
N#CC(C#N)=Cc1ccc(O)c(O)c1,train
N#CC(C#N)=NNc1cccc(Cl)c1,train
N#CC(Cl)(Cl)Cl,train
N#CC(Cl)Cl,train
N#CC(O)c1ccccc1,train
N#CC(c1ccccc1)c1ccccc1,train
N#CC1(N)CCCCC1,train
N#CC1(O)CCCCC1,train
N#CCBr,train
N#CCC#N,train
N#CCC(=O)NN,train
N#CCC(=O)O,train
N#CCCC#N,train
N#CCCC(Br)(C#N)CBr,train
N#CCCCC(C#N)CCC#N,train
N#CCCCCC#N,train
N#CCCCl,train
N#CCCN(CCO)CCO,train
N#CCCNCCC#N,train
N#CCCOCCOCCC#N,train
N#CCCSCCC#N,train
N#CCCl,train
N#CCN(CC#N)CCN(CC#N)CC#N,train
N#CCNCC#N,train
N#CCc1ccc(Cl)cc1Cl,train
N#CCc1cccc(C(F)(F)F)c1,train
N#CCc1ccccc1,train
N#CCc1ccccc1[N+](=O)[O-],train
N#CN,train
N#CNC(=N)N,train
N#CSCC(=O)[O-],train
N#CSCSC#N,train
N#CSCSc1nc2ccccc2s1,train
N#CSCc1ccccc1,train
N#CSc1ccc(N)c([N+](=O)[O-])c1,train
N#CSc1ccc([N+](=O)[O-])cc1[N+](=O)[O-],train
N#C[C@@H]1CC(F)(F)CN1C(=O)CNC1CC2CCC(C1)N2c1ncccn1,train
N#C[N-]C#N,train
N#C[S-],train
N#Cc1c(Cl)c(Cl)c(Cl)c(C#N)c1Cl,train
N#Cc1c(Cl)cccc1Cl,train
N#Cc1c(F)cccc1F,train
N#Cc1c2ccccc2cc2ccccc12,train
N#Cc1c[nH]cc1-c1cccc2c1OC(F)(F)O2,train
N#Cc1cc(Br)c(O)c(Br)c1,train
N#Cc1cc(I)c(O)c(I)c1,train
N#Cc1cc(NC(=O)C(=O)O)c(Cl)c(NC(=O)C(=O)O)c1,train
N#Cc1cc2ccccc2c2ccccc12,train
N#Cc1ccc(C(=O)O)cc1,train
N#Cc1ccc(CC(=O)c2cccc(C(F)(F)F)c2)cc1,train
N#Cc1ccc(Cl)cc1,train
N#Cc1ccc(N(CC(N)=O)CC(F)(F)F)cc1C(F)(F)F,train
N#Cc1ccc2c(c1)N(CCCN1CCC(O)CC1)c1ccccc1S2,train
N#Cc1cccc(C#N)c1,train
N#Cc1ccccc1,train
N#Cc1ccccc1C#N,train
N#Cc1ccccc1O,train
N#Cc1ccccn1,train
N#Cc1cccnc1,train
N#Cc1ccncc1,train
N#Cc1nc(Cl)c(Cl)c(Cl)c1Cl,train
N#Cc1nn(-c2c(Cl)cc(C(F)(F)F)cc2Cl)c(N)c1S(=O)C(F)(F)F,train
N#[C][Au-][C]#N,train
N#[C][Fe-2]([C]#N)([C]#N)([C]#N)([C]#N)[N]=O,train
N=C(N)N.N=C(N)N.O=C(O)O,train
N=C(N)NC(=N)N1CCOCC1,train
N=C(N)NC(=N)NCCc1ccccc1,train
N=C(N)NC(=O)Cc1c(Cl)cccc1Cl,train
N=C(N)NC(=O)c1nc(Cl)c(N)nc1N,train
N=C(N)NCCCCNC(=N)N,train
N=C(N)NCCC[C@H](N)C(=O)O,train
N=C(N)NCCC[C@H](NC(=O)[C@@H]1CCCN1C(=O)[C@@H]1CSSCCC(=O)N[C@@H](Cc2ccc(O)cc2)C(=O)N[C@@H](Cc2ccccc2)C(=O)N[C@@H](CCC(N)=O)C(=O)N[C@@H](CC(N)=O)C(=O)N1)C(=O)NCC(N)=O,train
N=C(N)NCCC[C@H](NC(=O)[C@@H]1CCCN1C(=O)[C@@H]1CSSC[C@H](N)C(=O)N[C@@H](Cc2ccc(O)cc2)C(=O)N[C@@H](Cc2ccccc2)C(=O)N[C@@H](CCC(N)=O)C(=O)N[C@@H](CC(N)=O)C(=O)N1)C(=O)NCC(N)=O,train
N=C(N)NCCN1CCCCCCC1,train
N=C(N)NCc1cccc(I)c1.N=C(N)NCc1cccc(I)c1,train
N=C(N)NN,train
N=C(N)NN.N=C(N)NN,train
N=C(N)NN=Cc1c(Cl)cccc1Cl,train
N=C(N)NS(=O)(=O)c1ccc(N)cc1,train
N=C(N)N[N+](=O)[O-],train
N=C(N)Nc1ccc(C(=O)Oc2ccc3cc(C(=N)N)ccc3c2)cc1,train
N=C(N)S(=O)O,train
N=C(N)c1ccc(OCCCOc2ccc(C(=N)N)cc2)cc1,train
N=C(N)c1ccc(OCCCOc2ccc(C(=N)N)cc2Br)c(Br)c1,train
N=C(N)c1ccccc1,train
N=C(N)n1cccn1,train
N=C(Nc1ccccc1)Nc1ccccc1,train
N=C1C=CC(=C(c2ccc(N)cc2)c2ccc(N)cc2)C=C1,train
NC(=O)C(=O)NN=Cc1ccc([N+](=O)[O-])o1,train
NC(=O)C(Cl)(Cl)Cl,train
NC(=O)C(Cl)Cl,train
NC(=O)C1c2ccccc2CCc2ccccc21,train
NC(=O)CCCCC(N)=O,train
NC(=O)CCCCC1CCSS1,train
NC(=O)CC[C@@H](N)C(=O)O,train
NC(=O)CC[C@H](Nc1ccc([N+](=O)[O-])cc1)C(=O)O,train
NC(=O)CF,train
NC(=O)CI,train
NC(=O)CN1CC(O)CC1=O,train
NC(=O)CN1CCCC1=O,train
NC(=O)COCCN1CCN(C(c2ccccc2)c2ccc(Cl)cc2)CC1,train
NC(=O)CS(=O)C(c1ccccc1)c1ccccc1,train
NC(=O)Cc1cccc(C(=O)c2ccccc2)c1N,train
NC(=O)Cc1cccc2ccccc12,train
NC(=O)N/N=C/c1ccc([N+](=O)[O-])o1,train
NC(=O)N=NC(N)=O,train
NC(=O)NC(=O)Cc1ccccc1,train
NC(=O)NC(N)=O,train
NC(=O)NC1NC(=O)NC1=O,train
NC(=O)NNC(N)=O,train
NC(=O)NNc1ccccc1,train
NC(=O)NO,train
NC(=O)NS(=O)(=O)c1ccc(Cl)cc1,train
NC(=O)NS(=O)(=O)c1ccc(N)cc1,train
NC(=O)N[C@@H](CCC(=O)O)C(=O)O,train
NC(=O)Nc1ccc(Cl)c(Cl)c1,train
NC(=O)Nc1ccc(Cl)cc1,train
NC(=O)Nc1ccc([As](=O)(O)O)cc1,train
NC(=O)Nc1ccccc1,train
NC(=O)Nc1nc2ccccc2[nH]1,train
NC(=O)OCC(COC(N)=O)c1ccccc1,train
NC(=O)OCC(O)COc1ccc(Cl)cc1,train
NC(=O)OCCCc1ccccc1,train
NC(=O)OC[C@@H]1[C@H](NC(=O)/C(=N\OCC(=O)[O-])c2csc(N)n2)C(=O)N1S(=O)(=O)[O-],train
NC(=O)Oc1ccc(Cc2ccccc2)cc1,train
NC(=O)[C@@H]1C[C@]2(NC(=O)NC2=O)c2cc(F)ccc2O1,train
NC(=O)[C@H]1O[C@@H](O)[C@H](O)[C@@H](O)[C@@H]1O,train
NC(=O)[O-],train
NC(=O)c1c(Cl)cccc1Cl,train
NC(=O)c1cc([N+](=O)[O-])cc([N+](=O)[O-])c1,train
NC(=O)c1ccc(N)cc1,train
NC(=O)c1ccc([N+](=O)[O-])cc1,train
NC(=O)c1ccc([N+](=O)[O-])cc1Cl,train
NC(=O)c1cccc([N+](=O)[O-])c1,train
NC(=O)c1ccccc1,train
NC(=O)c1ccccc1C(N)=O,train
NC(=O)c1ccccc1N,train
NC(=O)c1ccccc1O,train
NC(=O)c1ccccc1[N+](=O)[O-],train
NC(=O)c1cccnc1,train
NC(=O)c1ccncc1,train
NC(=O)c1cnccn1,train
NC(=O)c1ncn([C@@H]2O[C@H](CO)[C@@H](O)[C@H]2O)c1N,train
NC(=O)c1ncn([C@@H]2O[C@H](CO)[C@@H](O)[C@H]2O)c1O,train
NC(=S)C(N)=S,train
NC(=S)N/N=C/c1cccnc1,train
NC(=S)NC(N)=S,train
NC(=S)NNC(N)=S,train
NC(=S)NS(=O)(=O)c1ccc(N)cc1,train
NC(=S)Nc1cccc2ccccc12,train
NC(=S)Nc1ccccc1,train
NC(=S)c1c(Cl)cccc1Cl,train
NC(CCC(=O)O)C(=O)O,train
NC(CO)(CO)CO,train
NC(CO)C(=O)NNCc1ccc(O)c(O)c1O,train
NC(CS)C(=O)O,train
NC(CSCC(=O)O)C(=O)O,train
NC(Cc1c[nH]c2ccccc12)C(=O)O,train
NC(Cc1ccc(Cl)cc1)C(=O)O,train
NC(Cc1ccc(F)cc1)C(=O)O,train
NC(Cc1ccccc1)C(=O)O,train
NC(N)=Nc1nc(CSCC/C(N)=N\S(N)(=O)=O)cs1,train
NC(N)=O,train
NC(N)=O.OO,train
NC(N)=S,train
NC(N)=[Se],train
NC/C=C/C(=O)O,train
NC1(c2ccccc2)CCCCC1,train
NC12CC3CC(CC(C3)C1)C2,train
NC1=NC(=O)C(c2ccccc2)O1,train
NC1CCC(CC2CCC(N)CC2)CC1,train
NC1CCCCC1,train
NC1CCCCC1N,train
NC=O,train
NCC(=O)CCC(=O)O,train
NCC(=O)O,train
NCC(CC(=O)O)c1ccc(Cl)cc1,train
NCC(O)c1ccc(O)cc1,train
NCC(O)c1cccc(O)c1,train
NCC1(CC(=O)O)CCCCC1,train
NCC1CCC(C(=O)O)CC1,train
NCC1CCCC(CN)C1,train
NCCC(O)(P(=O)(O)O)P(=O)(O)O,train
NCCCC(=O)O,train
NCCCC(N)(C(=O)O)C(F)F,train
NCCCC(O)(P(=O)([O-])O)P(=O)(O)O,train
NCCCCCC(=O)O,train
NCCCCCCN,train
NCCCCCCNCCCCCCN,train
NCCCC[C@H](NC(=O)[C@@H]1CCCN1C(=O)[C@@H]1CSSC[C@H](N)C(=O)N[C@@H](Cc2ccc(O)cc2)C(=O)N[C@@H](Cc2ccccc2)C(=O)N[C@@H](CCC(N)=O)C(=O)N[C@@H](CC(N)=O)C(=O)N1)C(=O)NCC(N)=O,train
NCCCC[C@H](NC(=O)[C@@H]1CCCN1C(=O)[C@@H]1CSSC[C@H](N)C(=O)N[C@@H](Cc2ccccc2)C(=O)N[C@@H](Cc2ccccc2)C(=O)N[C@@H](CCC(N)=O)C(=O)N[C@@H](CC(N)=O)C(=O)N1)C(=O)NCC(N)=O,train
NCCCC[C@H](NC(=O)[C@@H]1CCCN1C(=O)[C@@H]1CSSC[C@H](NC(=O)CNC(=O)CNC(=O)CN)C(=O)N[C@@H](Cc2ccc(O)cc2)C(=O)N[C@@H](Cc2ccccc2)C(=O)N[C@@H](CCC(N)=O)C(=O)N[C@@H](CC(N)=O)C(=O)N1)C(=O)NCC(N)=O,train
NCCCC[C@H](N[C@@H](CCc1ccccc1)C(=O)O)C(=O)N1CCC[C@H]1C(=O)O,train
NCCCN(CCO)CCO,train
NCCCN1CCN(CCCN)CC1,train
NCCCN1CCOCC1,train
NCCCNCCCN,train
NCCCNCCSP(=O)(O)O,train
NCCCOCCOCCOCCCN,train
NCCC[C@H](N)C(=O)O,train
NCCN,train
NCCN1CCNC1=O,train
NCCN1CCNCC1,train
NCCN1CCOCC1,train
NCCNC(=O)c1ccc(Cl)cn1,train
NCCNCCN,train
NCCNCCNCCN,train
NCCNCCNCCNCCN,train
NCCNCCO,train
NCCNc1cccc2ccccc12,train
NCCO.O=C(O)c1nc(Cl)ccc1Cl,train
NCCOCCN,train
NCCOCCO,train
NCCOCCOCCN,train
NCCOS(=O)(=O)O,train
NCCS,train
NCCS(=O)(=O)O,train
NCC[C@H](O)C(=O)N[C@@H]1C[C@H](N)[C@@H](O[C@H]2O[C@H](CN)[C@@H](O)[C@H](O)[C@H]2O)[C@H](O)[C@H]1O[C@H]1O[C@H](CO)[C@@H](O)[C@H](N)[C@H]1O,train
NCCc1cc(O)c(O)cc1O,train
NCCc1cc[nH]n1,train
NCCc1ccc(O)c(O)c1,train
NCCc1ccc(O)cc1,train
NCCc1cnc[nH]1,train
NC[C@@H]1CC[C@@H](N)[C@@H](O[C@H]2[C@H](O)[C@@H](O[C@H]3O[C@H](CO)[C@@H](O)[C@H](N)[C@H]3O)[C@H](N)C[C@@H]2N)O1,train
NC[C@H](O)c1ccc(O)c(O)c1,train
NC[C@H]1O[C@H](O[C@H]2[C@H](O)[C@@H](O[C@H]3O[C@H](CO)[C@@H](O)[C@H](N)[C@H]3O)[C@H](N)C[C@@H]2N)[C@H](N)C[C@@H]1O,train
NC[C@H]1O[C@H](O[C@H]2[C@H](O)[C@@H](O[C@H]3O[C@H](CO)[C@@H](O)[C@H](N)[C@H]3O)[C@H](N)C[C@@H]2N)[C@H](N)[C@@H](O)[C@@H]1O,train
NC[C@H]1O[C@H](O[C@H]2[C@H](O)[C@@H](O[C@H]3O[C@H](CO)[C@@H](O)[C@H](N)[C@H]3O)[C@H](N)C[C@@H]2N)[C@H](O)[C@@H](O)[C@@H]1O,train
NCc1ccc(S(N)(=O)=O)cc1,train
NCc1cccc(CN)c1,train
NCc1ccccc1,train
NCc1ccccc1Sc1ccccc1CO,train
NCc1cccnc1,train
NN,train
NNC(=O)CCCCC(=O)NN,train
NNC(=O)OCc1ccccc1,train
NNC(=O)c1cccc(C(=O)NN)c1,train
NNC(=O)c1ccccc1,train
NNC(=O)c1cccnc1,train
NNC(=O)c1ccncc1,train
NNC(=S)NN,train
NNC(N)=O,train
NNC(N)=S,train
NNCCO,train
NNCCc1ccccc1,train
NNS(=O)(=O)c1ccc(Oc2ccc(S(=O)(=O)NN)cc2)cc1,train
NNc1ccc(C(=O)O)cc1,train
NNc1ccccc1,train
NNc1nc(-c2ccc(N)cc2)cs1,train
NNc1nc(-c2ccccc2)cs1,train
NNc1nnc(NN)c2ccccc12,train
NNc1nncc2ccccc12,train
NO,train
NP(N)(=O)NC(=O)c1ccc(F)cc1,train
NS(=O)(=O)C(F)(F)C(F)(F)C(F)(F)C(F)(F)C(F)(F)C(F)(F)C(F)(F)C(F)(F)F,train
NS(=O)(=O)O,train
NS(=O)(=O)[O-],train
NS(=O)(=O)c1cc(Cl)c(Cl)c(S(N)(=O)=O)c1,train
NS(=O)(=O)c1cc2c(cc1C(F)(F)F)NC(Cc1ccccc1)NS2(=O)=O,train
NS(=O)(=O)c1cc2c(cc1C(F)(F)F)NCNS2(=O)=O,train
NS(=O)(=O)c1cc2c(cc1Cl)N=C(CSCc1ccccc1)NS2(=O)=O,train
NS(=O)(=O)c1cc2c(cc1Cl)N=CNS2(=O)=O,train
NS(=O)(=O)c1cc2c(cc1Cl)NC(C(Cl)Cl)NS2(=O)=O,train
NS(=O)(=O)c1cc2c(cc1Cl)NC(Cc1ccccc1)NS2(=O)=O,train
NS(=O)(=O)c1cc2c(cc1Cl)NCNS2(=O)=O,train
NS(=O)(=O)c1ccc(C(=O)O)cc1,train
NS(=O)(=O)c1ccc(Cl)c(S(N)(=O)=O)c1,train
NS(=O)(=O)c1ccc(NC(=O)CCC(=O)O)cc1,train
NS(=O)(=O)c1ccccc1Cl,train
NS(=O)(=O)c1ccccc1OC(F)(F)F,train
N[C@@H](C(=O)N[C@@H]1C(=O)N2C(C(=O)O)=C(Cl)CS[C@H]12)c1ccccc1,train
N[C@@H](CCC(=O)N[C@@H](CS)C(=O)NCC(=O)O)C(=O)O,train
N[C@@H](CCC(=O)N[C@@H](CSSC[C@H](NC(=O)CC[C@H](N)C(=O)O)C(=O)NCC(=O)O)C(=O)NCC(=O)O)C(=O)O,train
N[C@@H](CCC(=O)O)C(=O)O,train
N[C@@H](COP(=O)(O)O)C(=O)O,train
N[C@@H](CS)C(=O)O,train
N[C@@H](CSCCCO)C(=O)O,train
N[C@@H](CSSC[C@H](N)C(=O)O)C(=O)O,train
N[C@@H](Cc1c[nH]c2ccc(O)cc12)C(=O)O,train
N[C@@H](Cc1c[nH]c2ccccc12)C(=O)O,train
N[C@@H](Cc1cc(I)c(O)c(I)c1)C(=O)O,train
N[C@@H](Cc1cc(I)c(Oc2cc(I)c(O)c(I)c2)c(I)c1)C(=O)O,train
N[C@@H](Cc1cc(I)c(Oc2ccc(O)c(I)c2)c(I)c1)C(=O)O,train
N[C@@H](Cc1cc(I)c(Oc2ccc(O)c(I)c2)c(I)c1)C(=O)[O-],train
N[C@@H](Cc1ccc(N(CCCl)CCCl)cc1)C(=O)O,train
N[C@@H](Cc1ccc(O)cc1)C(=O)O,train
N[C@@H](Cc1ccc(Oc2cc(I)c(O)c(I)c2)c(I)c1)C(=O)O,train
N[C@@H](Cc1cnc[nH]1)C(=O)O,train
N[C@@H]1C[C@H]1c1ccccc1,train
N[C@@H]1[C@H]2CN(c3nc4c(cc3F)c(=O)c(C(=O)O)cn4-c3ccc(F)cc3F)C[C@@H]12,train
N[C@H](C(=O)O)[C@@H](O)c1ccc(O)c(O)c1,train
N[C@H](C(=O)O)c1ccc(O)cc1,train
N[C@H](Cc1c[nH]c2ccccc12)C(=O)O,train
N[C@H]1C(O)O[C@H](CO)[C@@H](O)[C@@H]1O,train
N[C@H]1C(O)O[C@H](CO)[C@H](O)[C@@H]1O,train
Nc1c(/N=N/c2ccc(-c3ccc(/N=N/c4cc(S(=O)(=O)[O-])c5ccccc5c4N)cc3)cc2)cc(S(=O)(=O)[O-])c2ccccc12,train
Nc1c(Br)cc(Br)c2c1C(=O)c1ccccc1C2=O,train
Nc1c(Br)cc(Br)cc1CN[C@H]1CC[C@H](O)CC1,train
Nc1c(Br)cc([N+](=O)[O-])cc1[N+](=O)[O-],train
Nc1c(CC(=O)[O-])cccc1C(=O)c1ccc(Br)cc1.Nc1c(CC(=O)[O-])cccc1C(=O)c1ccc(Br)cc1,train
Nc1c(CC(=O)[O-])cccc1C(=O)c1ccccc1,train
Nc1c(Cl)c(Cl)c(Cl)c(Cl)c1Cl,train
Nc1c(Cl)c(Cl)nc(C(=O)O)c1Cl,train
Nc1c(Cl)c(F)nc(OCC(=O)O)c1Cl,train
Nc1c(Cl)cc(Cl)cc1Cl,train
Nc1c(Cl)cc(Cl)cc1[N+](=O)[O-],train
Nc1c(Cl)cc([N+](=O)[O-])cc1Cl,train
Nc1c(I)cc(I)c(C(=O)N(CCC(=O)O)c2ccccc2)c1I,train
Nc1c(S(=O)(=O)O)cc(Br)c2c1C(=O)c1ccccc1C2=O,train
Nc1c(S(=O)(=O)[O-])cc(Br)c2c1C(=O)c1ccccc1C2=O,train
Nc1c2c(nc3ccccc13)CCCC2,train
Nc1c2c(nc3ccccc13)CCCC2O,train
Nc1c2ccccc2nc2ccccc12,train
Nc1c[n+](N2CCOCC2)no1,train
Nc1cc(-c2ccncc2)c[nH]c1=O,train
Nc1cc(=O)nc(N)[nH]1,train
Nc1cc(C(=O)O)c(O)c(S(=O)(=O)O)c1,train
Nc1cc(C(=O)O)ccc1Cl,train
Nc1cc(C(Cl)=C(Cl)Cl)c(S(N)(=O)=O)cc1S(N)(=O)=O,train
Nc1cc(C(F)(F)F)ccc1S,train
Nc1cc(Cl)c(-c2cc(Cl)c(N)cc2Cl)cc1Cl,train
Nc1cc(Cl)c(N)c(Cl)c1,train
Nc1cc(Cl)c(NC2=NCCN2)c(Cl)c1,train
Nc1cc(Cl)c(O)c(Cl)c1,train
Nc1cc(Cl)c([N+](=O)[O-])cc1O,train
Nc1cc(Cl)cc(C(=O)O)c1Cl,train
Nc1cc(Cl)cc(Cl)c1,train
Nc1cc(Cl)cc(S(=O)(=O)O)c1O,train
Nc1cc(Cl)ccc1Cl,train
Nc1cc(Cl)ccc1O,train
Nc1cc(N)cc(C(=O)O)c1,train
Nc1cc(S(=O)(=O)O)ccc1O,train
Nc1cc(S(=O)(=O)O)ccc1S(=O)(=O)O,train
Nc1cc(S(=O)(=O)[O-])cc2cc(S(=O)(=O)O)cc(O)c12,train
Nc1cc([N+](=O)[O-])cc([N+](=O)[O-])c1O,train
Nc1cc([N+](=O)[O-])ccc1C(=O)O,train
Nc1cc([N+](=O)[O-])ccc1O,train
Nc1cc[nH]c(=O)n1,train
Nc1ccc(-c2ccc(F)cc2)cc1,train
Nc1ccc(-c2ccc(N)c(Cl)c2)cc1Cl,train
Nc1ccc(-c2ccc(N)c(N)c2)cc1N,train
Nc1ccc(-c2ccc(N)cc2)cc1,train
Nc1ccc(-c2ccccc2)cc1,train
Nc1ccc(/N=N/c2ccc(N)cc2)cc1,train
Nc1ccc(/N=N/c2ccccc2)cc1,train
Nc1ccc(/N=N\c2ccccc2)c(N)c1,train
Nc1ccc(Br)cc1,train
Nc1ccc(C(=O)NCC(=O)O)cc1,train
Nc1ccc(C(=O)Nc2ccccc2N)cc1,train
Nc1ccc(C(=O)O)cc1,train
Nc1ccc(C(=O)OCC(O)CO)cc1,train
Nc1ccc(C(=O)OCCCOC(=O)c2ccc(N)cc2)cc1,train
Nc1ccc(C(=O)Oc2ccccc2)c(O)c1,train
Nc1ccc(C(=O)[O-])c(O)c1,train
Nc1ccc(C=Cc2ccc(N)cc2S(=O)(=O)O)c(S(=O)(=O)O)c1,train
Nc1ccc(Cc2ccc(N)c(Cl)c2)cc1Cl,train
Nc1ccc(Cc2ccc(N)cc2)cc1,train
Nc1ccc(Cl)c(Cl)c1,train
Nc1ccc(Cl)c(N)c1,train
Nc1ccc(Cl)cc1,train
Nc1ccc(Cl)cc1C(=O)c1ccccc1F,train
Nc1ccc(Cl)cc1Cl,train
Nc1ccc(Cl)cc1N,train
Nc1ccc(Cl)cc1[N+](=O)[O-],train
Nc1ccc(F)cc1,train
Nc1ccc(F)cc1F,train
Nc1ccc(N)c(Cl)c1,train
Nc1ccc(N)c([N+](=O)[O-])c1,train
Nc1ccc(N)c2c1C(=O)c1ccccc1C2=O,train
Nc1ccc(N)c2ccccc12,train
Nc1ccc(N)cc1,train
Nc1ccc(N=Nc2ccccc2)c(N)n1,train
Nc1ccc(NC(=O)c2ccc(N)cc2)cc1,train
Nc1ccc(NCCO)c([N+](=O)[O-])c1,train
Nc1ccc(Nc2ccccc2)cc1,train
Nc1ccc(O)c(C(=O)O)c1,train
Nc1ccc(O)c(N)c1,train
Nc1ccc(O)c([N+](=O)[O-])c1,train
Nc1ccc(O)cc1,train
Nc1ccc(Oc2ccc(Cl)cc2)cc1,train
Nc1ccc(Oc2ccc(N)c(N)c2)cc1,train
Nc1ccc(Oc2ccc(N)cc2)cc1,train
Nc1ccc(S(=O)(=O)NCc2ccccc2)cc1,train
Nc1ccc(S(=O)(=O)Nc2ccc(Cl)nn2)cc1,train
Nc1ccc(S(=O)(=O)Nc2ccccc2)cc1,train
Nc1ccc(S(=O)(=O)Nc2ncccn2)cc1,train
Nc1ccc(S(=O)(=O)Nc2nccs2)cc1,train
Nc1ccc(S(=O)(=O)O)c(N)c1,train
Nc1ccc(S(=O)(=O)[N-]c2ncccn2)cc1.[Ag+],train
Nc1ccc(S(=O)(=O)[O-])cc1,train
Nc1ccc(S(=O)(=O)c2ccc(N)cc2)cc1,train
Nc1ccc(S(N)(=O)=O)cc1,train
Nc1ccc(Sc2ccc(N)cc2)cc1,train
Nc1ccc([As](=O)(O)O)cc1,train
Nc1ccc([As](=O)([O-])O)cc1,train
Nc1ccc([N+](=O)[O-])c(C(F)(F)F)c1,train
Nc1ccc([N+](=O)[O-])c(N)c1,train
Nc1ccc([N+](=O)[O-])cc1,train
Nc1ccc([N+](=O)[O-])cc1N,train
Nc1ccc([N+](=O)[O-])cc1O,train
Nc1ccc([N+](=O)[O-])cc1[N+](=O)[O-],train
Nc1ccc2c(O)cc(S(=O)(=O)O)cc2c1,train
Nc1ccc2c(c1)C(=O)c1ccccc1C2=O,train
Nc1ccc2c(c1)Cc1ccccc1-2,train
Nc1ccc2c3c(cccc13)-c1ccccc1-2,train
Nc1ccc2cc(S(=O)(=O)O)cc(O)c2c1,train
Nc1ccc2cc(S(=O)(=O)O)ccc2c1,train
Nc1ccc2cc(S(=O)(=O)[O-])cc(O)c2c1/N=N/c1ccccc1C(F)(F)F,train
Nc1ccc2cc3ccc(N)cc3nc2c1,train
Nc1ccc2cc3ccccc3cc2c1,train
Nc1ccc2ccccc2c1,train
Nc1ccc2ccccc2c1S(=O)(=O)O,train
Nc1cccc(C(F)(F)F)c1,train
Nc1cccc(Cl)c1,train
Nc1cccc(N)c1,train
Nc1cccc(N)n1,train
Nc1cccc(O)c1,train
Nc1cccc(S(=O)(=O)O)c1,train
Nc1cccc(S(=O)(=O)c2cccc(N)c2)c1,train
Nc1cccc([N+](=O)[O-])c1,train
Nc1cccc2c(N)cccc12,train
Nc1cccc2c(O)nnc(O)c12,train
Nc1cccc2ccccc12,train
Nc1ccccc1,train
Nc1ccccc1-c1ccccc1,train
Nc1ccccc1C(=O)O,train
Nc1ccccc1C(=O)OCC(O)CO,train
Nc1ccccc1C(=O)OCCc1ccccc1,train
Nc1ccccc1C(=O)Oc1ccc2ccccc2c1,train
Nc1ccccc1Cl,train
Nc1ccccc1Nc1ccccc1,train
Nc1ccccc1O,train
Nc1ccccc1S(=O)(=O)O,train
Nc1ccccc1S(=O)(=O)c1ccccc1,train
Nc1ccccc1[N+](=O)[O-],train
Nc1ccccn1,train
Nc1cccnc1,train
Nc1ccn([C@@H]2O[C@H](CO)[C@@H](O)C2(F)F)c(=O)n1,train
Nc1ccn([C@@H]2O[C@H](CO)[C@@H](O)[C@@H]2O)c(=O)n1,train
Nc1ccn([C@H]2CC[C@@H](CO)O2)c(=O)n1,train
Nc1ccn([C@H]2CS[C@@H](CO)O2)c(=O)n1,train
Nc1ccncc1,train
Nc1ccncc1N,train
Nc1cnn(-c2ccccc2)c(=O)c1Cl,train
Nc1nc(-c2ccc([N+](=O)[O-])cc2)cs1,train
Nc1nc(-c2ccccc2)cs1,train
Nc1nc(=O)[nH]cc1F,train
Nc1nc(=O)c2ncn(CCC(CO)CO)c2[nH]1,train
Nc1nc(=O)n([C@@H]2CS[C@H](CO)O2)cc1F,train
Nc1nc(=O)n([C@@H]2O[C@H](CO)[C@@H](O)[C@@H]2F)cc1I,train
Nc1nc(CC(=O)O)cs1,train
Nc1nc(Cl)cc(Cl)n1,train
Nc1nc(Cl)nc2c1ncn2[C@@H]1O[C@H](CO)[C@@H](O)[C@@H]1F,train
Nc1nc(Cl)nc2c1ncn2[C@H]1C[C@H](O)[C@@H](CO)O1,train
Nc1nc(F)nc2c1ncn2[C@@H]1O[C@H](CO)[C@@H](O)[C@@H]1O,train
Nc1nc(N)c(N)c(N)n1,train
Nc1nc(N)c2nc(CNc3ccc(C(=O)N[C@@H](CCC(=O)O)C(=O)O)cc3)cnc2n1,train
Nc1nc(N)nc(-c2cc(Cl)ccc2Cl)n1,train
Nc1nc(N)nc(-c2ccccc2)n1,train
Nc1nc(N)nc(Cl)n1,train
Nc1nc(N)nc(N)n1,train
Nc1nc(N)nc(NC2CC2)n1,train
Nc1nc2c(Cl)cccc2s1,train
Nc1nc2c(ncn2COC(CO)CO)c(=O)[nH]1,train
Nc1nc2c(ncn2COCCO)c(=O)[nH]1,train
Nc1nc2ccc(OC(F)(F)F)cc2s1,train
Nc1nc2ccc([N+](=O)[O-])cc2s1,train
Nc1nc2ccccc2[nH]1,train
Nc1nc2ccccc2s1,train
Nc1nc[nH]n1,train
Nc1ncc([N+](=O)[O-])s1,train
Nc1nccs1,train
Nc1ncn([C@@H]2O[C@H](CO)[C@@H](O)[C@H]2O)c(=O)n1,train
Nc1ncn([C@H]2C[C@H](O)[C@@H](CO)O2)c(=O)n1,train
Nc1ncnc(Nc2ccc(Cl)cc2)n1,train
Nc1ncnc(Nc2ccccc2)n1,train
Nc1ncnc2[nH]cnc12,train
Nc1ncnc2c1ncn2[C@@H]1O[C@@H]2COP(=O)(O)O[C@H]2[C@H]1O,train
Nc1ncnc2c1ncn2[C@@H]1O[C@H](CO)[C@@H](O)[C@H]1O,train
Nc1ncnc2c1ncn2[C@@H]1O[C@H](COP(=O)(O)O)[C@@H](O)[C@H]1O,train
Nc1ncnc2c1ncn2[C@@H]1O[C@H](COP(=O)(O)OP(=O)(O)OP(=O)(O)O)[C@@H](O)[C@H]1O,train
Nc1ncnc2c1ncn2[C@H]1CC[C@@H](CO)O1,train
Nc1nnc(-c2ccc([N+](=O)[O-])o2)o1,train
Nc1nnc(-c2cccc(Cl)c2Cl)c(N)n1,train
Nc1nnc(N)[nH]1,train
Nn1cnnc1,train
O.O.O.O.O.O.O=[N+]([O-])[O-].O=[N+]([O-])[O-].[Mg+2],train
O=C(/C=C/c1ccc([N+](=O)[O-])cc1)c1ccccc1,train
O=C(/C=C/c1cccc(F)c1)NC1CC1,train
O=C(/C=C/c1ccccc1)NCCO,train
O=C(C(=O)c1ccc(Br)cc1)c1ccc(Br)cc1,train
O=C(C(=O)c1ccccc1)c1ccccc1,train
O=C(C(Cl)(Cl)Cl)C(Cl)(Cl)Cl,train
O=C(C=Cc1ccc(O)c(O)c1)O[C@@H]1C[C@@](OC(=O)C=Cc2ccc(O)c(O)c2)(C(=O)O)C[C@@H](O)[C@@H]1O,train
O=C(C=Cc1ccccc1)OCc1ccccc1,train
O=C(CBr)Nc1ccc(Cl)cc1C(=O)c1ccccc1F,train
O=C(CBr)OCc1ccccc1,train
O=C(CBr)c1ccc(O)cc1,train
O=C(CBr)c1ccccc1,train
O=C(CC(=O)C(F)(F)F)c1ccccc1,train
O=C(CC(=O)c1ccccc1)c1ccccc1,train
O=C(CCBr)N1CCN(C(=O)CCBr)CC1,train
O=C(CCCCC(=O)Nc1c(I)cc(I)c(C(=O)O)c1I)Nc1c(I)cc(I)c(C(=O)O)c1I,train
O=C(CCCCCCC(=O)Nc1ccccc1)NO,train
O=C(CCCCCCCCC#CI)Oc1ccccc1,train
O=C(CCCCl)c1ccc(F)cc1,train
O=C(CCCN1CCC(O)(c2ccc(Br)cc2)CC1)c1ccc(F)cc1,train
O=C(CCCN1CCC(O)(c2ccc(Cl)cc2)CC1)c1ccc(F)cc1,train
O=C(CCCN1CCC(O)(c2cccc(C(F)(F)F)c2)CC1)c1ccc(F)cc1,train
O=C(CCCl)NCCc1ccccc1,train
O=C(CCCl)NCc1ccccc1,train
O=C(CCN1CC1)OCC(CO)(COC(=O)CCN1CC1)COC(=O)CCN1CC1,train
O=C(CCN1CCN(CCO)CC1)N1c2ccccc2Sc2ccc(C(F)(F)F)cc21,train
O=C(CCOCCOCCOCCOCCC(=O)Nc1c(I)cc(I)c(C(=O)O)c1I)Nc1c(I)cc(I)c(C(=O)O)c1I,train
O=C(CCS)OCC(COC(=O)CCS)(COC(=O)CCS)COC(=O)CCS,train
O=C(CCc1ccc(O)cc1)c1c(O)cc(O)cc1O,train
O=C(CCl)C(Cl)Cl,train
O=C(CCl)CCl,train
O=C(CCl)NCO,train
O=C(CCl)Nc1ccccc1,train
O=C(CCl)c1ccc(Cl)cc1Cl,train
O=C(CCl)c1ccccc1,train
O=C(CO)[C@@H](O)[C@H](O)[C@@H](O)C(=O)[O-].O=C(CO)[C@@H](O)[C@H](O)[C@@H](O)C(=O)[O-],train
O=C(CO)[C@@H](O)[C@H](O)[C@@H](O)CO,train
O=C(CS(=O)C(c1ccccc1)c1ccccc1)NO,train
O=C(CS)Nc1ccccc1,train
O=C(CS)OCCOC(=O)CS,train
O=C(Cc1ccccc1)c1ccccc1,train
O=C(Cl)/C=C/C(=O)Cl,train
O=C(Cl)C(Cl)(Cl)Cl,train
O=C(Cl)C(Cl)Cl,train
O=C(Cl)CCl,train
O=C(Cl)OCCOCCOC(=O)Cl,train
O=C(Cl)OCc1ccccc1,train
O=C(Cl)c1c(Cl)c(Cl)c(C(=O)Cl)c(Cl)c1Cl,train
O=C(Cl)c1c(Cl)cccc1Cl,train
O=C(Cl)c1cc(C(=O)Cl)cc(C(=O)Cl)c1,train
O=C(Cl)c1cc(Cl)cc(Cl)c1,train
O=C(Cl)c1ccc(C(=O)Cl)cc1,train
O=C(Cl)c1ccc(F)c(Cl)c1,train
O=C(Cl)c1ccc([N+](=O)[O-])cc1,train
O=C(Cl)c1cccc(C(=O)Cl)c1,train
O=C(Cl)c1cccc([N+](=O)[O-])c1,train
O=C(Cl)c1ccccc1,train
O=C(Cl)c1ccccc1F,train
O=C(Cl)c1ccccc1[N+](=O)[O-],train
O=C(Cn1c(=O)sc2ccc(Cl)cc21)N1CCN(CCO)CC1,train
O=C(Cn1ccnc1[N+](=O)[O-])NCCO,train
O=C(Cn1cnnn1)N[C@@H]1C(=O)N2C(C(=O)[O-])=C(CSc3nncs3)CS[C@H]12,train
O=C(N/N=C/c1ccc([N+](=O)[O-])o1)c1cc([N+](=O)[O-])cc([N+](=O)[O-])c1O,train
O=C(N/N=C/c1ccccc1O)c1ccncc1,train
O=C(NC(=O)c1c(F)cccc1F)Nc1cc(Cl)c(F)c(Cl)c1F,train
O=C(NC(=O)c1c(F)cccc1F)Nc1cc(Cl)c(OC(F)(F)C(F)C(F)(F)F)cc1Cl,train
O=C(NC(=O)c1c(F)cccc1F)Nc1ccc(Cl)cc1,train
O=C(NC(=O)c1c(F)cccc1F)Nc1ccc(OC(F)(F)C(F)OC(F)(F)F)c(Cl)c1,train
O=C(NC(=O)c1ccccc1Cl)Nc1ccc(OC(F)(F)F)cc1,train
O=C(NC(O)C(Cl)(Cl)Cl)NC(O)C(Cl)(Cl)Cl,train
O=C(NCC(O)CO)c1c(I)c(C(=O)NCC(O)CO)c(I)c(N(CCO)C(=O)CO)c1I,train
O=C(NCCO[N+](=O)[O-])c1cccnc1,train
O=C(NCN1CCOCC1)c1cnccn1,train
O=C(NCO)NCO,train
O=C(NN=Cc1ccc([N+](=O)[O-])o1)c1ccc(O)cc1,train
O=C(NNCS(=O)(=O)[O-])c1ccncc1,train
O=C(NO)c1ccccc1,train
O=C(NOC[C@H](O)CO)c1ccc(F)c(F)c1Nc1ccc(I)cc1F,train
O=C(N[C@@H]1N=C(c2ccccc2F)c2cccc3c2N(CC3)C1=O)c1cc2ccccc2[nH]1,train
O=C(N[C@H](CO)[C@H](O)c1ccc([N+](=O)[O-])cc1)C(Cl)Cl,train
O=C(N[C@H]1N=C(c2ccccc2F)c2cccc3c2N(CC3)C1=O)c1cc2ccccc2[nH]1,train
O=C(Nc1ccc(/C=C/c2ccc(NC(=O)c3cc(S(=O)(=O)O)c4cccnc4c3O)cc2S(=O)(=O)O)c(S(=O)(=O)O)c1)c1cc(S(=O)(=O)O)c2cccnc2c1O,train
O=C(Nc1ccc(Br)cc1)c1cc(Br)c(Br)s1,train
O=C(Nc1ccc(Br)cc1)c1cc(Br)cc(Br)c1O,train
O=C(Nc1ccc(C(=O)O)c(O)c1)c1ccccc1,train
O=C(Nc1ccc(Cl)c(Cl)c1)C1CC1,train
O=C(Nc1ccc(Cl)c(Cl)c1)c1cc(Cl)cc(Cl)c1O,train
O=C(Nc1ccc(Cl)cc1)Nc1ccc(Cl)c(C(F)(F)F)c1,train
O=C(Nc1ccc(Cl)cc1)Nc1ccc(Cl)c(Cl)c1,train
O=C(Nc1ccc(F)cc1F)c1cccnc1Oc1cccc(C(F)(F)F)c1,train
O=C(Nc1ccc(O)cc1)c1ccccc1O,train
O=C(Nc1ccc([N+](=O)[O-])cc1)Nc1ccc([N+](=O)[O-])cc1,train
O=C(Nc1ccc([N+](=O)[O-])cc1Cl)c1cc(Cl)ccc1O,train
O=C(Nc1ccc2c(c1)Cc1ccccc1-2)C(F)(F)F,train
O=C(Nc1cccc(C(F)(F)F)c1)c1cc(Br)cc(Br)c1O,train
O=C(Nc1cccc(Cl)c1)OCC#CCCl,train
O=C(Nc1cccc([N+](=O)[O-])c1)c1cc2ccccc2cc1O,train
O=C(Nc1ccccc1)Nc1ccccc1,train
O=C(Nc1ccccc1)c1cc(Cl)ccc1O,train
O=C(Nc1ccccc1)c1cc([N+](=O)[O-])ccc1Cl,train
O=C(Nc1ccccc1)c1ccccc1I,train
O=C(Nc1ccccc1)c1ccccc1O,train
O=C(O)/C=C(\CC(=O)O)C(=O)O,train
O=C(O)/C=C/C(=O)O,train
O=C(O)/C=C/c1c[nH]cn1,train
O=C(O)/C=C/c1ccc(Cn2ccnc2)cc1,train
O=C(O)/C=C/c1ccccc1,train
O=C(O)/C=C\C(=O)O,train
O=C(O)C(=O)Cc1c[nH]c2ccccc12,train
O=C(O)C(=O)Cc1ccccc1,train
O=C(O)C(=O)Nc1cccc(-c2nnn[nH]2)c1,train
O=C(O)C(=O)O,train
O=C(O)C(Br)(Br)Br,train
O=C(O)C(Br)Br,train
O=C(O)C(Br)CBr,train
O=C(O)C(Cc1cc(I)c(O)c(I)c1)c1ccccc1,train
O=C(O)C(Cl)(Cl)Br,train
O=C(O)C(Cl)(Cl)Cl,train
O=C(O)C(Cl)Br,train
O=C(O)C(Cl)Cl,train
O=C(O)C(F)(F)C(F)(F)C(F)(F)C(F)(F)C(F)(F)C(F)(F)C(F)(F)C(F)(F)C(F)(F)C(F)(F)F,train
O=C(O)C(F)(F)C(F)(F)C(F)(F)C(F)(F)C(F)(F)C(F)(F)C(F)(F)C(F)(F)C(F)(F)F,train
O=C(O)C(F)(F)C(F)(F)C(F)(F)C(F)(F)C(F)(F)C(F)(F)C(F)(F)C(F)(F)F,train
O=C(O)C(F)(F)C(F)(F)C(F)(F)C(F)(F)C(F)(F)C(F)(F)C(F)(F)F,train
O=C(O)C(F)(F)C(F)(F)C(F)(F)C(F)(F)C(F)(F)C(F)(F)F,train
O=C(O)C(F)(F)C(F)(F)C(F)(F)C(F)(F)C(F)(F)F,train
O=C(O)C(O)C(O)C(=O)O,train
O=C(O)C(c1ccc(Cl)cc1)c1ccc(Cl)cc1,train
O=C(O)C1(C(=O)Nc2ccc(Cl)cc2Cl)CC1,train
O=C(O)C1=NN(c2ccc(S(=O)(=O)O)cc2)C(=O)C1,train
O=C(O)C1C(C(=O)O)C2(Cl)C(Cl)=C(Cl)C1(Cl)C2(Cl)Cl,train
O=C(O)C1CCC1,train
O=C(O)C1CCCN1,train
O=C(O)C=CC(=O)Nc1ccc(S(=O)(=O)Nc2nccs2)cc1,train
O=C(O)C=Cc1ccc(C=CC(=O)O)cc1,train
O=C(O)C=Cc1ccc(O)c(O)c1,train
O=C(O)CBr,train
O=C(O)CC(=O)C(=O)O,train
O=C(O)CC(=O)O,train
O=C(O)CC(C(=O)O)C(CC(=O)O)C(=O)O,train
O=C(O)CC(C(=O)O)S(=O)(=O)O,train
O=C(O)CC(Cl)C(=O)O,train
O=C(O)CC(O)(CC(=O)O)C(=O)O,train
O=C(O)CC(O)(CC(=O)O)C(=O)O.Oc1cccc2cccnc12,train
O=C(O)CC(O)C(=O)O,train
O=C(O)CCC(=O)C(=O)O,train
O=C(O)CCC(=O)Nc1ccc(S(=O)(=O)Nc2nccs2)cc1,train
O=C(O)CCC(=O)O,train
O=C(O)CCC(=O)O.c1ccc(C2(c3ccccc3)CC2C2=NCCN2)cc1,train
O=C(O)CCC(=O)c1ccc(-c2ccccc2)cc1,train
O=C(O)CCC/C=C\C[C@@H]1[C@@H](/C=C/[C@@H](O)COc2cccc(C(F)(F)F)c2)[C@H](O)C[C@@H]1O,train
O=C(O)CCCC(=O)O,train
O=C(O)CCCCC(=O)O,train
O=C(O)CCCCC1CCSS1,train
O=C(O)CCCCCC(=O)O,train
O=C(O)CCCCCCC(=O)O,train
O=C(O)CCCCCCCC(=O)O,train
O=C(O)CCCCCCCCC(=O)O,train
O=C(O)CCCCCCCCCC(=O)O,train
O=C(O)CCCCCCCCCCC(=O)O,train
O=C(O)CCCCCCCCCCCBr,train
O=C(O)CCCCCCCCCCCC(=O)O,train
O=C(O)CCCCCCNC1c2ccccc2CCc2ccccc21,train
O=C(O)CCCC[C@@H]1SC[C@@H]2NC(=O)N[C@@H]21,train
O=C(O)CCCOc1ccc(Cl)cc1Cl,train
O=C(O)CCCc1c[nH]c2ccccc12,train
O=C(O)CCCc1ccc(N(CCCl)CCCl)cc1,train
O=C(O)CCCl,train
O=C(O)CCNC(=O)c1ccc(/N=N/c2ccc(O)c(C(=O)O)c2)cc1,train
O=C(O)CCNC(=O)c1ccccc1,train
O=C(O)CCS,train
O=C(O)CCSCCC(=O)O,train
O=C(O)CCSSCCC(=O)O,train
O=C(O)CC[N+](=O)[O-],train
O=C(O)CCc1ccccc1,train
O=C(O)CCc1nc2ccccc2[nH]1,train
O=C(O)CCl,train
O=C(O)CF,train
O=C(O)CN(CC(=O)O)CC(=O)O,train
O=C(O)CN(CCN(CC(=O)O)CC(=O)O)CC(=O)O,train
O=C(O)CN(CCN(CC(=O)O)CC(=O)O)CCN(CC(=O)O)CC(=O)O,train
O=C(O)CN(CCOCCOCCN(CC(=O)O)CC(=O)O)CC(=O)O,train
O=C(O)CN1C(=O)c2cccc3cccc(c23)C1=O,train
O=C(O)CNC(=O)CNC(=O)CNC(=O)CSC(=O)c1ccccc1,train
O=C(O)CNC(=O)c1ccc(CO)o1,train
O=C(O)CNC(=O)c1ccc([N+](=O)[O-])cc1,train
O=C(O)CNC(=O)c1ccccc1,train
O=C(O)CNC(=O)c1ccccc1I,train
O=C(O)CNCC(=O)O,train
O=C(O)CO,train
O=C(O)COC(=O)Cc1ccccc1Nc1c(Cl)cccc1Cl,train
O=C(O)COCC(=O)O,train
O=C(O)COCCN1CCN(C(c2ccccc2)c2ccc(Cl)cc2)CC1,train
O=C(O)CONC(=O)c1ccccc1,train
O=C(O)COc1cc(Cl)c(Cl)cc1Cl,train
O=C(O)COc1ccc(C(=O)c2cccs2)c(Cl)c1Cl,train
O=C(O)COc1ccc(Cl)cc1,train
O=C(O)COc1ccc(Cl)cc1Cl,train
O=C(O)COc1ccc2ccccc2c1,train
O=C(O)COc1ccccc1,train
O=C(O)COc1ccccc1/C=N/NC(=O)c1ccncc1,train
O=C(O)COc1nc(Cl)c(Cl)cc1Cl,train
O=C(O)CP(=O)(O)O,train
O=C(O)CS,train
O=C(O)CSCC(=O)NC1CCSC1=O,train
O=C(O)C[C@H](NC(=O)OCc1ccccc1)C(=O)O,train
O=C(O)Cc1c(Cl)ccc(Cl)c1Cl,train
O=C(O)Cc1c[nH]c2ccccc12,train
O=C(O)Cc1cc(I)c(Oc2cc(I)c(O)c(I)c2)c(I)c1,train
O=C(O)Cc1cc(I)c(Oc2ccc(O)c(I)c2)c(I)c1,train
O=C(O)Cc1ccc(-c2ccccc2)cc1,train
O=C(O)Cc1ccc(Cl)cc1Cl,train
O=C(O)Cc1ccc(OCCNC[C@H](O)c2ccccc2)cc1,train
O=C(O)Cc1cccc(-c2cc(CCCCCCc3ccc(O[C@H]4O[C@H](CO)[C@@H](O)[C@H](O)[C@@H]4O)c(-c4cccc(CC(=O)O)c4)c3)ccc2O[C@H]2O[C@H](CO)[C@@H](O)[C@H](O)[C@@H]2O)c1,train
O=C(O)Cc1cccc2ccccc12,train
O=C(O)Cc1ccccc1,train
O=C(O)Cc1ccccc1Oc1ccc(Cl)cc1Cl,train
O=C(O)Cc1cn(-c2ccccc2)nc1-c1ccc(Cl)cc1,train
O=C(O)Cc1csc(-c2ccc(Cl)cc2)n1,train
O=C(O)[C@@H](O)[C@H](O)[C@H](O)[C@@H](O)C(=O)O,train
O=C(O)[C@@H](S)[C@H](S)C(=O)O,train
O=C(O)[C@@H]1[C@H]2C[C@H]3c4[nH]c5ccccc5c4CCN3C[C@@H]2CC[C@@H]1O,train
O=C(O)[C@H](O)[C@@H](O)C(=O)O,train
O=C(O)[C@H](O)[C@@H](O)[C@H](O)[C@H](O)CO,train
O=C(O)[C@H](O)[C@@H](O)[C@H](O[C@@H]1O[C@H](CO)[C@H](O)[C@H](O)[C@H]1O)[C@H](O)CO,train
O=C(O)[C@H](O)c1ccccc1,train
O=C(O)c1c(Cl)ccc(Cl)c1Cl,train
O=C(O)c1c(Cl)ccc2cc(Cl)cnc12,train
O=C(O)c1c(Cl)cccc1Cl,train
O=C(O)c1c(O)c(-c2ccccc2)nc2ccccc12,train
O=C(O)c1c2ccccc2cc2ccccc12,train
O=C(O)c1cc(-c2ccc(F)cc2F)ccc1O,train
O=C(O)c1cc(-c2ccccc2)nc2ccccc12,train
O=C(O)c1cc(/N=N/c2ccc([N+](=O)[O-])cc2)ccc1O,train
O=C(O)c1cc(=O)c2ccccc2o1,train
O=C(O)c1cc(Br)c(O)c(Br)c1,train
O=C(O)c1cc(C(=O)O)c(C(=O)O)cc1C(=O)O,train
O=C(O)c1cc(C(=O)O)cc(C(=O)O)c1,train
O=C(O)c1cc(C(=O)O)cc(S(=O)(=O)[O-])c1,train
O=C(O)c1cc(C(=O)O)cc([N+](=O)[O-])c1,train
O=C(O)c1cc(Cl)cc(Cl)c1,train
O=C(O)c1cc(Cl)cc(Cl)c1O,train
O=C(O)c1cc(Cl)cc([N+](=O)[O-])c1Cl,train
O=C(O)c1cc(Cl)ccc1Cl,train
O=C(O)c1cc(I)cc(I)c1I,train
O=C(O)c1cc(O)c(O)c(O)c1,train
O=C(O)c1cc(O)c2c(c1)C(=O)c1cccc(O)c1C2=O,train
O=C(O)c1cc(O)c2ccccc2c1O,train
O=C(O)c1cc(O)nc(O)n1,train
O=C(O)c1cc(Oc2ccc(C(F)(F)F)cc2Cl)ccc1[N+](=O)[O-],train
O=C(O)c1cc2ccccc2cc1O,train
O=C(O)c1cc2ccccc2nc1C(=O)O,train
O=C(O)c1cc[c]([Hg][Cl])cc1,train
O=C(O)c1ccc(C(=O)O)c(C(=O)O)c1,train
O=C(O)c1ccc(C(=O)O)cc1,train
O=C(O)c1ccc(CO)o1,train
O=C(O)c1ccc(Cl)c(Cl)c1,train
O=C(O)c1ccc(Cl)cc1,train
O=C(O)c1ccc(Cl)cc1Cl,train
O=C(O)c1ccc(O)c(O)c1,train
O=C(O)c1ccc(O)cc1,train
O=C(O)c1ccc(O)cc1O,train
O=C(O)c1ccc(O)nc1,train
O=C(O)c1ccc(OCCCOc2ccc(C(=O)O)cc2)cc1,train
O=C(O)c1ccc(OCCN2CCCCC2)cc1,train
O=C(O)c1ccc(OCCn2ccnc2)cc1,train
O=C(O)c1ccc(S(=O)(=O)N(Cl)Cl)cc1,train
O=C(O)c1ccc(S(=O)(=O)O)cc1C(=O)O,train
O=C(O)c1ccc([N+](=O)[O-])cc1,train
O=C(O)c1ccc2[nH]cc(CCCCN3CC=C(c4ccccc4)CC3)c2c1,train
O=C(O)c1ccc2c(c1)C(=O)OC2=O,train
O=C(O)c1ccc2cc(C(=O)O)ccc2c1,train
O=C(O)c1ccc2cc(O)ccc2c1,train
O=C(O)c1ccc2ccccc2c1O.OCc1cc(C(O)CNCCCCCCOCCCCc2ccccc2)ccc1O,train
O=C(O)c1ccc[n+]([O-])c1,train
O=C(O)c1cccc(C(=O)O)c1,train
O=C(O)c1cccc(C(=O)O)c1C(=O)O,train
O=C(O)c1cccc(C(=O)O)n1,train
O=C(O)c1cccc(C(F)(F)F)c1,train
O=C(O)c1cccc(Cl)c1,train
O=C(O)c1cccc(Cl)c1Cl,train
O=C(O)c1cccc(Cl)n1,train
O=C(O)c1cccc(O)c1,train
O=C(O)c1cccc(Oc2ccccc2)c1,train
O=C(O)c1cccc([N+](=O)[O-])c1,train
O=C(O)c1ccccc1,train
O=C(O)c1ccccc1-c1ccc(C(F)(F)F)cc1,train
O=C(O)c1ccccc1C(=O)O,train
O=C(O)c1ccccc1C(=O)OCc1ccccc1,train
O=C(O)c1ccccc1C(c1ccc(O)cc1)c1ccc(O)cc1,train
O=C(O)c1ccccc1Cl,train
O=C(O)c1ccccc1Nc1cccc(C(F)(F)F)c1,train
O=C(O)c1ccccc1O,train
O=C(O)c1ccccc1O.OCCN(CCO)CCO,train
O=C(O)c1ccccc1OP(=O)(O)O,train
O=C(O)c1ccccc1S,train
O=C(O)c1ccccc1[N+](=O)[O-],train
O=C(O)c1ccccn1,train
O=C(O)c1cccnc1,train
O=C(O)c1cccnc1C(=O)O,train
O=C(O)c1cccnc1Nc1cccc(C(F)(F)F)c1,train
O=C(O)c1ccco1,train
O=C(O)c1ccncc1,train
O=C(O)c1cn(-c2ccc(F)cc2)c2cc(N3CCNCC3)c(F)cc2c1=O,train
O=C(O)c1cn(C2CC2)c2cc(N3CCNCC3)c(F)cc2c1=O,train
O=C(O)c1nc(Cl)c(Cl)c(Cl)c1Cl,train
O=C(O)c1nc(Cl)ccc1Cl,train
O=C(O)c1nn(Cc2ccc(Cl)cc2Cl)c2ccccc12,train
O=C(OCC(O)CO)c1ccccc1Nc1ccnc2c(C(F)(F)F)cccc12,train
O=C(OCC(O)CO)c1ccccc1Nc1ccnc2cc(Cl)ccc12,train
O=C(OCCO)c1ccccc1O,train
O=C(OCCOCCO)c1ccccc1Nc1cccc(C(F)(F)F)c1,train
O=C(OCCOCCOC(=O)c1ccccc1)c1ccccc1,train
O=C(OCCc1ccccc1)c1ccccc1,train
O=C(OCc1ccccc1)c1ccc(O)cc1,train
O=C(OCc1ccccc1)c1ccccc1,train
O=C(OCc1ccccc1)c1ccccc1O,train
O=C(O[C@@H](C(=O)O)[C@@H](OC(=O)c1ccccc1)C(=O)O)c1ccccc1,train
O=C(O[C@@H]1Cc2c(O)cc(O)cc2O[C@@H]1c1cc(O)c(O)c(O)c1)c1cc(O)c(O)c(O)c1,train
O=C(Oc1ccccc1)Oc1ccccc1,train
O=C(Oc1ccccc1)c1ccc(O)cc1,train
O=C(Oc1ccccc1)c1ccccc1,train
O=C(Oc1ccccc1)c1ccccc1O,train
O=C(Oc1ccccc1C(=O)O)c1ccccc1O,train
O=C([O-])C(=O)[O-].[Ca+2],train
O=C([O-])C(Cl)(Cl)Cl,train
O=C([O-])C(Cl)Cl,train
O=C([O-])C(F)(F)C(F)(F)C(F)(F)C(F)(F)C(F)(F)C(F)(F)C(F)(F)F,train
O=C([O-])C1=NN(c2ccc(S(=O)(=O)O)cc2)C(=O)C1,train
O=C([O-])CC(O)(CC(=O)O)C(=O)[O-],train
O=C([O-])CC(O)C(=O)[O-],train
O=C([O-])CC([S][Au])C(=O)[O-],train
O=C([O-])CCC(=O)OC[C@@H](NC(=O)C(Cl)Cl)[C@H](O)c1ccc([N+](=O)[O-])cc1,train
O=C([O-])CCC/C=C\C[C@@H]1[C@@H](/C=C/[C@@H](O)COc2cccc(Cl)c2)[C@H](O)C[C@@H]1O,train
O=C([O-])CCCOc1ccc(Cl)cc1Cl,train
O=C([O-])CCCc1ccccc1,train
O=C([O-])CCl,train
O=C([O-])CF,train
O=C([O-])CN(CCN(CC(=O)[O-])CC(=O)[O-])CC(=O)[O-].[Fe+3],train
O=C([O-])CNc1ccccc1,train
O=C([O-])COc1ccc(Cl)cc1Cl,train
O=C([O-])COc1nn(Cc2ccccc2)c2ccccc12,train
O=C([O-])CS,train
O=C([O-])Cc1cccc2ccccc12,train
O=C([O-])Cc1ccccc1Nc1c(Cl)cccc1Cl,train
O=C([O-])P(=O)([O-])[O-],train
O=C([O-])[C@H](O)[C@@H](O)[C@H](O)[C@H](O)CO,train
O=C([O-])[C@H](O)[C@@H](O)[C@H](O)[C@H](O)CO.O=C([O-])[C@H](O)[C@@H](O)[C@H](O)[C@H](O)CO.[Ba+2],train
O=C([O-])[C@H](O)[C@H](O)[C@@H](O)[C@H](O)[C@H](O)CO,train
O=C([O-])[O-].[Sr+2],train
O=C([O-])c1c(Cl)c(Cl)c(Cl)c(Cl)c1-c1c2cc(I)c(=O)c(I)c-2oc2c(I)c([O-])c(I)cc12,train
O=C([O-])c1cc(=O)c2c(OCC(O)COc3cccc4oc(C(=O)[O-])cc(=O)c34)cccc2o1,train
O=C([O-])c1cc(C(=O)O)cc(S(=O)(=O)O)c1,train
O=C([O-])c1cc(Oc2ccc(C(F)(F)F)cc2Cl)ccc1[N+](=O)[O-],train
O=C([O-])c1cccc([N+](=O)[O-])c1,train
O=C([O-])c1ccccc1,train
O=C([O-])c1ccccc1-c1c2cc(Br)c(=O)c(Br)c-2oc2c(Br)c([O-])c(Br)cc12,train
O=C([O-])c1ccccc1-c1c2cc(I)c(=O)c(I)c-2oc2c(I)c([O-])c(I)cc12,train
O=C([O-])c1ccccc1C(=O)O,train
O=C([O-])c1ccccc1Nc1cc(Cl)ccc1C(=O)[O-],train
O=C([O-])c1ccccc1O,train
O=C([O-])c1ccccc1O.O=C([O-])c1ccccc1O.[Zn+2],train
O=C([O-])c1nc(O)nc(O)n1,train
O=C(c1cc(O)c(O)c(O)c1)c1ccc(O)c(O)c1O,train
O=C(c1ccc(Cl)cc1)c1ccc(Cl)cc1,train
O=C(c1ccc(O)c(O)c1)c1ccc(O)cc1O,train
O=C(c1ccc(O)cc1)c1ccc(Cl)cc1,train
O=C(c1ccc(O)cc1)c1ccc(O)c(O)c1O,train
O=C(c1ccc(O)cc1)c1ccc(O)cc1,train
O=C(c1ccc(O)cc1)c1ccc(O)cc1O,train
O=C(c1ccc(O)cc1O)c1ccc(O)cc1O,train
O=C(c1ccccc1)C(O)c1ccccc1,train
O=C(c1ccccc1)c1cc(Cl)ccc1O,train
O=C(c1ccccc1)c1ccc(O)c(O)c1O,train
O=C(c1ccccc1)c1ccc(O)cc1,train
O=C(c1ccccc1)c1ccc(O)cc1O,train
O=C(c1ccccc1)c1cccc(O)c1,train
O=C(c1ccccc1)c1ccccc1,train
O=C(c1ccccc1)c1ccccc1O,train
O=C(c1ccccc1O)c1ccccc1O,train
O=C/C(Cl)=C(/Cl)C(=O)O,train
O=C/C=C/c1ccccc1,train
O=C/C=C/c1ccco1,train
O=C1/C(=C2\Nc3ccc(S(=O)(=O)O)cc3C2=O)Nc2ccc(S(=O)(=O)O)cc21,train
O=C1/C(=C2\Nc3ccc(S(=O)(=O)[O-])cc3C2=O)Nc2ccc(S(=O)(=O)[O-])cc21,train
O=C1/C(=C2\Nc3ccccc3C2=O)Nc2ccccc21,train
O=C1C(=O)c2ncccc2-c2cccnc21,train
O=C1C(Cl)=C(Cl)C(=O)C(Cl)=C1Cl,train
O=C1C(Cl)=C(Cl)C(=O)c2ccccc21,train
O=C1C(I)=CC(=C(c2cc(I)c(O)c(I)c2)c2ccccc2C(=O)O)C=C1I,train
O=C1C(I)=CC(=C(c2cc(I)c([O-])c(I)c2)c2ccccc2C(=O)[O-])C=C1I,train
O=C1C(N(CO)C(=O)NCO)N(CO)C(=O)N1CO,train
O=C1C(O)=C(O)C(=O)C(O)=C1O,train
O=C1C(O)=C([C@H]2CC[C@H](c3ccc(Cl)cc3)CC2)C(=O)c2ccccc21,train
O=C1C2CC=CCC2C(=O)N1SC(Cl)(Cl)C(Cl)Cl,train
O=C1C2CC=CCC2C(=O)N1SC(Cl)(Cl)Cl,train
O=C1C=C2C=C[C@@H]3C[C@@]2(O1)[C@H]1CCCCN31,train
O=C1C=CC(=O)C=C1,train
O=C1C=CC(=O)N1,train
O=C1C=CCCC1,train
O=C1CC(=O)NC(=O)N1,train
O=C1CCC(=O)N1CO,train
O=C1CCC(=O)N1Cl,train
O=C1CCC(=O)O1,train
O=C1CCC(N2C(=O)c3ccccc3C2=O)C(=O)N1,train
O=C1CCCC1,train
O=C1CCCCC1,train
O=C1CCCCC1Cl,train
O=C1CCCCCCCCCCC(=O)OCCO1,train
O=C1CCCCCN1,train
O=C1CCCCCO1,train
O=C1CCCCO1,train
O=C1CCCN1,train
O=C1CCCN1CCO,train
O=C1CCCO1,train
O=C1CCCc2c(O)cccc21,train
O=C1CCCc2ccccc21,train
O=C1CCN(c2ccccc2)N1,train
O=C1CC[C@@H](C(=O)O)N1,train
O=C1CN(N=Cc2ccc(-c3ccc([N+](=O)[O-])cc3)o2)C(=O)[N-]1,train
O=C1CN2CCOC2(c2ccccc2Cl)c2cc(Cl)ccc2N1,train
O=C1CN=C(c2ccccc2)c2cc(Cl)ccc2N1,train
O=C1CN=C(c2ccccc2)c2cc(Cl)ccc2N1CC1CC1,train
O=C1CN=C(c2ccccc2)c2cc([N+](=O)[O-])ccc2N1,train
O=C1C[C@@H]2OCC=C3CN4CC[C@]56c7ccccc7N1[C@H]5[C@H]2[C@H]3C[C@H]46,train
O=C1C[C@@H]2OCC=C3CN4CC[C@]56c7ccccc7N1[C@H]5[C@H]2[C@H]3C[C@H]46.O=C1C[C@@H]2OCC=C3CN4CC[C@]56c7ccccc7N1[C@H]5[C@H]2[C@H]3C[C@H]46,train
O=C1C[N+]([O-])=C(c2ccccc2)c2cc(Cl)ccc2N1,train
O=C1Cc2cc(Cl)ccc2N1,train
O=C1NC(=O)C(c2ccccc2)(c2ccccc2)N1,train
O=C1NC(=O)C2CC=CCC12,train
O=C1NC(=O)[C@@H]2CC=CC[C@H]12,train
O=C1NC(=O)[C@@]2(CCOc3ccc(F)cc32)N1,train
O=C1NC(=O)c2cc([N+](=O)[O-])ccc21,train
O=C1NC(=O)c2cccc3cccc1c23,train
O=C1NC(=O)c2ccccc21,train
O=C1NC(c2ccccc2)(c2ccccc2)C(=O)N1COP(=O)(O)O,train
O=C1NCC2(CCN(CCc3ccccc3)CC2)O1,train
O=C1NCCN1,train
O=C1NCCN1CCO,train
O=C1Nc2ccc(Cl)cc2C(c2ccccc2)=NC1O,train
O=C1Nc2ccc(Cl)cc2C(c2ccccc2Cl)=NC1O,train
O=C1Nc2ccc([N+](=O)[O-])cc2C1=O,train
O=C1Nc2ccccc2C1(c1ccc(O)cc1)c1ccc(O)cc1,train
O=C1Nc2ccccc2C1=O,train
O=C1OC(=O)C2C3C=CC(C3)C12,train
O=C1OC(=O)c2c(Br)c(Br)c(Br)c(Br)c21,train
O=C1OC(=O)c2c(Cl)c(Cl)c(Cl)c(Cl)c21,train
O=C1OC(=O)c2cc([N+](=O)[O-])ccc21,train
O=C1OC(=O)c2ccccc21,train
O=C1OC(O)C(C(Cl)Cl)=C1Cl,train
O=C1OC(OC(=O)c2cccnc2Nc2cccc(C(F)(F)F)c2)c2ccccc21,train
O=C1OC(c2ccc(O)c(S(=O)(=O)[O-])c2)(c2ccc(O)c(S(=O)(=O)[O-])c2)c2c(Br)c(Br)c(Br)c(Br)c21,train
O=C1OC(c2ccc(O)cc2)(c2ccc(O)cc2)c2ccccc21,train
O=C1OC2(c3cc(Br)c(O)c(Br)c3Oc3c2cc(Br)c(O)c3Br)c2c(Cl)c(Cl)c(Cl)c(Cl)c21,train
O=C1OC2(c3cc(Br)c([O-])cc3Oc3c2cc(Br)c([O-])[c]3[Hg][OH])c2ccccc21,train
O=C1OC2(c3ccc(O)cc3Oc3cc(O)ccc32)c2ccccc21,train
O=C1OC2(c3ccc([O-])cc3Oc3cc([O-])ccc32)c2ccccc21,train
O=C1OC2(c3ccccc31)c1cc(Br)c(O)c(Br)c1Oc1c2cc(Br)c(O)c1Br,train
O=C1OC2(c3ccccc31)c1cc(I)c(O)c(I)c1Oc1c2cc(I)c(O)c1I,train
O=C1OCCO1,train
O=C1O[C@H](CO)[C@@H](O)[C@H](O)[C@H]1O,train
O=C1O[C@H]([C@@H](O)CO)C(O)=C1O,train
O=C1O[C@H]([C@@H](O)CO)C([O-])=C1O,train
O=C1O[C@H]([C@H](O)CO)C(O)=C1O,train
O=C1O[C@H]([C@H](O)CO)C([O-])=C1O,train
O=C1[C@H](CC[C@H](O)c2ccc(F)cc2)[C@@H](c2ccc(O)cc2)N1c1ccc(F)cc1,train
O=C1c2c(O)ccc(Nc3ccc(CCO)cc3)c2C(=O)c2c([N+](=O)[O-])ccc(O)c21,train
O=C1c2c(O)ccc(O)c2C(=O)c2c(NCCNCCO)ccc(NCCNCCO)c21,train
O=C1c2c(O)ccc([N+](=O)[O-])c2C(=O)c2c([N+](=O)[O-])ccc(O)c21,train
O=C1c2c(O)cccc2Cc2cccc(O)c21,train
O=C1c2c(O)cccc2[C@H]([C@@H]2O[C@H](CO)[C@@H](O)[C@H](O)[C@H]2O)c2cc(CO)cc(O)c21,train
O=C1c2cccc(O)c2C(=O)c2c(O)cc(CO)cc21,train
O=C1c2cccc(O)c2C(=O)c2c(O)cccc21,train
O=C1c2ccccc2-c2ccccc21,train
O=C1c2ccccc2C(=O)C1(O)O,train
O=C1c2ccccc2C(=O)C1C(=O)C(c1ccccc1)c1ccc(Cl)cc1,train
O=C1c2ccccc2C(=O)C1C(=O)C(c1ccccc1)c1ccccc1,train
O=C1c2ccccc2C(=O)C1c1ccc(Br)cc1,train
O=C1c2ccccc2C(=O)C1c1ccc(Cl)cc1,train
O=C1c2ccccc2C(=O)C1c1ccc2cc(S(=O)(=O)[O-])cc(S(=O)(=O)[O-])c2n1,train
O=C1c2ccccc2C(=O)C1c1ccc2ccccc2n1,train
O=C1c2ccccc2C(=O)C1c1ccccc1,train
O=C1c2ccccc2C(=O)C1c1nc2ccccc2c(Br)c1O,train
O=C1c2ccccc2C(=O)N1CCl,train
O=C1c2ccccc2C(=O)N1CO,train
O=C1c2ccccc2C(=O)N1SC(Cl)(Cl)Cl,train
O=C1c2ccccc2C(=O)N1SC1CCCCC1,train
O=C1c2ccccc2C(=O)c2c(O)c(O)cc(O)c21,train
O=C1c2ccccc2C(=O)c2c(O)ccc(O)c21,train
O=C1c2ccccc2C(=O)c2c1ccc(O)c2O,train
O=C1c2ccccc2C(=O)c2cc(Cl)ccc21,train
O=C1c2ccccc2C(=O)c2cc(O)ccc21,train
O=C1c2ccccc2C(=O)c2cc(S(=O)(=O)[O-])ccc21,train
O=C1c2ccccc2C(=O)c2ccccc21,train
O=C1c2ccccc2CN2C(=O)c3ccccc3CN12,train
O=C1c2ccccc2Cc2ccccc21,train
O=C=NC1CCC(CC2CCC(N=C=O)CC2)CC1,train
O=C=NC1CCCCC1,train
O=C=NCC1CCCC(CN=C=O)C1,train
O=C=NCCCCCCN=C=O,train
O=C=Nc1ccc(Cc2ccc(N=C=O)cc2)cc1,train
O=C=Nc1ccc(Cl)c(Cl)c1,train
O=C=Nc1ccc(Cl)cc1,train
O=C=Nc1cccc(C(F)(F)F)c1,train
O=CC(=O)c1ccccc1,train
O=CC(Br)(Br)Br,train
O=CC1CC=CCC1,train
O=CC=C(c1ccccc1)c1ccccc1,train
O=CC=Cc1ccccc1,train
O=CC=O,train
O=CCCCC=O,train
O=CCCc1ccccc1,train
O=CCCl,train
O=CCc1ccccc1,train
O=CN(CCO)CCO,train
O=CN1CCCCC1,train
O=CN1CCOCC1,train
O=CNNC=O,train
O=CNc1ccccc1,train
O=C[C@@H](O)[C@H](O)[C@H](O)CO,train
O=C[O-],train
O=Cc1c(Cl)cccc1Cl,train
O=Cc1c2ccccc2c(Cl)c2ccccc12,train
O=Cc1cc(O)ccc1Br,train
O=Cc1cc2ccccc2o1,train
O=Cc1ccc(C(=O)O)cc1,train
O=Cc1ccc(CO)o1,train
O=Cc1ccc(Cl)c(Cl)c1,train
O=Cc1ccc(Cl)c([N+](=O)[O-])c1,train
O=Cc1ccc(Cl)cc1,train
O=Cc1ccc(Cl)cc1Cl,train
O=Cc1ccc(F)c(Br)c1,train
O=Cc1ccc(F)cc1,train
O=Cc1ccc(O)c(O)c1O,train
O=Cc1ccc([N+](=O)[O-])cc1,train
O=Cc1ccc2c(c1)OCO2,train
O=Cc1cccc(Br)c1,train
O=Cc1cccc(Oc2ccccc2)c1,train
O=Cc1cccc([N+](=O)[O-])c1,train
O=Cc1ccccc1,train
O=Cc1ccccc1C=O,train
O=Cc1ccccc1Cl,train
O=Cc1ccccc1O,train
O=Cc1ccccc1S(=O)(=O)[O-],train
O=Cc1ccccc1[N+](=O)[O-],train
O=Cc1ccco1,train
O=NN(CCCl)C(=O)NC1CCCCC1,train
O=NN(CCCl)C(=O)NCCCl,train
O=NN(CCO)CCO,train
O=NN([O-])c1ccccc1,train
O=NN(c1ccccc1)c1ccccc1,train
O=NN1CCCC1,train
O=NN1CCCCC1,train
O=NN1CCCCCC1,train
O=NN1CCCCCCC1,train
O=NN1CCN(N=O)CC1,train
O=NN1CCNCC1,train
O=NN1CCOCC1,train
O=N[O-],train
O=Nc1ccc(Nc2ccccc2)cc1,train
O=Nc1ccc(O)cc1,train
O=P(Cl)(Cl)Cl,train
O=P(Cl)(Oc1ccccc1)Oc1ccccc1,train
O=P(O)(O)CCCl,train
O=P(O)(O)CN(CP(=O)(O)O)CP(=O)(O)O,train
O=P(O)(O)O,train
O=P(O)(O)OC(Cn1cncn1)(Cn1cncn1)c1ccc(F)cc1F,train
O=P(O)(O)Oc1ccccc1,train
O=P(O)(O)c1ccccc1,train
O=P(O)(Oc1ccccc1)Oc1ccccc1,train
O=P(OC(CCl)CCl)(OC(CCl)CCl)OC(CCl)CCl,train
O=P(OCC(Br)CBr)(OCC(Br)CBr)OCC(Br)CBr,train
O=P(OCCCl)(OCCCl)OCCCl,train
O=P(Oc1ccccc1)(Oc1ccccc1)Oc1ccccc1,train
O=P([O-])(O)C(Cl)(Cl)P(=O)([O-])O,train
O=P([O-])(O)C(O)(Cc1cccnc1)P(=O)([O-])O,train
O=P([O-])(O)C(Sc1ccc(Cl)cc1)P(=O)([O-])O,train
O=P([O-])(O)OP(=O)([O-])O,train
O=P([O-])([O-])OC(CO)CO,train
O=P([O-])([O-])OC[C@@]1(O)O[C@H](COP(=O)([O-])O)[C@@H](O)[C@@H]1O,train
O=P([O-])([O-])OP(=O)([O-])[O-],train
O=P1(N(CCCl)CCCl)NC(OO)CCO1,train
O=P1(N(CCCl)CCCl)NCCCO1,train
O=P1(NCCCl)OCCCN1CCCl,train
O=S(=O)(Cl)Cl,train
O=S(=O)(Cl)c1c(Cl)cccc1Cl,train
O=S(=O)(Cl)c1ccccc1,train
O=S(=O)(O)C(F)(F)C(F)(F)C(F)(F)C(F)(F)C(F)(F)C(F)(F)C(F)(F)C(F)(F)F,train
O=S(=O)(O)C(F)(F)F,train
O=S(=O)(O)CCCN1CCOCC1,train
O=S(=O)(O)F,train
O=S(=O)(O)NC1CCCCC1,train
O=S(=O)(O)O,train
O=S(=O)(O)c1cc(Cl)c(Cl)cc1Cl,train
O=S(=O)(O)c1cc(I)c(O)c2ncccc12,train
O=S(=O)(O)c1cc(O)c2ccc(Nc3ccccc3)cc2c1,train
O=S(=O)(O)c1ccc(Cl)cc1,train
O=S(=O)(O)c1ccc(O)c2ncccc12,train
O=S(=O)(O)c1ccc(O)cc1,train
O=S(=O)(O)c1ccc2ccccc2c1,train
O=S(=O)(O)c1ccccc1,train
O=S(=O)(O)c1ccccc1O,train
O=S(=O)(Oc1ccc(Cl)cc1)c1ccc(Cl)cc1,train
O=S(=O)(Oc1ccc(Cl)cc1)c1ccccc1,train
O=S(=O)(Oc1ccc(Cl)cc1Cl)c1ccccc1,train
O=S(=O)([O-])C(F)(F)C(F)(F)C(F)(F)C(F)(F)C(F)(F)C(F)(F)C(F)(F)C(F)(F)F,train
O=S(=O)([O-])C(F)(F)C(F)(F)C(F)(F)C(F)(F)C(F)(F)C(F)(F)F,train
O=S(=O)([O-])CC(O)CCl,train
O=S(=O)([O-])CC(S)CS,train
O=S(=O)([O-])CCCS(=O)(=O)[O-],train
O=S(=O)([O-])CCN1CCN(CCO)CC1,train
O=S(=O)([O-])CCO,train
O=S(=O)([O-])CCS,train
O=S(=O)([O-])CO,train
O=S(=O)([O-])NC1CCCCC1,train
O=S(=O)([O-])O.[Na+],train
O=S(=O)([O-])OOS(=O)(=O)[O-],train
O=S(=O)([O-])SSS(=O)(=O)[O-],train
O=S(=O)([O-])[O-].[Li+].[Li+],train
O=S(=O)([O-])[O-].[Na+].[Na+],train
O=S(=O)([O-])[S-],train
O=S(=O)([O-])c1cc(O)c(O)c(S(=O)(=O)[O-])c1,train
O=S(=O)([O-])c1cc(O)ccc1O,train
O=S(=O)([O-])c1cc(S(=O)(=O)[O-])c2c(/N=N/c3ccccc3)c(O)ccc2c1,train
O=S(=O)([O-])c1ccc(/N=N/c2c(O)ccc3cc(S(=O)(=O)[O-])ccc23)cc1,train
O=S(=O)([O-])c1ccc(N=Nc2c(O)ccc3ccccc23)cc1,train
O=S(=O)([O-])c1ccc(O)cc1,train
O=S(=O)([O-])c1ccc2cc(O)c(S(=O)(=O)[O-])cc2c1,train
O=S(=O)([O-])c1ccc2cc(O)ccc2c1,train
O=S(=O)([O-])c1ccc2ccccc2c1,train
O=S(=O)([O-])c1cccc(S(=O)(=O)[O-])c1,train
O=S(=O)([O-])c1cccc2ccccc12,train
O=S(=O)(c1ccc(Cl)cc1)c1cc(Cl)c(Cl)cc1Cl,train
O=S(=O)(c1ccc(Cl)cc1)c1ccc(Cl)cc1,train
O=S(=O)(c1ccc(O)cc1)c1ccc(O)cc1,train
O=S(=O)(c1cccc2cnccc12)N1CCCNCC1,train
O=S(=O)(c1ccccc1)c1ccc(Cl)cc1,train
O=S(=O)(c1ccccc1)c1ccccc1,train
O=S(O)C[O][Na],train
O=S([O-])CNc1ccc(S(=O)(=O)c2ccc(NCS(=O)[O-])cc2)cc1,train
O=S([O-])CO,train
O=S1(=O)CC(Cl)(Cl)C(Cl)(Cl)C1,train
O=S1(=O)CCCC1,train
O=S1(=O)OC(c2cc(Br)c(O)c(Br)c2)(c2cc(Br)c(O)c(Br)c2)c2ccccc21,train
O=S1(=O)OC(c2ccc(O)cc2)(c2ccc(O)cc2)c2ccccc21,train
O=S1(=O)OC(c2ccc([O-])cc2)(c2ccc(O)cc2)c2ccccc21,train
O=S1(=O)OCC2C(CO1)C1(Cl)C(Cl)=C(Cl)C2(Cl)C1(Cl)Cl,train
O=S1(=O)c2cccc3cccc(c23)N1CCCN1CCN(c2ccc(F)cc2)CC1,train
O=S1OCC2C(CO1)C1(Cl)C(Cl)=C(Cl)C2(Cl)C1(Cl)Cl,train
O=S1OC[C@@H]2[C@H](CO1)[C@]1(Cl)C(Cl)=C(Cl)[C@@]2(Cl)C1(Cl)Cl,train
O=[N+]([O-])/C=C/c1ccccc1,train
O=[N+]([O-])C(Br)(CO)CO,train
O=[N+]([O-])C(Br)Br,train
O=[N+]([O-])C(CO)(CO)CO,train
O=[N+]([O-])C(Cl)(Cl)Cl,train
O=[N+]([O-])C([N+](=O)[O-])([N+](=O)[O-])[N+](=O)[O-],train
O=[N+]([O-])C1(Br)COCOC1,train
O=[N+]([O-])C=Cc1ccccc1,train
O=[N+]([O-])CCO,train
O=[N+]([O-])OCC(CO[N+](=O)[O-])(CO[N+](=O)[O-])CO[N+](=O)[O-],train
O=[N+]([O-])OCCN(CCO[N+](=O)[O-])CCO[N+](=O)[O-],train
O=[N+]([O-])O[C@@H]1CO[C@H]2[C@@H]1OC[C@@H]2O,train
O=[N+]([O-])O[C@H]1CO[C@H]2[C@@H]1OC[C@H]2O[N+](=O)[O-],train
O=[N+]([O-])[O-].O=[N+]([O-])[O-].[Ca+2],train
O=[N+]([O-])[O-].[K+],train
O=[N+]([O-])[O-].[NH4+],train
O=[N+]([O-])[O-].[Na+],train
O=[N+]([O-])[O][Cd][O][N+](=O)[O-],train
O=[N+]([O-])c1c(Cl)c(Cl)c(Cl)c(Cl)c1Cl,train
O=[N+]([O-])c1c(Cl)c(Cl)cc(Cl)c1Cl,train
O=[N+]([O-])c1c(Cl)cc(Cl)cc1Cl,train
O=[N+]([O-])c1cc(C(F)(F)F)c(Cl)c([N+](=O)[O-])c1Cl,train
O=[N+]([O-])c1cc(C(F)(F)F)c(Cl)c([N+](=O)[O-])c1Nc1ncc(C(F)(F)F)cc1Cl,train
O=[N+]([O-])c1cc(C(F)(F)F)cc([N+](=O)[O-])c1Cl,train
O=[N+]([O-])c1cc(C(F)(F)F)ccc1Cl,train
O=[N+]([O-])c1cc(C2CCCCC2)c(O)c([N+](=O)[O-])c1,train
O=[N+]([O-])c1cc(Cl)c(Cl)c(Cl)c1,train
O=[N+]([O-])c1cc(Cl)c(Cl)c(Cl)c1Cl,train
O=[N+]([O-])c1cc(Cl)c(Cl)cc1Cl,train
O=[N+]([O-])c1cc(I)c(O)c(I)c1,train
O=[N+]([O-])c1cc(N(CCO)CCO)ccc1NCCO,train
O=[N+]([O-])c1cc([As](=O)(O)O)ccc1O,train
O=[N+]([O-])c1cc([N+](=O)[O-])c2ccc(S(=O)(=O)O)cc2c1O,train
O=[N+]([O-])c1cc([N+](=O)[O-])c2ccccc2c1,train
O=[N+]([O-])c1cc[n+]([O-])cc1,train
O=[N+]([O-])c1ccc(-c2nnc(O)o2)o1,train
O=[N+]([O-])c1ccc(C=Cc2ccc([N+](=O)[O-])cc2S(=O)(=O)[O-])c(S(=O)(=O)[O-])c1,train
O=[N+]([O-])c1ccc(C=NO)o1,train
O=[N+]([O-])c1ccc(CBr)cc1,train
O=[N+]([O-])c1ccc(CCO)cc1,train
O=[N+]([O-])c1ccc(CCl)cc1,train
O=[N+]([O-])c1ccc(Cl)c(Cl)c1,train
O=[N+]([O-])c1ccc(Cl)c(Cl)c1Cl,train
O=[N+]([O-])c1ccc(Cl)c([N+](=O)[O-])c1,train
O=[N+]([O-])c1ccc(Cl)cc1,train
O=[N+]([O-])c1ccc(Cl)cc1Cl,train
O=[N+]([O-])c1ccc(F)c(Cl)c1,train
O=[N+]([O-])c1ccc(F)c([N+](=O)[O-])c1,train
O=[N+]([O-])c1ccc(F)cc1F,train
O=[N+]([O-])c1ccc(NCCO)c(OCCO)c1,train
O=[N+]([O-])c1ccc(Nc2ccccc2)cc1,train
O=[N+]([O-])c1ccc(O)c([N+](=O)[O-])c1,train
O=[N+]([O-])c1ccc(O)c2ncccc12,train
O=[N+]([O-])c1ccc(O)cc1,train
O=[N+]([O-])c1ccc(O)cc1C(F)(F)F,train
O=[N+]([O-])c1ccc(O/N=C/c2cc(Br)c(O)c(Br)c2)c([N+](=O)[O-])c1,train
O=[N+]([O-])c1ccc(Oc2ccc(C(F)(F)F)cc2[N+](=O)[O-])cc1,train
O=[N+]([O-])c1ccc(Oc2ccc(Cl)cc2Cl)cc1,train
O=[N+]([O-])c1ccc(Oc2ccc(N=C=S)cc2)cc1,train
O=[N+]([O-])c1ccc(Oc2ccc([N+](=O)[O-])cc2)cc1,train
O=[N+]([O-])c1ccc(S(=O)(=O)O)c([N+](=O)[O-])c1,train
O=[N+]([O-])c1ccc([As](=O)(O)O)cc1,train
O=[N+]([O-])c1ccc([O-])cc1,train
O=[N+]([O-])c1ccc2[nH]cnc2c1,train
O=[N+]([O-])c1ccc2c(c1)Cc1ccccc1-2,train
O=[N+]([O-])c1ccc2c3c(cccc13)CC2,train
O=[N+]([O-])c1ccc2ccc3cccc4ccc1c2c34,train
O=[N+]([O-])c1ccc2ncccc2c1,train
O=[N+]([O-])c1cccc(C(F)(F)F)c1,train
O=[N+]([O-])c1cccc(CCl)c1,train
O=[N+]([O-])c1cccc(Cl)c1,train
O=[N+]([O-])c1cccc(Cl)c1Cl,train
O=[N+]([O-])c1cccc(I)c1,train
O=[N+]([O-])c1cccc(O)c1,train
O=[N+]([O-])c1cccc(S(=O)(=O)[O-])c1,train
O=[N+]([O-])c1cccc([N+](=O)[O-])c1,train
O=[N+]([O-])c1cccc2c([N+](=O)[O-])cccc12,train
O=[N+]([O-])c1cccc2cccc([N+](=O)[O-])c12,train
O=[N+]([O-])c1cccc2ccccc12,train
O=[N+]([O-])c1cccc2cccnc12,train
O=[N+]([O-])c1ccccc1,train
O=[N+]([O-])c1ccccc1-c1ccccc1,train
O=[N+]([O-])c1ccccc1C(F)(F)F,train
O=[N+]([O-])c1ccccc1CCO,train
O=[N+]([O-])c1ccccc1CCl,train
O=[N+]([O-])c1ccccc1Cl,train
O=[N+]([O-])c1ccccc1Nc1ccccc1,train
O=[N+]([O-])c1ccccc1O,train
O=[N+]([O-])c1ccccc1[N+](=O)[O-],train
O=[N+]([O-])c1ccccc1[O-],train
O=[N+]([O-])c1nccn1CO[C@@H](CO)[C@H](O)CO,train
O=[PH](O)c1ccccc1,train
O=[PH](Oc1ccccc1)Oc1ccccc1,train
O=[PH]1Oc2ccccc2-c2ccccc21,train
O=[Se](O)O,train
O=[Se]([O-])[O-],train
O=[Se]=O,train
O=[Si]=O,train
O=c1[nH]c(=O)c2ccccc2o1,train
O=c1[nH]c(=O)n(C2CCCO2)cc1F,train
O=c1[nH]c(=O)n(Cl)c(=O)n1Cl,train
O=c1[nH]c(=O)n([C@H]2C[C@H](O)[C@@H](CO)O2)cc1/C=C/Br,train
O=c1[nH]c(=O)n([C@H]2C[C@H](O)[C@@H](CO)O2)cc1Br,train
O=c1[nH]c(=O)n([C@H]2C[C@H](O)[C@@H](CO)O2)cc1C(F)(F)F,train
O=c1[nH]c(=O)n([C@H]2C[C@H](O)[C@@H](CO)O2)cc1F,train
O=c1[nH]c(=O)n([C@H]2C[C@H](O)[C@@H](CO)O2)cc1I,train
O=c1[nH]c(=O)n([C@H]2O[C@H](CO)[C@@H](O)[C@@H]2O)cc1/C=C\Br,train
O=c1[nH]c2cc(C(F)(F)F)c(N3CCOCC3)cc2n(CP(=O)(O)O)c1=O,train
O=c1[nH]c2cc(Cl)ccc2n1C1CCNCC1,train
O=c1[nH]c2cc(Cl)ccc2o1,train
O=c1[nH]c2ccc(Cl)cc2o1,train
O=c1[nH]c2ccccc2c(=O)n1CCCl,train
O=c1[nH]c2ccccc2n1C1CCNCC1,train
O=c1[nH]c2ccccc2n1CCCN1CCN(C(c2ccccc2)c2ccccc2)CC1,train
O=c1[nH]c2ccccc2o1,train
O=c1[nH]cc(F)c(=O)[nH]1,train
O=c1[nH]cnc2nc[nH]c12,train
O=c1[nH]sc2cc(Cl)ccc12,train
O=c1[nH]sc2ccccc12,train
O=c1c(-c2ccc(O)cc2)coc2cc(O)cc(O)c12,train
O=c1c(-c2ccc(O)cc2)coc2cc(O)ccc12,train
O=c1c(O)c(-c2ccc(O)c(O)c2)oc2cc(O)cc(O)c12,train
O=c1c(O)c(-c2ccc(O)cc2)oc2cc(O)cc(O)c12,train
O=c1c(O)c(-c2ccc(O)cc2O)oc2cc(O)cc(O)c12,train
O=c1cc(-c2ccc(O)cc2)oc2cc(O)cc(O)c12,train
O=c1cc(-c2ccccc2)oc2cc(O)cc(O)c12,train
O=c1cc(-c2ccccc2)oc2ccccc12,train
O=c1cc(CO)occ1O,train
O=c1cc(O)c(Cl)c[nH]1,train
O=c1cc[nH]c(=O)[nH]1,train
O=c1cc[nH]c(=S)[nH]1,train
O=c1ccc2ccccc2o1,train
O=c1n(CCO)c(=O)n(CCO)c(=O)n1CCO,train
O=c1n(Cl)c(=O)n(Cl)c(=O)n1Cl,train
O=c1oc2ccccc2c(O)c1Cc1c(O)c2ccccc2oc1=O,train
OB(O)O,train
OB(O)[O][Hg][c]1ccccc1,train
OC(CCl)CCl,train
OC(CN1CCC(Cc2ccc(F)cc2)CC1)c1ccc(Cl)cc1,train
OC(Cn1cncn1)(Cn1cncn1)c1ccc(F)cc1F,train
OC(O)C(Cl)(Cl)Cl,train
OC(c1ccc(Cl)cc1)(c1ccc(Cl)cc1)C(Cl)(Cl)Cl,train
OC(c1ccc(Cl)cc1)(c1cncnc1)c1ccccc1Cl,train
OC(c1ccc(F)cc1)(c1cncnc1)c1ccccc1Cl,train
OC/C=C/CO,train
OC1(c2ccc(Cl)cc2)CCNCC1,train
OC1(c2ccccc2)CCNCC1,train
OC1CCC(C2CCCCC2)CC1,train
OC1CCCC1,train
OC1CCCCC1,train
OC1CCCCC1c1ccccc1,train
OC1CCCCCCCCCCC1,train
OC1CCCc2ccccc21,train
OC1OCCOC1O,train
OC1OC[C@@H](O)[C@H](O)[C@@H]1O,train
OC1OC[C@@H](O)[C@H](O)[C@H]1O,train
OCC#CCO,train
OCC(Br)=C(Br)CO,train
OCC(Br)CBr,train
OCC(CBr)(CBr)CBr,train
OCC(CO)(CBr)CBr,train
OCC(CO)(CO)CO,train
OCC(CO)(CO)COCC(CO)(CO)CO,train
OCC(CO)N[C@H]1C[C@](O)(CO)[C@@H](O)[C@H](O)[C@H]1O,train
OCC(Cl)CCl,train
OCC(F)(F)F,train
OCC(O)CCl,train
OCC(O)CN1CCN(c2ccccc2)CC1,train
OCC(O)CO,train
OCC(O)COc1ccc(Cl)cc1,train
OCC(O)CS,train
OCC(O)c1ccccc1,train
OCC(S)CS,train
OCC(c1ccc(Cl)cc1)c1ccc(Cl)cc1,train
OCC1(CO)COC(C(Cl)(Cl)Cl)OC1,train
OCC1(CO)COCOC1,train
OCC1CC2CC1C1CCC(CO)C21,train
OCC1CC=CCC1,train
OCC1CCC(CO)CC1,train
OCC1CCCO1,train
OCC1CO1,train
OCC=Cc1ccccc1,train
OCCBr,train
OCCC(F)(F)C(F)(F)C(F)(F)C(F)(F)C(F)(F)C(F)(F)C(F)(F)C(F)(F)F,train
OCCC(F)(F)C(F)(F)C(F)(F)C(F)(F)C(F)(F)C(F)(F)F,train
OCCC1CCCCN1,train
OCCCBr,train
OCCCC1CCCCC1,train
OCCCCC(O)CO,train
OCCCCCCCCCCCCBr,train
OCCCCCCCl,train
OCCCCCCO,train
OCCCCCO,train
OCCCCO,train
OCCCO,train
OCCCc1ccccc1,train
OCCCl,train
OCCN(CCO)CCN(CCO)CCO,train
OCCN(CCO)CCO,train
OCCN(CCO)c1cccc(Cl)c1,train
OCCN(CCO)c1ccccc1,train
OCCN1CCN(CC/C=C2/c3ccccc3Sc3ccc(C(F)(F)F)cc32)CC1,train
OCCN1CCN(CC/C=C2/c3ccccc3Sc3ccc(Cl)cc32)CC1,train
OCCN1CCN(CCCN2c3ccccc3Sc3ccc(C(F)(F)F)cc32)CC1,train
OCCN1CCN(CCCN2c3ccccc3Sc3ccc(Cl)cc32)CC1,train
OCCN1CCN(CCO)CC1,train
OCCN1CCNCC1,train
OCCN1CCOCC1,train
OCCN1C[C@H](O)[C@@H](O)[C@H](O)[C@H]1CO,train
OCCNCCO,train
OCCNCc1ccccc1,train
OCCO,train
OCCOCC#CCOCCO,train
OCCOCCN1CCN(C(c2ccccc2)c2ccc(Cl)cc2)CC1,train
OCCOCCN1CCN(C2=Nc3ccccc3Sc3ccccc32)CC1,train
OCCOCCN1CCN(C2=Nc3ccccc3Sc3ccccc32)CC1.OCCOCCN1CCN(C2=Nc3ccccc3Sc3ccccc32)CC1,train
OCCOCCO,train
OCCOCCOCCO,train
OCCOCCOCCOCCO,train
OCCOCCOCCOCCOCCO,train
OCCO[C@@H]1[C@@H](O)[C@H](O)[C@@H](CO)O[C@@H]1O,train
OCCOc1cccc(OCCO)c1,train
OCCOc1ccccc1,train
OCCSCCO,train
OCCSCSCCO,train
OCCSSCCO,train
OCCSc1ccccc1,train
OCCc1ccccc1,train
OCCc1ccccn1,train
OCCc1ccncc1,train
OC[C@@H](O)C(O)[C@H](O)CO,train
OC[C@@H](O)[C@@H](O)CO,train
OC[C@@H](O)[C@@H](O)[C@H](O)[C@@H](O)CO,train
OC[C@@H](O)[C@@H](O)[C@H](O)[C@H](O)CO,train
OC[C@@H](O)[C@@H](O)[C@H](O)[C@H](O)CO[C@H]1O[C@H](CO)[C@@H](O)[C@H](O)[C@H]1O,train
OC[C@@H](O)[C@@H](O[C@@H]1O[C@H](CO)[C@H](O)[C@H](O)[C@H]1O)[C@H](O)[C@@H](O)CO,train
OC[C@@H](O)[C@H](O)[C@@H](O)CO,train
OC[C@@H](O)[C@H](O)[C@@H](O)[C@@H](O)CO,train
OC[C@@H](O)[C@H](O)[C@H](O)[C@@H](O)CO,train
OC[C@@H](O)[C@H]1O[C@@H]2O[C@@H](C(Cl)(Cl)Cl)O[C@@H]2[C@H]1O,train
OC[C@@H](O)[C@H]1O[C@@H]2O[C@H](C(Cl)(Cl)Cl)O[C@@H]2[C@H]1O,train
OC[C@H](Cc1cccc(O)c1)[C@H](CO)Cc1cccc(O)c1,train
OC[C@H]1OC(O)[C@H](O)[C@@H](O)[C@@H]1O,train
OC[C@H]1OC(O)[C@H](O)[C@@H](O)[C@H]1O,train
OC[C@H]1OC([S][Au])[C@H](O)[C@@H](O)[C@@H]1O,train
OC[C@H]1O[C@@H](O[C@H]2[C@H](O)[C@@H](O)[C@H](O)O[C@@H]2CO)[C@H](O)[C@@H](O)[C@@H]1O,train
OC[C@H]1O[C@@H](O[C@H]2[C@H](O)[C@@H](O)[C@H](O)O[C@@H]2CO)[C@H](O)[C@@H](O)[C@H]1O,train
OC[C@H]1O[C@@H](n2cnc3c(O)ncnc32)[C@H](O)[C@@H]1O,train
OC[C@H]1O[C@@H](n2cnc3c(S)ncnc32)[C@H](O)[C@@H]1O,train
OC[C@H]1O[C@@](CO)(O[C@H]2O[C@H](CO)[C@@H](O)[C@H](O)[C@H]2O)[C@@H](O)[C@@H]1O,train
OC[C@H]1O[C@H](O[C@@]2(CO)O[C@@H](O)[C@H](O)[C@@H]2O)[C@H](O)[C@@H](O)[C@@H]1O,train
OC[C@H]1O[C@H](O[C@]2(CCl)O[C@H](CCl)[C@@H](O)[C@@H]2O)[C@H](O)[C@@H](O)[C@H]1Cl,train
OC[C@H]1O[C@](O)(CO)[C@@H](O)[C@@H]1O,train
OC[C@]1(O)OC[C@@H](O)[C@H](O)[C@@H]1O,train
OC[P+](CO)(CO)CO,train
OC[P+](CO)(CO)CO.OC[P+](CO)(CO)CO,train
OCc1c2ccccc2cc2ccccc12,train
OCc1c[nH]c2ccccc12,train
OCc1ccc(Cl)cc1Cl,train
OCc1cccc(Oc2ccccc2)c1,train
OCc1ccccc1,train
OCc1ccccc1O,train
OCc1ccccn1,train
OCc1cccnc1,train
OCc1ccco1,train
ON(Cc1ccccc1)Cc1ccccc1,train
ON=CC=NO,train
ONc1ccccc1,train
O[C@@H]([C@H](O)[C@H](O)CBr)[C@H](O)CBr,train
O[C@@H](c1cc(C(F)(F)F)nc2c(C(F)(F)F)cccc12)[C@H]1CCCCN1,train
O[C@@H]1CO[C@H]2[C@@H]1OC[C@@H]2O,train
O[C@H]1[C@H](O)[C@@H](O)[C@H](O)[C@@H](O)[C@H]1O,train
Oc1c(Br)c(Br)c(Br)c(Br)c1Br,train
Oc1c(Br)cc(Br)c2cccnc12,train
Oc1c(Br)cc(Br)cc1Br,train
Oc1c(Cl)c(Cl)c(Cl)c(Cl)c1Cl,train
Oc1c(Cl)c(Cl)cc(Cl)c1Cl,train
Oc1c(Cl)cc(Cl)c(Cl)c1Cc1c(O)c(Cl)cc(Cl)c1Cl,train
Oc1c(Cl)cc(Cl)c(Cl)c1Cl,train
Oc1c(Cl)cc(Cl)c2cccnc12,train
Oc1c(Cl)cc(Cl)cc1Cl,train
Oc1c(Cl)cc(Cl)cc1Sc1cc(Cl)cc(Cl)c1O,train
Oc1c(Cl)ccc(Cl)c1Cl,train
Oc1c(Cl)cccc1Cl,train
Oc1c(I)cc(Cl)c2cccnc12,train
Oc1c(I)cc(I)c2cccnc12,train
Oc1cc(Cl)c(Cl)c(Cl)c1,train
Oc1cc(Cl)c(Cl)c(Cl)c1Cl,train
Oc1cc(Cl)c(Cl)cc1Cl,train
Oc1cc(Cl)cc(Cl)c1,train
Oc1cc(Cl)cc(Cl)c1Cl,train
Oc1cc(Cl)ccc1Cl,train
Oc1cc(Cl)ccc1Oc1ccc(Cl)cc1Cl,train
Oc1cc(O)c(Cl)cc1Cl,train
Oc1cc(O)cc(O)c1,train
Oc1cc2ccccc2c2ccccc12,train
Oc1cc[c]([Hg][Cl])cc1,train
Oc1ccc(-c2ccc(O)cc2)cc1,train
Oc1ccc(-c2ccccc2)c(Cl)c1,train
Oc1ccc(-c2ccccc2)cc1,train
Oc1ccc(/C=C/c2cc(O)cc(O)c2)cc1,train
Oc1ccc(/N=N/c2ccccc2)cc1,train
Oc1ccc(C(=C(Cl)Cl)c2ccc(O)cc2)cc1,train
Oc1ccc(C(O)CNCCCCCCNCC(O)c2ccc(O)c(O)c2)cc1O,train
Oc1ccc(C(c2ccc(O)cc2)(C(F)(F)F)C(F)(F)F)cc1,train
Oc1ccc(C(c2ccc(O)cc2)C(Cl)(Cl)Cl)cc1,train
Oc1ccc(C2(c3ccc(O)cc3)CCCCC2)cc1,train
Oc1ccc(C2CNCCc3c2cc(O)c(O)c3Cl)cc1,train
Oc1ccc(CCNCCCCCCNCCc2ccccc2)cc1O,train
Oc1ccc(Cc2ccc(O)cc2)cc1,train
Oc1ccc(Cc2ccccc2)cc1,train
Oc1ccc(Cc2ccccc2O)cc1,train
Oc1ccc(Cl)c(Cl)c1,train
Oc1ccc(Cl)c(Cl)c1Cl,train
Oc1ccc(Cl)c2c1CCC2,train
Oc1ccc(Cl)c2cccnc12,train
Oc1ccc(Cl)cc1,train
Oc1ccc(Cl)cc1C1CCCC1,train
Oc1ccc(Cl)cc1Cc1cc(Cl)ccc1O,train
Oc1ccc(Cl)cc1Cc1ccccc1,train
Oc1ccc(Cl)cc1Cl,train
Oc1ccc(Cl)cc1Sc1cc(Cl)ccc1O,train
Oc1ccc(Nc2ccccc2)cc1,train
Oc1ccc(O)c2c(O)cccc12,train
Oc1ccc(O)cc1,train
Oc1ccc(OCc2ccccc2)cc1,train
Oc1ccc(Oc2ccccc2)cc1,train
Oc1ccc(Sc2ccc(O)cc2)cc1,train
Oc1ccc2[nH]cc(CCCCN3CC=C(c4ccccc4)CC3)c2c1,train
Oc1ccc2c(c1)-c1ccccc1C2,train
Oc1ccc2c(c1)Cc1ccccc1-2,train
Oc1ccc2c(c1)OCO2,train
Oc1ccc2ccc3cccc4ccc1c2c34,train
Oc1ccc2ccccc2c1,train
Oc1ccc2ccccc2c1/N=N/c1ccccc1,train
Oc1cccc(Cl)c1,train
Oc1cccc(Cl)c1Cl,train
Oc1cccc(Nc2ccccc2)c1,train
Oc1cccc(O)c1,train
Oc1cccc(O)c1O,train
Oc1cccc2[nH]ccc12,train
Oc1cccc2cc3cccc(O)c3c(O)c12,train
Oc1cccc2ccccc12,train
Oc1cccc2cccnc12,train
Oc1cccc[c]1[Hg][Cl],train
Oc1ccccc1,train
Oc1ccccc1-c1ccccc1,train
Oc1ccccc1C=NCc1ccccc1,train
Oc1ccccc1Cc1ccccc1O,train
Oc1ccccc1Cl,train
Oc1ccccc1F,train
Oc1ccccc1O,train
Oc1nc(Cl)c(Cl)cc1Cl,train
Oc1nc(O)nc(O)n1,train
On1nnc2ccccc21,train
S=C(Nc1ccccc1)Nc1ccccc1,train
S=C([S-])NCCNC(=S)[S-],train
S=C([S-])NCCNC(=S)[S-].[Mn+2],train
S=C1NC=NC2N=CNC12,train
S=C=NCCc1ccccc1,train
S=C=NCc1ccccc1,train
S=C=Nc1ccccc1,train
S=C=S,train
S=c1[nH]c2ccccc2[nH]1,train
SC1CCCC1,train
SC1CCCCC1,train
SCCCCCCCCS,train
SCCSCCS,train
SCc1ccccc1,train
Sc1ccccc1,train
Sc1ccccc1Cl,train
Sc1nc2ccccc2s1,train
Sc1nnc(S)s1,train
[2H]C([2H])([2H])[C@H](N)Cc1ccccc1.[2H]C([2H])([2H])[C@H](N)Cc1ccccc1,train
[As]#[In],train
[Ba+2],train
[Be+2],train
[Br-].[Na+],train
[Br][Ca][Br],train
[C-]#N.[Cu+],train
[CH3][Hg][Cl],train
[CH3][Sn]([CH3])([Cl])[Cl],train
[CH3][Sn]([Cl])([Cl])[Cl],train
[Ca+2].[Cl-].[Cl-],train
[Cd+2],train
[Cl][Au]([Cl])[Cl],train
[Cl][Ba][Cl],train
[Cl][Dy]([Cl])[Cl],train
[Cl][Hg][c]1ccccc1,train
[Cl][In]([Cl])[Cl],train
[Cl][Nd]([Cl])[Cl],train
[Cl][Ni][Cl],train
[Cl][Pd][Cl],train
[Cl][Sb]([Cl])[Cl],train
[Cl][Sn]([Cl])([Cl])[Cl],train
[Cl][Yb]([Cl])[Cl],train
[Cl][Zn][Cl],train
[Co+2],train
[Co+2].c1cc[cH-]c1.c1cc[cH-]c1,train
[Cr+2].c1cc[cH-]c1.c1cc[cH-]c1,train
[Cr+3],train
[Cu+2],train
[Cu][I],train
[F][Sn]([c]1ccccc1)([c]1ccccc1)[c]1ccccc1,train
[Fe+2],train
[Fe+2].c1cc[cH-]c1.c1cc[cH-]c1,train
[Fe+3],train
[Hg+2],train
[I-].[K+],train
[Mn+2],train
[N-]=[N+]=CC(=O)OC[C@H](N)C(=O)O,train
[N-]=[N+]=[N-],train
[NH2][Pt]([NH2])([Cl])[Cl],train
[NH3+]O.[NH3+]O,train
[NH3+]c1ccccc1,train
[Na][I],train
[Ni+2],train
[Ni+2].c1cc[cH-]c1.c1cc[cH-]c1,train
[O-][Cl+3]([O-])([O-])[O-],train
[O-][N+](=Nc1ccccc1)c1ccccc1,train
[O-][n+]1cc[n+]([O-])c2ccccc21,train
[O-][n+]1ccc(Cl)cc1,train
[O-][n+]1cccc(/C(Cl)=N/OC[C@H](O)CN2CCCCC2)c1,train
[O-][n+]1cccc(CO)c1,train
[O-][n+]1ccccc1[S-],train
[O-]c1c(Cl)cc(Cl)cc1Sc1cc(Cl)cc(Cl)c1[O-],train
[O-]c1cc(Cl)c(Cl)cc1Cl,train
[O-]c1ccccc1,train
[O-]c1ccccc1-c1ccccc1,train
[OH][Sn]([c]1ccccc1)([c]1ccccc1)[c]1ccccc1,train
[O]=[Bi][Cl],train
[O]=[Cd],train
[O]=[Cr](=[O])([O-])[O][Cr](=[O])(=[O])[O-],train
[O]=[Cr][O][Cr]=[O],train
[O]=[Mo](=[O])=[O],train
[O]=[Zr]([Cl])[Cl],train
[P]#[In],train
[PbH2+2],train
[S-]c1ccccc1,train
[S-]c1nc2ccccc2s1,train
[SbH6+3],train
[SnH2+2],train
[TlH2+],train
[Zn+2],train
c1c[nH]cn1,train
c1cc(-c2ccncc2)ccn1,train
c1cc(C(c2ccc(OCC3CO3)cc2)c2ccc(OCC3CO3)cc2)ccc1OCC1CO1,train
c1cc(OCC2CO2)ccc1Cc1ccc(OCC2CO2)cc1,train
c1cc2c(c(N3CCNCC3)c1)OCCO2,train
c1cc2c3c(cccc3c1)CC2,train
c1ccc(-c2ccc(C(c3ccccc3)n3ccnc3)cc2)cc1,train
c1ccc(-c2ccccc2)cc1,train
c1ccc(-c2nnn[nH]2)cc1,train
c1ccc(C(O[C@@H]2CCCN(CCc3ccc4c(c3)OCO4)C2)c2ccccc2)cc1,train
c1ccc(C(O[C@H]2CCCN(CCc3ccc4c(c3)OCO4)C2)c2ccccc2)cc1,train
c1ccc(C2CO2)cc1,train
c1ccc(CC2=NCCN2)cc1,train
c1ccc(CCCc2ccccn2)cc1,train
c1ccc(CCc2ccccc2)cc1,train
c1ccc(CN2CCNCC2)cc1,train
c1ccc(CNCCNCc2ccccc2)cc1,train
c1ccc(CNCc2ccccc2)cc1,train
c1ccc(Cc2ccccc2)cc1,train
c1ccc(N2CCNCC2)cc1,train
c1ccc(N=Nc2ccccc2)cc1,train
c1ccc(Nc2ccc3ccccc3c2)cc1,train
c1ccc(Nc2ccccc2)cc1,train
c1ccc(OCC2CO2)cc1,train
c1ccc(OCCOc2ccccc2)cc1,train
c1ccc(Oc2ccccc2)cc1,train
c1ccc(Sc2ccccc2)cc1,train
c1ccc([C@H]2CN3CCSC3=N2)cc1,train
c1ccc2[nH]c(-c3cscn3)nc2c1,train
c1ccc2[nH]ccc2c1,train
c1ccc2[nH]cnc2c1,train
c1ccc2[nH]nnc2c1,train
c1ccc2c(c1)-c1cccc3cccc-2c13,train
c1ccc2c(c1)CCCC2,train
c1ccc2c(c1)CCNC2,train
c1ccc2c(c1)CCc1ccccc1N2,train
c1ccc2c(c1)Cc1ccccc1-2,train
c1ccc2c(c1)Nc1ccccc1S2,train
c1ccc2c(c1)Oc1ccccc1O2,train
c1ccc2c(c1)Sc1ccccc1N2CC1CN2CCC1CC2,train
c1ccc2c(c1)Sc1ccccc1N2C[C@@H]1CN2CCC1CC2,train
c1ccc2c(c1)[nH]c1ccccc12,train
c1ccc2c(c1)c1cccc3ccc4cccc2c4c31,train
c1ccc2c(c1)cc1ccc3cccc4ccc2c1c34,train
c1ccc2c(c1)ccc1c3ccccc3ccc21,train
c1ccc2c(c1)ccc1ccccc12,train
c1ccc2c(c1)oc1ccccc12,train
c1ccc2cc3c(ccc4ccccc43)cc2c1,train
c1ccc2cc3ccccc3cc2c1,train
c1ccc2ccccc2c1,train
c1ccc2cnccc2c1,train
c1ccc2cnncc2c1,train
c1ccc2ncccc2c1,train
c1ccc2nccnc2c1,train
c1ccc2occc2c1,train
c1ccc2sc(SN(C3CCCCC3)C3CCCCC3)nc2c1,train
c1ccc2scnc2c1,train
c1ccccc1,train
c1ccncc1,train
c1ccoc1,train
c1ccsc1,train
c1cnc(N2CCN(Cc3ccc4c(c3)OCO4)CC2)nc1,train
c1cnccn1,train
c1nc[nH]n1,train
C#CCC(Cc1cnc2nc(N)nc(N)c2n1)c1ccc(C(=O)N[C@@H](CCC(=O)O)C(=O)O)cc1,valid
C#C[C@]1(O)CC[C@H]2[C@@H]3CCC4=CC(=O)CC[C@@H]4[C@H]3C(=C)C[C@@]21CC,valid
C#C[C@]1(O)CC[C@H]2[C@@H]3CCC4=CCCC[C@@H]4[C@H]3C(=C)C[C@@]21CC,valid
C#C[C@]1(O)CC[C@H]2[C@@H]3CCc4cc(OC5CCCC5)ccc4[C@H]3CC[C@@]21C,valid
C(=Cc1ccncc1)c1ccccc1,valid
C(=NC1CCCCC1)=NC1CCCCC1,valid
C/C(=C1\CCOC(=O)S1)N(C=O)Cc1cnc(C)nc1N,valid
C/C=C1\NC(=O)[C@H]2CSSCCC=C[C@H](CC(=O)N[C@H](C(C)C)C(=O)N2)OC(=O)[C@H](C(C)C)NC1=O,valid
C1=CCC2CC=CC2C1,valid
C1=Cc2ccccc2C1,valid
C1C2OC2C2C1C1CC2C2OC12,valid
C1CCC(SSC2CCCCC2)CC1,valid
C1CCN(CN2CCCCC2)CC1,valid
C1CCN2C[C@@H]3C[C@@H](CN4CCCC[C@@H]34)[C@H]2C1,valid
C1CCNCC1.O=c1[nH]cnc2[nH]cc(CN3CCCCC3)c12,valid
C1CCc2nnnn2CC1,valid
C1CN(SSN2CCOCC2)CCO1,valid
C1CN2CCN1CC2,valid
C1CNCCN1.C[C@H](CCC(=O)O)[C@H]1CC[C@H]2[C@@H]3[C@H](O)C[C@@H]4C[C@H](O)CC[C@]4(C)[C@H]3C[C@H](O)[C@]12C,valid
C1COC(NC(C2CC2)C2CC2)=N1,valid
C1N2CN3CN1CN(C2)C3,valid
C=C(C)[C@H]1Cc2c(ccc3c2O[C@@H]2COc4cc(OC)c(OC)cc4[C@@H]2C3=O)O1,valid
C=C(NC(=O)C(=C)NC(=O)c1csc(C2=NC3c4csc(n4)C4NC(=O)c5csc(n5)C(C(C)(O)C(C)O)NC(=O)C5CSC(=N5)/C(=C\C)NC(=O)C(C(C)O)NC(=O)c5csc(n5)C3(CC2)NC(=O)C(C)NC(=O)C(=C)NC(=O)C(C)NC(=O)C(C(C)CC)NC2C=Cc3c(C(C)O)cc(nc3C2O)C(=O)OC4C)n1)C(N)=O,valid
C=C(Nc1ccc(OCC)cc1)Nc1ccc(OCC)cc1,valid
C=C1C(=O)O[C@H]2[C@H]1CCC(C)=CCC[C@@]1(C)O[C@@H]21,valid
C=C1CC2C3CCC4=CC(=O)C=C[C@]4(C)[C@@]3(F)[C@@H](O)C[C@]2(C)[C@@]1(O)C(=O)COC(C)=O,valid
C=C1CCC=C(C)CC[C@@H]2[C@@H]1CC2(C)C,valid
C=C1CC[C@@]2(O)[C@H]3Cc4ccc(O)c5c4[C@@]2(CCN3CC2CC2)[C@H]1O5,valid
C=C1C[C@@H]2[C@H](CC[C@]3(C)C(=O)CC[C@@H]23)[C@@]2(C)C=CC(=O)C=C12,valid
C=C1C[C@]23C[C@@]1(O)CC[C@H]2[C@@]12C=C[C@H](O)[C@@](C)(C(=O)O1)[C@H]2[C@@H]3C(=O)O,valid
C=C1[C@H](CO)[C@@H](O)C[C@@H]1n1cnc2c(=O)[nH]c(N)nc21,valid
C=C1[C@H]2CC[C@@H]3[C@H]2C(C)(C)CCC[C@]13C,valid
C=C1c2cccc(O)c2C(=O)C2=C(O)[C@]3(O)C(=O)C(C(N)=O)=C(O)[C@@H](N(C)C)[C@@H]3[C@@H](O)[C@H]12,valid
C=CC1(C)OC(=O)N(c2cc(Cl)cc(Cl)c2)C1=O,valid
C=CCON/C(CCC)=C1\C(=O)CC(C)(C)C(C(=O)OC)=C1[O-],valid
C=CC[N@@+]12CC[C@@]34c5ccccc5N5C=C6[C@H]7C[C@H]8[C@@]9(CC[N@@+]8(CC=C)C/C7=C/CO)c7ccccc7N(C=C([C@@H](C[C@@H]31)/C(=C\CO)C2)[C@H]54)[C@@H]69,valid
C=CCn1c(=O)n([C@@H]2O[C@H](CO)[C@@H](O)[C@H]2O)c2nc(N)[nH]c(=O)c21,valid
C=C[C@@]1(C)CC(=O)[C@]2(O)[C@@]3(C)[C@@H](O)CCC(C)(C)[C@@H]3[C@H](O)[C@H](OC(C)=O)[C@@]2(C)O1,valid
CC#C[C@]1(O)CC[C@H]2[C@@H]3CCC4=CC(=O)CCC4=C3[C@@H](c3ccc(N(C)C)cc3)C[C@@]21C,valid
CC(/C=C/C=C(\C)C(=O)O[C@@H]1O[C@H](CO[C@@H]2O[C@H](CO)[C@@H](O)[C@H](O)[C@H]2O)[C@@H](O)[C@H](O)[C@H]1O)=C\C=C\C=C(C)\C=C\C=C(/C)C(=O)O[C@@H]1O[C@H](CO[C@@H]2O[C@H](CO)[C@@H](O)[C@H](O)[C@H]2O)[C@@H](O)[C@H](O)[C@H]1O,valid
CC(=O)N(CC(O)CN(C(C)=O)c1c(I)c(C(=O)NCC(O)CO)c(I)c(C(=O)NCC(O)CO)c1I)c1c(I)c(C(=O)NCC(O)CO)c(I)c(C(=O)NCC(O)CO)c1I,valid
CC(=O)N=c1sc(S(N)(=O)=O)nn1C,valid
CC(=O)NC[C@H]1CN(c2ccc(N3CCOCC3)c(F)c2)C(=O)O1,valid
CC(=O)OCC(=O)[C@@]12N=C(C)O[C@@H]1C[C@H]1[C@@H]3CCC4=CC(=O)C=C[C@]4(C)[C@H]3[C@@H](O)C[C@@]12C,valid
CC(=O)Oc1cc2c(s1)CCN(C(C(=O)C1CC1)c1ccccc1F)C2,valid
CC(=O)Oc1ccc(C2(c3ccc(OC(C)=O)cc3)Oc3ccccc3NC2=O)cc1,valid
CC(=O)Oc1ccccc1C(=O)Nc1ncc([N+](=O)[O-])s1,valid
CC(=O)SC[C@@H](C)C(=O)N1CCC[C@H]1C(=O)N[C@@H](Cc1ccccc1)C(=O)O,valid
CC(=O)S[C@@H]1CC2=CC(=O)CC[C@]2(C)[C@H]2CC[C@@]3(C)[C@@H](CC[C@@]34CCC(=O)O4)[C@H]12,valid
CC(=O)S[C@H](C(=O)N[C@H]1Cc2ccccc2[C@H]2CCC[C@@H](C(=O)O)N2C1=O)C(C)C,valid
CC(=O)c1ccc2c(c1)[C@H](NC(=O)c1ccc(F)cc1)[C@@H](O)C(C)(C)O2,valid
CC(=O)c1ccc[nH]1,valid
CC(C(=O)O)c1ccc(/C=C2\CCCCC2=O)cc1,valid
CC(C)(C#N)c1cc(Cn2cncn2)cc(C(C)(C)C#N)c1,valid
CC(C)(C)C(=O)C(Oc1ccc(Cl)cc1)n1ccnc1,valid
CC(C)(C)C(O)(CCc1ccc(Cl)cc1)Cn1cncn1,valid
CC(C)(C)C1(CCc2ccc(Cl)cc2)CO1,valid
CC(C)(C)C1CCC(CC2=C(O)C(=O)c3ccccc3C2=O)CC1,valid
CC(C)(C)NC(=O)[C@@H]1C[C@@H]2CCCC[C@@H]2CN1C[C@@H](O)[C@H](Cc1ccccc1)NC(=O)[C@H](CC(N)=O)NC(=O)c1ccc2ccccc2n1,valid
CC(C)(C)NC(=O)[C@H]1CC[C@H]2[C@@H]3CC=C4C=C(C(=O)O)CC[C@]4(C)[C@H]3CC[C@]12C,valid
CC(C)(C)NCC(O)COc1cccc2c1CCC(=O)N2,valid
CC(C)(C)NCC(O)COc1ccccc1OCC1CCCO1,valid
CC(C)(C)c1ccc(CCOc2ncnc3ccccc23)cc1,valid
CC(C)(C)c1csc(-c2cc3cc(OCc4ccccc4CC(=O)O)ccc3o2)n1,valid
CC(C)(C)c1n[nH]c(=S)n(N)c1=O,valid
CC(C)(Cc1c[nH]c2ccccc12)NCC(O)COc1ccccc1C#N,valid
CC(C)(O)c1ccc(CNC(=O)c2cccnc2Oc2ccc(F)cc2)cc1,valid
CC(C)(O)c1ccc(CNC(=O)c2cccnc2Oc2ccc3nonc3c2)cc1,valid
CC(C)(O)c1cnn2c(-c3ccc(F)c(-c4c(F)cccc4C#N)c3)cnc2n1,valid
CC(C)(c1ccc(Oc2ccc3c(c2)C(=O)OC3=O)cc1)c1ccc(Oc2ccc3c(c2)C(=O)OC3=O)cc1,valid
CC(C)(c1ccccc1)c1ccc(O)c(C(C)(C)c2ccccc2)c1,valid
CC(C)/N=c1/cc2n(-c3ccc(Cl)cc3)c3ccccc3nc-2cc1Nc1ccc(Cl)cc1,valid
CC(C)=CC1C(C(=O)OCN2C(=O)C3=C(CCCC3)C2=O)C1(C)C,valid
CC(C)C(=O)c1c(C(C)C)nn2ccccc12,valid
CC(C)C1(C)N=C(c2nc3ccccc3cc2C(=O)O)NC1=O,valid
CC(C)C1OCCN1CCOC(=O)NCCCCCCNC(=O)OCCN1CCOC1C(C)C,valid
CC(C)C[C@@H]1NC(=O)[C@H](CCCN)NC(=O)[C@H](C(C)C)NC(=O)[C@@H]2CCCN2C(=O)[C@@H](Cc2ccccc2)NC(=O)[C@H](CC(C)C)NC(=O)[C@H](CCCN)NC(=O)[C@H](C(C)C)NC(=O)[C@@H]2CCCN2C(=O)[C@@H](Cc2ccccc2)NC1=O,valid
CC(C)C[C@@H]1[C@H](c2ccccc2)OC(=O)N1CCCN1CCCCCC1,valid
CC(C)Cc1ccc(C(C)C(=O)OCc2ccccn2)cc1,valid
CC(C)N1C(=O)N(c2ccccc2)CSC1=NC(C)(C)C,valid
CC(C)N1C(=O)c2ccccc2NS1(=O)=O,valid
CC(C)Nc1cccnc1N1CCN(C(=O)c2cc3cc(NS(C)(=O)=O)ccc3[nH]2)CC1,valid
CC(C)OC(=O)C(C(=O)OC(C)C)=C1SC=CS1,valid
CC(C)[C@H]1CC[C@H](C(=O)N[C@H](Cc2ccccc2)C(=O)O)CC1,valid
CC(C)[C@]12CC(=O)[C@H](C)[C@H]1C2,valid
CC(C)c1c(C(=O)Nc2ccccc2)c(-c2ccccc2)c(-c2ccc(F)cc2)n1CC[C@@H](O)C[C@@H](O)CC(=O)[O-].CC(C)c1c(C(=O)Nc2ccccc2)c(-c2ccccc2)c(-c2ccc(F)cc2)n1CC[C@@H](O)C[C@@H](O)CC(=O)[O-],valid
CC(C)c1c(CN(C)C(C)Cc2ccccc2)n(C)n(-c2ccccc2)c1=O,valid
CC(C)c1ccc2oc3nc(N)c(C(=O)O)cc3c(=O)c2c1,valid
CC(C)c1cccc(C(C)C)c1N1C(=O)c2ccc(O)cc2C1=O,valid
CC(C)c1cccc(C(C)C)c1NC(=O)[N-]S(=O)(=O)c1cc(C(C)(C)O)co1,valid
CC(CNC1CCCCC1)OC(=O)c1ccccc1,valid
CC(COc1ccc(Oc2ccccc2)cc1)Oc1ccccn1,valid
CC(Cc1ccc(OCC(=O)O)cc1)NCC(O)c1csc(C(F)(F)F)n1,valid
CC(Cc1cccc(C(F)(F)F)c1)NCCOC(=O)c1ccccc1,valid
CC(Cc1ccccc1)N(C)Cc1ccco1,valid
CC(Cc1ccccc1)NCc1ccccc1Cl,valid
CC(O)CN1CCN(CC(=O)[O-])CCN(CC(=O)[O-])CCN(CC(=O)[O-])CC1.[Gd+3],valid
CC/C(=N\OC/C=C/Cl)C1=C(O)CC(C2CCOCC2)CC1=O,valid
CC/N=c1/cc2oc3cc(NCC)c(C)cc3c(-c3ccccc3C(=O)OCC)c-2cc1C,valid
CC1(C)C(=O)C(C)(C)C1=O,valid
CC1(C)C2CCC3(C2)[C@H]1C(=O)CCC3(C)C,valid
CC1(C)CCC(C)(C)c2cc(NC(=O)c3ccc(C(=O)O)cc3)ccc21,valid
CC1(C)CCC[C@]2(C)[C@H]3CC(=O)O[C@]3(C)CC[C@@H]12,valid
CC1(C)COP(Oc2ccccc2)OC1,valid
CC1(C)N=C(N)N=C(N)N1c1ccc(Cl)cc1,valid
CC1(C)OC(=O)Nc2ccc(Br)cc21,valid
CC1(C)OC[C@@H](COC(=O)CCc2ccc(OC[C@@H](O)CNCCNC(=O)N3CCOCC3)cc2)O1,valid
CC1(C)O[C@@H]2[C@@H](CO[C@@]3(COS(N)(=O)=O)OC(C)(C)O[C@@H]23)O1,valid
CC1(C)SC(C)(C)SC(C)(C)S1,valid
CC1(C)S[C@@H]2[C@H](NC(=O)COc3ccccc3)C(=O)N2[C@H]1C(=O)[O-],valid
CC1(C)S[C@@H]2[C@H](NC(=O)Cc3ccccc3)C(=O)N2[C@H]1C(=O)O.CC1(C)S[C@@H]2[C@H](NC(=O)Cc3ccccc3)C(=O)N2[C@H]1C(=O)O.c1ccc(CNCCNCc2ccccc2)cc1,valid
CC1(C)S[C@@H]2[C@H](NC(=O)[C@H](C(=O)[O-])c3ccsc3)C(=O)N2[C@H]1C(=O)[O-],valid
CC1(c2ccc(Oc3ccccc3)cc2)OC(=O)N(Nc2ccccc2)C1=O,valid
CC1=C(/C=C/C(C)=C/C=C\C(C)=C\C(=O)Nc2ccc(O)cc2)C(C)(C)CCC1,valid
CC1=C(C(=O)OC(C)C)C(c2cccc([N+](=O)[O-])c2)C(C(=O)OC2CN(C(c3ccccc3)c3ccccc3)C2)=C(N)N1,valid
CC1=C(C(=O)OCCN(Cc2ccccc2)c2ccccc2)C(c2cccc([N+](=O)[O-])c2)C(P2(=O)OCC(C)(C)CO2)=C(C)N1,valid
CC1=C2N=C(C=C3N=C(C(C)=C4[N]([Co+][CH2][C@H]5O[C@@H](n6cnc7c(N)ncnc76)[C@H](O)[C@@H]5O)C(C(CC(N)=O)C4(C)CCC(=O)NCC(C)OP(=O)([O-])O[C@H]4[C@@H](O)[C@@H](n5cnc6cc(C)c(C)cc65)O[C@@H]4CO)C4(C)N=C1C(CCC(N)=O)C4(C)CC(N)=O)C(CCC(N)=O)C3(C)C)C(CCC(N)=O)C2(C)CC(N)=O,valid
CC1=CC(=O)/C(=C(/C)[O-])C(=O)O1,valid
CC1=CC(=O)[N-]S(=O)(=O)O1,valid
CC1=CC[C@H](CC=O)C1(C)C,valid
CC1=C[C@H](O)CC(C)(C)[C@H]1/C=C/C(C)=C/C=C/C(C)=C/C=C\C=C(C)\C=C\C=C(C)\C=C\C1=C(C)C[C@@H](O)CC1(C)C,valid
CC1=NNC(=O)N(/N=C/c2cccnc2)C1,valid
CC1=Nc2ccc3ccccc3c2C1(C)C,valid
CC1=Nc2ccccc2C1(C)C,valid
CC1C(=O)CC2C3(C)CCC2(C(C)C(=O)O)C(=O)C13,valid
CC1C(C)(C)C2=C(C(=O)CCC2)C1(C)C,valid
CC1C=[C-]C=C1.[C-]#[O+].[C-]#[O+].[C-]#[O+].[Mn+],valid
CC1CC(=O)NN=C1c1ccc(NCC(C)(C)NCC(O)COc2cc(Cl)ccc2C#N)cc1,valid
CC1CCC2CC1C2(C)C,valid
CC1CCCCN1CCCOC(=O)c1ccccc1,valid
CC1CCc2c(N3CCC(O)CC3)c(F)cc3c(=O)c(C(=O)O)cn1c23,valid
CC1CS(=O)(=O)CCN1N=Cc1ccc([N+](=O)[O-])o1,valid
CC1Sc2c(C(=O)O)c(=O)c3cc(F)c(N4CCNCC4)cc3n21,valid
CCC(=O)N(c1ccccc1)C1(COC)CCN(CCn2nnn(CC)c2=O)CC1,valid
CCC(=O)N(c1ccccc1)C1CCN(Cc2ccccc2)CC1,valid
CCC(=O)O.CCC(=O)O.O=C(Nc1cccc(C2=NCCN2)c1)Nc1cccc(C2=NCCN2)c1,valid
CCC(=O)OC(OP(=O)(CCCCc1ccccc1)CC(=O)N1C[C@H](C2CCCCC2)C[C@H]1C(=O)[O-])C(C)C,valid
CCC(=O)O[C@@](Cc1ccccc1)(c1ccccc1)[C@@H](C)CN(C)C.O=S(=O)(O)c1ccc2ccccc2c1,valid
CCC(C(=O)OCCN1CCOC(c2ccccc2)C1C)c1ccccc1,valid
CCC(C)(C)C(=O)OC1=C(c2cc(Cl)cc(Cl)c2)C(=O)OC12CCCCC2,valid
CCC(CC)(CC(=O)Nc1cccc(/C=C/c2nc(C3CCC3)cs2)c1)C(=O)O,valid
CCC/C=C/C=C/C(=O)O[C@H]1/C(=C/C(=O)OC)C[C@H]2C[C@H]([C@@H](C)O)OC(=O)C[C@H](O)C[C@@H]3C[C@H](OC(C)=O)C(C)(C)[C@](O)(C[C@@H]4C/C(=C/C(=O)OC)C[C@H](C=CC(C)(C)[C@]1(O)O2)O4)O3,valid
CCC1(CC)C(=O)C=CNC1=O,valid
CCC1(c2ccccc2)C(=O)N=C([O-])NC1=O,valid
CCC1(c2ccccc2)C(=O)NCNC1=O,valid
CCC1=C[C@@H]2CN(C1)Cc1c([nH]c3ccccc13)[C@@](C(=O)OC)(c1cc3c(cc1OC)N(C)[C@H]1[C@@](O)(C(=O)OC)[C@H](OC(C)=O)[C@]4(CC)C=CCN5CC[C@]31[C@@H]54)C2,valid
CCCC1([C@H](O)C/C=C/[C@H]2[C@H](O)CC(=O)[C@@H]2CCCCCCC(=O)OC)CCC1,valid
CCCCC/C=C\CCC(=O)N[C@H]1[C@H](Oc2c3cc4cc2Oc2ccc(cc2Cl)[C@@H](O[C@@H]2O[C@H](CO)[C@@H](O)[C@H](O)[C@H]2NC(C)=O)[C@@H]2NC(=O)[C@H](NC(=O)[C@@H]4NC(=O)[C@H]4NC(=O)[C@@H](Cc5ccc(c(Cl)c5)O3)NC(=O)[C@@H](N)c3ccc(O)c(c3)Oc3cc(O)cc4c3)c3ccc(O)c(c3)-c3c(O[C@H]4O[C@H](CO)[C@@H](O)[C@H](O)[C@@H]4O)cc(O)cc3[C@H](C(=O)O)NC2=O)O[C@H](CO)[C@@H](O)[C@@H]1O,valid
CCCCC1C(=O)NC(=O)N(C2CCCCC2)C1=O,valid
CCCCCCCCCCCCCCCCCCNC(=O)OC1CCN(C(=O)OC[C@H](COC(=O)N(Cc2cccc[n+]2CC)C(=O)c2ccccc2OC)OC)CC1,valid
CCCCCCCCCCCC[n+]1ccc2ccccc2c1,valid
CCCCCCOC(=O)/N=C(/N)c1ccc(NCc2nc3cc(C(=O)N(CCC(=O)OCC)c4ccccn4)ccc3n2C)cc1,valid
CCCCCOc1ccc(C2SC(=O)NC2=O)cc1OCC,valid
CCCCN(CCCC)CC(O)c1cc(Cl)cc2c1-c1ccc(Cl)cc1/C2=C/c1ccc(Cl)cc1,valid
CCCCN(CCN(CCCC)C(=O)N1CCOCC1)C(=O)N1CCOCC1,valid
CCCCN1C(=O)[C@@H]([C@H](O)C2CCCCC2)NC(=O)C12CCN(Cc1ccc(Oc3ccc(C(=O)O)cc3)cc1)CC2,valid
CCCCOc1ccc(OCCCN2CCOCC2)cc1,valid
CCCCc1ccc2c(n1)[C@@H](c1ccc(OC)cc1C[C@H](C)C(=O)[O-])[C@H](C(=O)[O-])[C@H]2c1ccc2c(c1)OCO2,valid
CCCN(C1CCN(C(=O)C2CCNCC2)CC1)[C@@H]1CCc2ccc(OC)cc2C1,valid
CCCN(CC)CC1COC2(CCC(C(C)(C)C)CC2)O1,valid
CCCN(CC1CC1)c1c([N+](=O)[O-])cc(C(F)(F)F)cc1[N+](=O)[O-],valid
CCCN(CCC)C(=O)C(CCC(=O)OCCCN1CCN(CCOC(=O)Cc2c(C)n(C(=O)c3ccc(Cl)cc3)c3ccc(OC)cc23)CC1)NC(=O)c1ccccc1,valid
CCCN1CCC[C@@H]2Cc3nc(N)ncc3C[C@H]21,valid
CCCOC/C(=N\c1ccc(Cl)cc1C(F)(F)F)n1ccnc1,valid
CCCOc1ccc(S(=O)(=O)N2CCN(CC)CC2)cc1-c1nc2c(CC)n(Cc3ccccn3)nc2c(=O)[nH]1,valid
CCCOc1ccccc1-c1nc2[nH]nnc2c(=O)[nH]1,valid
CCC[C@H](N[C@@H](C)C(=O)N1[C@H](C(=O)O)C[C@@H]2CCCC[C@@H]21)C(=O)OCC,valid
CCCc1nc2c(C)cc(-c3nc4ccccc4n3C)cc2n1Cc1ccc(-c2ccccc2C(=O)O)cc1,valid
CCN(C(=O)c1cc(C)cc(OC[C@H](C)Nc2ccncc2)c1)C(C)C,valid
CCN(CC)CCCN(c1ccccc1)C1Cc2ccccc2C1,valid
CCN(CC)CCn1c(=O)c(Cc2ccc(OC)cc2)nc2ccccc21,valid
CCN(CC)c1cc(C)nc2ncnn12,valid
CCN(CC)c1ccc(N=Nc2ccc(S(=O)(=O)N(C)C)cc2)c(S(=O)(=O)NCC[n+]2ccccc2)c1,valid
CCN(CCCc1ccccc1)CCCc1ccccc1.O=C(O)CC(O)(CC(=O)O)C(=O)O,valid
CCN(CCO)CCn1c(Cc2ccccc2)nc2c1c(=O)n(C)c(=O)n2C,valid
CCN(Cc1cccnc1)C(=O)c1cccc(Cl)c1[C@]1(C)C(=O)N(Cc2ccc(OC)cc2OC)c2ccc(Cl)cc21,valid
CCN(Cc1ccncc1)C(=O)C(CO)c1ccccc1,valid
CCN1C(=CC=Cc2ccc3ccccc3[n+]2CC)C=Cc2ccccc21,valid
CCN1CCN(C(=O)N[C@@H](C(=O)N[C@@H]2C(=O)N3C(C(=O)[O-])=C(CSc4nnnn4C)CS[C@H]23)c2ccc(O)cc2)C(=O)C1=O,valid
CCN1CCN(C(=O)N[C@@H](C(=O)N[C@@H]2C(=O)N3[C@@H]2SC(C)(C)[C@H]3C(=O)[O-])c2ccccc2)C(=O)C1=O,valid
CCN1C[C@]2(COC)[C@H](O)C[C@H](OC)[C@]34C1[C@H]([C@H](OC)[C@H]23)[C@]1(OC(C)=O)[C@H]2[C@@H](OC(=O)c3ccccc3)[C@](O)(C[C@H]24)[C@@H](OC)[C@@H]1O,valid
CCNC(=O)[C@@H]1CCCN1C(=O)[C@H](CCCNC(=N)N)NC(=O)[C@H](CC(C)C)NC(=O)[C@@H](Cc1c[nH]c2ccccc12)NC(=O)[C@H](Cc1ccc(O)cc1)NC(=O)[C@H](CO)NC(=O)[C@H](Cc1c[nH]c2ccccc12)NC(=O)[C@H](Cc1c[nH]cn1)NC(=O)[C@@H]1CCC(=O)N1,valid
CCOC(=O)C1=C(COCCN)NC(C)=C(C(=O)OC)C1c1ccccc1Cl.O=S(=O)(O)c1ccccc1,valid
CCOC(=O)C1=C[C@]2(CC)CCCN3CCc4c(n1c1ccccc41)[C@@H]32,valid
CCOC(=O)Cn1c(=O)sc2cccc(Cl)c21,valid
CCOC(=O)OC1=C(c2cc(C)ccc2C)C(=O)NC12CCC(OC)CC2,valid
CCOC(=O)O[C@H](C)OC(=O)c1ccc2c(c1)cc(C(=O)NC1CCN(C(C)C)CC1)n2Cc1cc(-c2ccc(Cl)s2)on1,valid
CCOC(=O)[C@H](CCc1ccccc1)N[C@@H](C)C(=O)N1[C@H](C(=O)O)C[C@@H]2CCC[C@@H]21,valid
CCOC(=O)[C@H](CCc1ccccc1)N[C@@H](C)C(=O)N1[C@H](C(=O)O)C[C@H]2CCCC[C@@H]21,valid
CCOC(=O)[C@H](CCc1ccccc1)N[C@H]1CCCN2CCC[C@@H](C(=O)O)N2C1=O,valid
CCOC(=O)[C@H](CCc1ccccc1)N[C@H]1CS[C@H](c2cccs2)CN(CC(=O)O)C1=O,valid
CCOCCn1c(N2CCCN(C)CC2)nc2ccccc21,valid
CCOP(=O)(N=C1SCCS1)OCC,valid
CCO[C@@H]1O[C@H](C(COCc2ccccc2)OCc2ccccc2)[C@H](OCc2ccccc2)[C@H]1O,valid
CCO[C@H](Cc1ccc(OCCc2ccc(OS(C)(=O)=O)cc2)cc1)C(=O)O,valid
CCOc1cc(C(C)(C)C)ccc1C1COC(c2c(F)cccc2F)=N1,valid
CCOc1cc(CC(=O)N[C@@H](CC(C)C)c2ccccc2N2CCCCC2)ccc1C(=O)O,valid
CCOc1cc([N+](=O)[O-])c(OCC)cc1N1CCOCC1,valid
CCOc1ccc(/N=C(\C)Nc2ccc(OCC)cc2)cc1,valid
CCOc1ccc(C(C)(C)COCc2cccc(Oc3ccccc3)c2)cc1,valid
CCOc1ccc2[nH]cc(C(=O)NCc3ccccc3)c(=O)c2n1,valid
CCOc1cccc(-n2cc(C(=O)N3CCN(c4cc(C(=O)[O-])c5ccccc5c4)CC3)nc2-c2ccc(C)cc2)c1,valid
CCOc1ccccc1OCC1CNCCO1,valid
CCOc1ccccc1O[C@H](c1ccccc1)[C@H]1CNCCO1,valid
CCOc1nc(C(Cl)(Cl)Cl)ns1,valid
CCOc1nc2cccc(C(=O)OC(C)OC(=O)OC3CCCCC3)c2n1Cc1ccc(-c2ccccc2-c2nnn[nH]2)cc1,valid
CC[C@@H](C(=O)[C@@H](C)[C@@H](O)[C@H](C)CCc1ccc(C)c(O)c1C(=O)[O-])[C@H]1O[C@](CC)([C@H]2CC[C@](O)(CC)[C@H](C)O2)C[C@@H]1C,valid
CC[C@@H](C)CCCCC(=O)N[C@H](CCN)C(=O)N[C@@H](C(=O)N[C@H](CCN)C(=O)N[C@@H]1CCNC(=O)C([C@@H](C)O)NC(=O)[C@@H](CCN)NC(=O)[C@@H](CCN)NC(=O)[C@@H](CC(C)C)NC(=O)[C@@H](Cc2ccccc2)NC(=O)[C@@H](CCN)NC1=O)[C@@H](C)O,valid
CC[C@@H]1C(=O)OC[C@@H]1Cc1cncn1C,valid
CC[C@@H]1C[C@H](N(Cc2cc(C(F)(F)F)cc(C(F)(F)F)c2)C(C)=O)c2cc(C(F)(F)F)ccc2N1C(=O)OC(C)C,valid
CC[C@H](C)COC(=O)/C=C/c1ccc(/N=C/c2ccc(OC)cc2)cc1,valid
CC[C@H](NC(=O)c1cc(F)ccc1[N-]S(=O)(=O)c1cccc2cccnc12)c1ccccc1,valid
CC[C@H]1CC[C@H](NCc2cc3c(cc2OC)[C@H]2C[C@H]2C(=O)N3C)[C@H](c2ccccc2)N1,valid
CC[C@H]1CN2CCc3cc(OC)c(OC)cc3[C@@H]2C[C@@H]1C[C@H]1NCCc2cc(OC)c(OC)cc21,valid
CC[C@H]1NC(=O)[C@@H](NC(=O)c2ncccc2O)C(C)OC(=O)[C@H](c2ccccc2)NC(=O)C2CC(=O)CCN2C(=O)[C@H](Cc2ccccc2)N(C)C(=O)[C@@H]2CCCN2C1=O,valid
CC[C@H]1OC(=O)C[C@@H](O)[C@H](C)[C@@H](O[C@@H]2O[C@H](C)[C@@H](O)[C@H](N(C)C)[C@H]2O)[C@@H](CCN2C[C@H](C)C[C@H](C)C2)C[C@@H](C)C(=O)C=CC(C)=C[C@@H]1CO[C@@H]1O[C@H](C)[C@@H](O)[C@@H](OC)[C@H]1OC,valid
CC[C@H]1OC(=O)[C@H](C)[C@@H](O[C@H]2C[C@@](C)(OC)[C@@H](O)[C@H](C)O2)[C@H](C)[C@@H](O[C@@H]2O[C@H](C)C[C@H](N(C)C)[C@H]2O)[C@](C)(O)C[C@@H](C)C(=NOCOCCOC)[C@H](C)[C@@H](O)[C@]1(C)O,valid
CC[C@H]1OC(=O)[C@H](C)[C@@H](O[C@H]2C[C@@](C)(OC)[C@@H](O)[C@H](C)O2)[C@H](C)[C@@H](O[C@@H]2O[C@H](C)C[C@H](N(C)C)[C@H]2O)[C@](C)(O)C[C@@H](C)CN(C)[C@H](C)[C@@H](O)[C@]1(C)O,valid
CC[C@H]1O[C@]2(CC[C@@H]1C)C[C@@H]1C[C@@H](CC=C(C)C[C@@H](C)C=CC=C3CO[C@@H]4[C@H](O)C(C)=C[C@@H](C(=O)O1)[C@]34O)O2,valid
CC[C@]12CCCN3CCc4c(n(c5ccccc45)C(=O)C1)[C@@H]32,valid
CC[N+](CC)(CC(=O)Nc1c(C)cccc1C)Cc1ccccc1.O=C([O-])c1ccccc1,valid
CC[N+](CC)(CC)CCOC(=O)C(C1CCCC1)C1CCCC1,valid
CC[n+]1c(-c2ccccc2)c2cc(N)ccc2c2ccc(N)cc21,valid
CCc1c(C)[nH]c2c1C(=O)C(CN1CCOCC1)CC2,valid
CCc1cc(SCc2sc(-c3ccc(C(F)(F)F)cc3)nc2CN2CCN(c3ccc(OC)cc3)CC2)ccc1OCC(=O)O,valid
CCc1cccc(N(C)C(=N)Nc2cccc3ccccc23)c1,valid
CCc1cccc2c3c([nH]c12)C(CC)(CC(=O)O)OCC3,valid
CCc1nn(C2CCCCC2)c2cc([C@]3(C#N)CC[C@@H](C(=O)O)CC3)ccc12,valid
CCc1nn(CCCN2CCN(c3cccc(Cl)c3)CC2)c(=O)n1CCOc1ccccc1,valid
CCn1cc(C(=O)O)c(=O)c2cc(F)c(N3CCNCC3)nc21,valid
CCn1cc(C(=O)O)c(=O)c2cc3c(cc21)OCO3,valid
CCn1ccc(NS(=O)(=O)c2ccc(N)cc2)nc1=O,valid
CN(C(=O)CN(CCO)CC(=O)N(C)C(C)(C)Cc1ccccc1)C(C)(C)Cc1ccccc1,valid
CN(C(=O)Cc1cccc2occc12)[C@H]1CC[C@@]2(CCCO2)C[C@@H]1N1CCCC1,valid
CN(C)C(=O)NC1(c2ccccc2)CCN(CC[C@@]2(c3ccc(F)c(F)c3)CN(C(=O)c3ccccc3)CCO2)CC1,valid
CN(C)C/C=C(/c1ccc(Br)cc1)c1cccnc1,valid
CN(C)CC/C=C1/c2ccccc2CSc2ccccc21,valid
CN(C)CC/C=C1\c2ccccc2Sc2ccc(Cl)cc21,valid
CN(C)CCCOC1(Cc2ccccc2)CCCCCC1,valid
CN(C)CCC[C@@]1(c2ccc(F)cc2)OCc2cc(C#N)ccc21,valid
CN(C)CCOC(=O)C(c1ccccc1)C1(O)CCCC1,valid
CN(C)CCOc1ccccc1Cc1ccccc1.Nc1ccc(C(=O)O)c(O)c1,valid
CN(C)[C@@H](CCOc1cccc2ccccc12)c1ccccc1,valid
CN(C)c1ccc(C(=N)c2ccc(N(C)C)cc2)cc1,valid
CN(C)c1nc(=O)n(C2CCCCC2)c(=O)n1C,valid
CN(CCCCCCCCCCN(C)C(=O)Oc1ccccc1[N+](C)(C)C)C(=O)Oc1ccccc1[N+](C)(C)C,valid
CN(CCCN1c2ccccc2CCc2ccccc21)CC(=O)c1ccc(Cl)cc1,valid
CN(C[C@@H](CC[N+]12CCC(C3CCCCC3)(CC1)CC2)c1ccc(Cl)c(Cl)c1)C(=O)c1cc(C(F)(F)F)cc(C(F)(F)F)c1,valid
CN1C(=O)CCS(=O)(=O)C1c1ccc(Cl)cc1,valid
CN1C(=O)COc2c(C(=O)NC3CN4CCC3CC4)cc(Cl)cc21,valid
CN1C(C(=O)Nc2ccccn2)=C(O)c2sccc2S1(=O)=O,valid
CN1C2CCC(C)(C)C1CC(OC(=O)C(O)(c1cccs1)c1cccs1)C2,valid
CN1CC(=O)N2[C@H](c3ccc4c(c3)OCO4)c3[nH]c4ccccc4c3C[C@@H]2C1=O,valid
CN1CCC(=C2c3ccccc3C=Cc3ccccc32)CC1,valid
CN1CCC(=C2c3ccccc3CC(=O)c3sccc32)CC1,valid
CN1CCC(=C2c3ccccc3Sc3ccccc32)CC1,valid
CN1CCC(N(Cc2cccs2)c2ccccc2)CC1,valid
CN1CCC(OC(=O)C(Oc2ccc(Cl)cc2)Oc2ccc(Cl)cc2)CC1,valid
CN1CCC(OC(c2ccccc2)c2ccccc2)CC1,valid
CN1CCCN=C1COC(=O)C(O)(c1ccccc1)C1CCCCC1,valid
CN1CCN(C(=O)O[C@H]2c3nccnc3C(=O)N2c2ccc(Cl)cn2)CC1,valid
CN1CCN(C2=Nc3cc(Cl)ccc3Nc3ccccc32)CC1,valid
CN1CCN(CC(=O)N2c3ccccc3C(=O)Nc3cccnc32)CC1,valid
CN1CCN(c2c(F)cc3c(=O)c(C(=O)O)cn4c3c2OCN4C)CC1,valid
CN1CCN(c2c(F)cc3c(=O)c(C(=O)O)cn4c3c2SCC4)CC1,valid
CN1CCN(c2cc3c(nn2)Oc2ccccc2N3C)CC1,valid
CN1CCN2c3ncccc3Cc3ccccc3C2C1,valid
CN1CCc2c(c3ccccc3n2Cc2ccccc2)C1.CN1CCc2c(c3ccccc3n2Cc2ccccc2)C1.O=S(=O)(O)c1cccc2c(S(=O)(=O)O)cccc12,valid
CN1COCN(Cc2cnc(Cl)s2)C1=N[N+](=O)[O-],valid
CN1CSC(=S)N(C)C1,valid
CN1C[C@H](CNC(=O)OCc2ccccc2)C[C@@H]2c3cccc4c3c(cn4C)C[C@H]21,valid
CN1Cc2cc(C(=O)N3CCC(C4CCNCC4)CC3)ccc2N[C@@H](CC(=O)O)C1=O,valid
CN1N=C(N)c2cn([C@@H]3O[C@H](CO)[C@@H](O)[C@H]3O)c3ncnc1c23,valid
CN1[C@@H]2CC[C@H]1C[C@@H](NC(=O)n1c(=O)[nH]c3ccccc31)C2,valid
CN1c2c(O)nc(N)nc2NCC1CNc1ccc(C(=O)NC(CCC(=O)[O-])C(=O)[O-])cc1,valid
CNC(=O)Oc1ccccc1C1OCCO1,valid
CNC(=O)c1ccccc1Sc1ccc2c(/C=C/c3ccccn3)n[nH]c2c1,valid
CNC1=Nc2ccc(Cl)cc2C(c2ccccc2)=[N+]([O-])C1,valid
CNCCCC12CCC(c3ccccc31)c1ccccc12,valid
CNCCCC1c2ccccc2C=Cc2ccccc21,valid
CNCC[C@H](Oc1cccc2ccccc12)c1cccs1,valid
CNCc1ccc(NC(=O)c2c[nH]c3c2C(=O)CCC3)cc1,valid
CNS(=O)(=O)c1cc(C(=O)N2CCC(CCN3C4CCC3CC(n3c(C)nc5ccccc53)C4)(c3cccc(F)c3)CC2)c(Cl)cc1F,valid
CN[C@@H]1[C@@H](O)[C@@H](O[C@@H]2[C@H](O)[C@H](O[C@H]3OC(CN)=CC[C@H]3N)[C@@H](N)C[C@H]2N)OC[C@@]1(C)O,valid
CN[C@H]1C[C@@H](N)[C@H](O)[C@@H](O[C@@H]2O[C@H](CO)[C@H](O)[C@@H]3OC4(O[C@H]23)O[C@H](C(N)CO)[C@H](O)[C@H](O)[C@H]4O)[C@@H]1O,valid
CNc1ccc(C(=O)CC(O)CCC(C)C2OC(=O)CC(O)CC(=O)CC(O)CC(O)CC(O)CC(O)CC3(O)CC(O)C(C(=O)OC)C(CC(O[C@@H]4O[C@H](C)[C@@H](O)[C@H](N)[C@@H]4O)C=CC=CC=CC=CC=CC=CC=CC2C)O3)cc1,valid
CO.COc1cc(Nc2c(C#N)cnc3cc(OCCCN4CCN(C)CC4)c(OC)cc23)c(Cl)cc1Cl,valid
CO/C=C(/C(=O)OC)c1ccccc1COc1cccc(C(F)(F)F)n1,valid
CO/N=C(/C(=O)N[C@@H]1C(=O)N2C(C(=O)O)=C(Cn3nnc(C)n3)CS[C@H]12)c1csc(N)n1,valid
CO/N=C(/C(=O)OC)c1ccccc1CON=C(C)c1cccc(C(F)(F)F)c1,valid
CO/N=C(\C(=O)N[C@@H]1C(=O)N2C(C(=O)O)=C(CSC(=O)c3ccco3)CS[C@H]12)c1csc(N)n1,valid
COC(=O)C(C)N(C(=O)c1ccco1)c1c(C)cccc1C,valid
COC(=O)C(c1ccccc1)C1CCCCN1,valid
COC(=O)C1=C(C)NC(C)=C(C(=O)OC(C)(C)CN(C)CCC(c2ccccc2)c2ccccc2)C1c1cccc([N+](=O)[O-])c1,valid
COC(=O)C1=C(C)NC(C)=C(C(=O)OC(C)C)C1c1cccc2nonc12,valid
COC(=O)C1=C(C)NC(C)=C(C(=O)OCCCN2CCC(c3ccccc3)(c3ccccc3)CC2)C1c1cccc([N+](=O)[O-])c1,valid
COC(=O)C1=C(C)NC(C)=C(C(=O)OCCN(C)Cc2ccccc2)C1c1cccc([N+](=O)[O-])c1,valid
COC(=O)C1=C(C)NC(C)=C(C(=O)OCCN2CCN(C(c3ccccc3)c3ccccc3)CC2)C1c1cccc([N+](=O)[O-])c1,valid
COC(=O)C1=C(C)NC(C)=C(C(=O)O[C@@H]2CCCN(Cc3ccccc3)C2)[C@@H]1c1cccc([N+](=O)[O-])c1,valid
COC(=O)C1CC(=O)C(C(=O)OC)CC1=O,valid
COC(=O)C[C@](O)(CCCC(C)(C)O)C(=O)O[C@@H]1C(OC)=CC23CCCN2CCc2cc4c(cc2[C@H]13)OCO4,valid
COC(=O)N(OC)c1ccccc1COc1ccn(-c2ccc(Cl)cc2)n1,valid
COC(=O)Nc1nc2cc(C(=O)c3ccccc3)ccc2[nH]1,valid
COC(=O)Nc1nc2cc(C(=O)c3cccs3)ccc2[nH]1,valid
COC(=O)[C@H]1[C@H]2C[C@@H]3c4[nH]c5cc(OC)ccc5c4CCN3C[C@H]2C[C@@H](OC(=O)COc2ccc(OC)cc2)[C@@H]1OC,valid
COC(=O)[C@]12CCC(C)(C)C[C@H]1[C@H]1C(=O)C=C3[C@@]4(C)C=C(C#N)C(=O)C(C)(C)[C@@H]4CC[C@@]3(C)[C@]1(C)CC2,valid
COC(=O)c1ccc(I)cc1S(=O)(=O)[N-]C(=O)Nc1nc(C)nc(OC)n1,valid
COC(=O)c1ccccc1C(=O)c1ccc(OCCN2CCCCC2)cc1,valid
COC(=O)c1ccccc1CS(=O)(=O)NC(=O)Nc1nc(OC)cc(OC)n1,valid
COC(=O)c1sccc1S(=O)(=O)NC(=O)Nc1nc(C)nc(OC)n1,valid
COC(COC(N)=O)C1=C(N2CC2)C(=O)C(C)=C(N2CC2)C1=O,valid
COC1=CC(=O)C[C@@H](C)[C@]12Oc1c(Cl)c(OC)cc(OC)c1C2=O,valid
COC1=CC(=O)O[C@@H](/C=C/c2ccc3c(c2)OCO3)C1,valid
COC1=CC(=O)O[C@@H](/C=C/c2ccccc2)C1,valid
COCC(=O)N(c1c(C)cccc1C)N1CCOC1=O,valid
COCCCN1CCC(NC(=O)c2cc(Cl)c(N)c3c2OCC3)CC1,valid
COCCOC(=O)C1=C(C)NC(C)=C(C(=O)OC/C=C/c2ccccc2)C1c1cccc([N+](=O)[O-])c1,valid
COCCOC[C@H](CC1(C(=O)N[C@H]2CC[C@@H](C(=O)O)CC2)CCCC1)C(=O)Oc1ccc2c(c1)CCC2,valid
COCc1c(C(C)C)nc(C(C)C)c(/C=C/[C@@H](O)C[C@@H](O)CC(=O)[O-])c1-c1ccc(F)cc1,valid
COCc1nnc(-c2ccc[n+]([O-])c2)n1-c1c(Cl)c(Cl)cc2[nH]c(=O)c(=O)[nH]c12,valid
CON=C(C(=O)N[C@@H]1C(=O)N2C(C(=O)O)=C(COC(N)=O)CS[C@H]12)c1ccco1,valid
COS(=O)(=O)[O-].Cn1c(-c2ccccc2)cc(-c2ccccc2)[n+]1C,valid
CO[C@@H]1COCC[C@@H]1[NH2+][C@@H]1CC[C@@](C(=O)N2CCc3ncc(C(F)(F)F)cc3C2)(C(C)C)C1.O=C([O-])CCC(=O)O,valid
CO[C@@H]1[C@@H](OC(N)=O)[C@@H](O)[C@H](Oc2ccc3c([O-])c(NC(=O)c4ccc(O)c(CC=C(C)C)c4)c(=O)oc3c2C)OC1(C)C,valid
CO[C@@H]1[C@@H](O[C@@H]2O[C@H](C)[C@@H](O[C@H]3C[C@@](C)(O)[C@@H](O)[C@H](C)O3)[C@H](N(C)C)[C@H]2O)[C@@H](CC=O)C[C@@H](C)[C@@H](O[C@@H]2CC[C@H](N(C)C)[C@@H](C)O2)C=CC=CC[C@@H](C)OC(=O)C[C@H]1O,valid
CO[C@@H]1[C@@H](O[C@@H]2O[C@H](C)[C@@H](O[C@H]3C[C@@](C)(O)[C@@H](OC(=O)CC(C)C)[C@H](C)O3)[C@H](N(C)C)[C@H]2O)[C@@H](CC=O)C[C@@H](C)C(=O)C=CC2OC2C[C@@H](C)OC(=O)C[C@H]1OC(C)=O,valid
CO[C@@]12CC[C@@]3(C[C@@H]1[C@](C)(O)C(C)(C)C)[C@H]1Cc4ccc(O)c5c4[C@@]3(CCN1CC1CC1)[C@H]2O5,valid
CO[C@H]1C=CO[C@@]2(C)Oc3c(C)c(O)c4c(O)c(c(/C=N/N5CCN(C)CC5)c(O)c4c3C2=O)NC(=O)C(C)=CC=C[C@H](C)[C@H](O)[C@@H](C)[C@@H](O)[C@@H](C)[C@H](OC(C)=O)[C@@H]1C,valid
CO[C@H]1C=CO[C@@]2(C)Oc3c(C)c(O)c4c(O)c(c(/C=N/N5CCN(C6CCCC6)CC5)c(O)c4c3C2=O)NC(=O)C(C)=CC=C[C@H](C)[C@H](O)[C@@H](C)[C@@H](O)[C@@H](C)[C@H](OC(C)=O)[C@@H]1C,valid
CO[C@H]1C=CO[C@@]2(C)Oc3c(C)c(O)c4c(O)c(c5c(nc6cc(C)ccn65)c4c3C2=O)NC(=O)C(C)=CC=C[C@H](C)[C@H](O)[C@@H](C)[C@@H](O)[C@@H](C)[C@H](OC(C)=O)[C@@H]1C,valid
CO[C@H]1C[C@H](O[C@@H]2C(C)=CC[C@@H]3C[C@@H](C[C@]4(CC[C@H](C)[C@@H](C5CCCCC5)O4)O3)OC(=O)[C@@H]3C=C(C)/C(=N/O)[C@H]4OCC(=CC=C[C@@H]2C)[C@]43O)O[C@@H](C)[C@@H]1O,valid
COc1c(C)c2c(c(O)c1C/C=C(\C)CCC(=O)O)C(=O)OC2,valid
COc1c(C)c2c(c(O)c1C/C=C(\C)CCC(=O)OCCN1CCOCC1)C(=O)OC2,valid
COc1c2occc2c(OC)c2c(=O)cc(C)oc12,valid
COc1cc(/C=C/C(=O)O[C@H]2CC[C@]34C[C@]35CC[C@]3(C)[C@@H]([C@H](C)CCC=C(C)C)CC[C@@]3(C)[C@@H]5CC[C@H]4C2(C)C)ccc1O,valid
COc1cc(Br)c(C[N+]2(CCOCCC3CCC4CC3C4(C)C)CCOCC2)cc1OC,valid
COc1cc(C(=O)N2CCOCC2)cc(OC)c1OC,valid
COc1cc(C(=O)NC2CCN(C)CC2)ccc1Nc1ncc2c(n1)N(C1CCCC1)CC(F)(F)C(=O)N2C,valid
COc1cc(C(=O)OC(COCCC(C)C)CN2CCOCC2)cc(OC)c1OC,valid
COc1cc(C=CC(=O)N2CCN(CC(=O)N3CCCC3)CC2)cc(OC)c1OC,valid
COc1cc(C=O)cc2c1[C@H](COC(N)=O)[C@]1(OC(C)=O)ON2C[C@H]2[C@@H]1N2C(C)=O,valid
COc1cc(OC)c(C(=O)CCCN2CCCC2)c(OC)c1,valid
COc1cc2c(N3CCN(C(=O)Nc4ccc(OC(C)C)cc4)CC3)ncnc2cc1OCCCN1CCCCC1,valid
COc1cc2c(Nc3ccc(Br)cc3F)ncnc2cc1OCC1CCN(C)CC1,valid
COc1cc2c(c(OC)c1OC)-c1c(cc3c(c1OC)OCO3)C[C@@H](C)[C@](C)(O)C2,valid
COc1cc2c(cc1OC)-c1cc3ccc(OC)c(OC)c3c[n+]1CC2,valid
COc1cc2c(cc1OC)CC(=O)N(CCCN(C)C[C@H]1Cc3cc(OC)c(OC)cc31)CC2,valid
COc1ccc(-c2cc(=O)c3c(O)cc(O[C@@H]4O[C@H](CO[C@@H]5O[C@@H](C)[C@H](O)[C@@H](O)[C@H]5O)[C@@H](O)[C@H](O)[C@H]4O)cc3o2)cc1O,valid
COc1ccc(-c2ccc3cc(C(=O)O)ccc3c2)cc1C12CC3CC(CC(C3)C1)C2,valid
COc1ccc(/N=N/c2cc(C)c(/N=N/c3ccc(S(=O)(=O)[O-])cc3)cc2OC)cc1,valid
COc1ccc(C(=O)Nc2ccccc2CCC2CCCCN2C)cc1,valid
COc1ccc(C(=O)Nc2nc3ccccc3c(NCc3ccccc3)c2C#N)cc1,valid
COc1ccc(C(O)(c2cncnc2)C2CC2)cc1,valid
COc1ccc(C2CNC(=O)C2)cc1OC1CCCC1,valid
COc1ccc(CCC(=O)c2c(O)cc(O[C@@H]3O[C@H](CO)[C@@H](O)[C@H](O)[C@H]3O[C@@H]3O[C@@H](C)[C@H](O)[C@@H](O)[C@H]3O)cc2O)cc1O,valid
COc1ccc(CCN2CCC(Nc3nc4ccccc4n3Cc3ccc(F)cc3)CC2)cc1,valid
COc1ccc(OC(F)(F)F)cc1CN[C@H]1CCCN[C@H]1c1ccccc1,valid
COc1ccc(S(=O)(=O)N2C(=O)[C@@](c3ccccc3OC)(N3C[C@H](O)C[C@H]3C(=O)N(C)C)c3cc(Cl)ccc32)c(OC)c1,valid
COc1ccc2[nH]c(S(=O)Cc3ncc(C)c(OC)c3C)nc2n1,valid
COc1ccc2c(c1)C(=O)N(CCc1ccc(S(=O)(=O)NC(=O)NC3CCCCC3)cc1)C(=O)C2(C)C,valid
COc1ccc2cc(S(=O)(=O)N[C@H](CC(=O)N[C@H](Cc3ccc(CN4[C@H](C)CCC[C@@H]4C)cc3)C(=O)N(C)C(C)C)c3ccc4c(c3)OCO4)ccc2c1,valid
COc1ccc2cc1Oc1ccc(cc1)C[C@H]1c3c(cc4c(c3Oc3cc5c(cc3OC)CCN(C)[C@@H]5C2)OCO4)CCN1C,valid
COc1ccc2nc(NC(=O)Nc3ccccc3)sc2c1,valid
COc1cccc(C(=O)CCN[C@@H](C)[C@H](O)c2ccccc2)c1,valid
COc1cccc(OC)c1C(=O)N[C@@H]1C(=O)N2[C@@H]1SC(C)(C)[C@@H]2C(=O)[O-],valid
COc1cccc2c1[C@@H]1CN(CCCCn3c(=O)[nH]c4c(sc5ncc(-c6ccccc6)nc54)c3=O)C[C@@H]1CO2,valid
COc1ccccc1N1CCN(CC(O)COc2cc(OC)c(OC)c(OC)c2)CC1,valid
COc1ccccc1N1CCN(CC(O)COc2cccc3ccccc23)CC1,valid
COc1ccccc1N1CCN(CCCCNC(=O)c2ccc(-c3ccc(C(C)=O)cc3)cc2)CC1,valid
COc1ccccc1OCC(O)CN1CCN(CC(=O)Nc2c(C)cccc2C)CC1,valid
COc1ccccc1Oc1c(NS(=O)(=O)c2ccc(C(C)(C)C)cc2)nc(-c2ncccn2)nc1OCCO,valid
COc1cnc(OC)n2nc(NS(=O)(=O)c3c(OCC(F)F)cccc3C(F)(F)F)nc12,valid
COc1nc(C)nc(Cl)c1NC1=NCCN1,valid
CS(=O)(=O)CCNCc1ccc(-c2ccc3ncnc(Nc4ccc(OCc5cccc(F)c5)c(Cl)c4)c3c2)o1,valid
CS(=O)(=O)NC(=O)CCC/C=C\C[C@H]1C(=O)C[C@@H](O)[C@@H]1/C=C/[C@H](O)COc1ccccc1,valid
CS(=O)(=O)Nc1cc2occ(NC=O)c(=O)c2cc1Oc1ccccc1,valid
CS(=O)(=O)c1ccc([C@@H](CC2CCCC2)C(=O)Nc2cnccn2)cc1Cl,valid
CSCC[C@H](NC(=O)[C@H](Cc1ccc(OS(=O)(=O)O)cc1)NC(=O)[C@@H](N)CC(=O)O)C(=O)NCC(=O)N[C@@H](Cc1c[nH]c2ccccc12)C(=O)N[C@@H](CCSC)C(=O)N[C@@H](CC(=O)O)C(=O)N[C@@H](Cc1ccccc1)C(N)=O,valid
C[C@@H](CN(C)C)CN1c2ccccc2Sc2ccccc21.C[C@@H](CN(C)C)CN1c2ccccc2Sc2ccccc21,valid
C[C@@H](O[C@H]1OCCN(CC2=NC(=O)N=N2)[C@H]1C1CCC(F)CC1)c1cc(C(F)(F)F)cc(C(F)(F)F)c1,valid
C[C@@H](Oc1ccc(CNC(=O)c2cccnc2Oc2ccc3c(c2)OCO3)c(F)c1)C(=O)O,valid
C[C@@H](c1ncncc1F)[C@](O)(Cn1cncn1)c1ccc(F)cc1F,valid
C[C@@H]1CC2(OC3C[C@@]4(C)C5=CC[C@H]6C(C)(C)C(O[C@@H]7OC[C@@H](O)[C@H](O)[C@H]7O)CC[C@@]67C[C@@]57CC[C@]4(C)C31)OC(O)C1(C)OC21,valid
C[C@@H]1CC=CC=CC=CC=C[C@H](O[C@@H]2O[C@H](C)[C@@H](O)[C@H](N)[C@@H]2O)C[C@@H]2O[C@](O)(C[C@@H](O)C[C@H]3O[C@@H]3C=CC(=O)O1)C[C@H](O)[C@H]2C(=O)O,valid
C[C@@H]1CCN(C(=O)[C@H](CCCNC(=N)N)NS(=O)(=O)c2cccc3c2NC[C@H](C)C3)[C@@H](C(=O)O)C1,valid
C[C@@H]1CC[C@@]2(OC1)O[C@H]1[C@@H](O)[C@H]3[C@@H]4CC[C@H]5C[C@@H](O[C@@H]6O[C@H](CO)[C@H](O[C@@H]7O[C@H](CO)[C@@H](O)[C@H](O[C@@H]8OC[C@@H](O)[C@H](O)[C@H]8O)[C@H]7O[C@@H]7O[C@H](CO)[C@@H](O)[C@H](O[C@@H]8O[C@H](CO)[C@@H](O)[C@H](O)[C@H]8O)[C@H]7O)[C@H](O)[C@H]6O)[C@H](O)C[C@]5(C)[C@H]4CC[C@]3(C)[C@H]1[C@@H]2C,valid
C[C@@H]1CN([C@H]2CC[C@](C#N)(c3ccc(F)cc3)CC2)CC[C@]1(C(=O)O)c1ccccc1,valid
C[C@@H]1C[C@@H]([C@H](O)CC2CC(=O)NC(=O)C2)C(=O)[C@@H](C)C1,valid
C[C@@H]1C[C@H]2[C@@H]3CCC4=CC(=O)C=C[C@]4(C)[C@@]3(F)[C@@H](O)C[C@]2(C)[C@@]1(O)C(=O)COC(=O)c1cccc(S(=O)(=O)[O-])c1,valid
C[C@@H]1C[C@H]2[C@@H]3CCC4=CC(=O)C=C[C@]4(C)[C@@]3(F)[C@@H](O)C[C@]2(C)[C@@]1(O)C(=O)COC(=O)c1ccncc1,valid
C[C@@H]1O[C@@H](O[C@@H]2C=C3CC[C@@H]4[C@H](CC[C@]5(C)[C@@H](c6ccc(=O)oc6)CC[C@]45O)[C@@]3(C)CC2)[C@H](O)[C@H](O)[C@H]1O,valid
C[C@@H]1[C@@H]2Cc3ccc(O)cc3[C@@]1(C)CCN2CC1CC1,valid
C[C@@H]1[C@H](O)[C@@H](C)C=CC=CC=CC=CC=CC=CC=C[C@H](O[C@@H]2O[C@H](C)[C@@H](O)[C@H](N)[C@@H]2O)C[C@@H]2O[C@](O)(C[C@@H](O)C[C@@H](O)[C@H](O)CC[C@@H](O)C[C@@H](O)CC(=O)O[C@H]1C)C[C@H](O)[C@H]2C(=O)O,valid
C[C@@H]1[C@H](O)[C@@H](C)C=CC=CCCC=CC=CC=CC=C[C@H](O[C@H]2O[C@@H](C)[C@H](O)[C@@H](N)[C@H]2O)CC2O[C@](O)(C[C@@H](O)[C@H](O)CC[C@@H](O)C[C@@H](O)C[C@@H](O)CC(=O)O[C@H]1C)C[C@H](O)[C@H]2C(=O)O,valid
C[C@@]12C(=O)OC(=O)[C@]1(C)C1CCC2O1,valid
C[C@H](C(=O)[O-])c1cccc(Oc2ccccc2)c1.C[C@H](C(=O)[O-])c1cccc(Oc2ccccc2)c1,valid
C[C@H](CN1CCCC1)C(=O)c1ccc(C(F)(F)F)cc1,valid
C[C@H](CSC(=O)c1ccccc1)C(=O)N1C[C@@H](Sc2ccccc2)C[C@H]1C(=O)[O-].C[C@H](CSC(=O)c1ccccc1)C(=O)N1C[C@@H](Sc2ccccc2)C[C@H]1C(=O)[O-],valid
C[C@H]1CCCC(=O)CCCC=Cc2cc(O)cc(O)c2C(=O)O1,valid
C[C@H]1CC[C@]2(NC1)O[C@H]1C[C@H]3[C@@H]4CC[C@H]5C[C@@H](O)CC[C@]5(C)[C@H]4CC[C@]3(C)[C@H]1[C@@H]2C,valid
C[C@H]1CC[C@]2(NC1)O[C@H]1C[C@H]3[C@@H]4CC[C@H]5C[C@@H](O[C@@H]6O[C@H](CO)[C@H](O[C@@H]7O[C@H](CO)[C@@H](O)[C@H](O[C@@H]8OC[C@@H](O)[C@H](O)[C@H]8O)[C@H]7O[C@@H]7O[C@H](CO)[C@@H](O)[C@H](O)[C@H]7O)[C@H](O)[C@H]6O)CC[C@]5(C)[C@H]4CC[C@]3(C)[C@H]1[C@@H]2C,valid
C[C@H]1CNCCc2ccc(Cl)cc21,valid
C[C@H]1[C@@H]2Cc3ccc(O)cc3[C@@]1(C)CCN2C.C[C@H]1[C@@H]2Cc3ccc(O)cc3[C@@]1(C)CCN2C,valid
C[C@H]1[C@H](c2ccc(Cl)cc2)SC(=O)N1C(=O)NC1CCCCC1,valid
C[C@H]1[C@H]2CC[C@H]3[C@@H]4CC=C5C[C@@H](N(C)C)CC[C@]5(C)[C@H]4CC[C@]23CN1C,valid
C[C@]12C/C(=C/O)C(=O)C[C@@H]1CC[C@@H]1[C@@H]2CC[C@@]2(C)[C@H]1CC[C@]2(C)O,valid
C[C@]12C=CC(=O)C=C1CC[C@@H]1[C@@H]2CC[C@]2(C)OC(=O)CC[C@@H]12,valid
C[C@]12CCC(=O)C=C1[C@@H]1C[C@@H]1[C@H]1[C@@H]3[C@@H]4C[C@@H]4[C@@]4(CCC(=O)O4)[C@@]3(C)CC[C@@H]12,valid
C[C@]12CC[C@@H]3c4ccc(O)cc4CC[C@H]3[C@@H]1CCC2=O,valid
C[C@]12CC[C@@H]3c4ccc(O)cc4CC[C@H]3[C@@H]1CC[C@@H]2OC(=O)CCC1CCCC1,valid
C[C@]12CC[C@H]3C(=CCc4cc(O)ccc43)[C@@H]1CCC2=O,valid
C[C@]12C[C@H]3S[C@H]3C[C@@H]1CC[C@@H]1[C@@H]2CC[C@]2(C)[C@@H](O)CC[C@@H]12,valid
C[C@]12Cc3nonc3C[C@@H]1CC[C@@H]1[C@@H]2CC[C@@]2(C)[C@H]1CC[C@]2(C)O,valid
C[C@]12N[C@H](Cc3ccccc31)c1ccccc12,valid
C[N+](C)(C)CC[N+]1(C)Cc2c(Cl)c(Cl)c(Cl)c(Cl)c2C1,valid
C[N+]1(CC2COC(c3ccccc3)(c3ccccc3)O2)CCCCC1,valid
C[N+]1(CCC(C(N)=O)(c2ccccc2)c2ccccc2)CCCCC1,valid
C[N+]1([O-])CCOCC1,valid
C[N+]12CCC(CC1)C(OC(=O)C(O)(c1ccccc1)c1ccccc1)C2,valid
C[Si](NC1CCCCC1)(NC1CCCCC1)NC1CCCCC1,valid
C[Si]1(C)O[Si](C)(C)O[Si](C)(C)O1,valid
C[Si]1(C)O[Si](C)(C)O[Si](C)(C)O[Si](C)(C)O[Si](C)(C)O1,valid
C[n+]1cc2c3c(ccc2c2ccc4cc5c(cc4c21)OCO5)OCO3,valid
C[n+]1ccn(Cc2ccccc2)c1,valid
Cc1[nH]c(=O)c(C#N)cc1-c1ccc2nccn2c1,valid
Cc1[nH]cnc1C[C@H]1CCc2c(C)c3ccccc3n2C1=O,valid
Cc1c(C(=O)O)c(O)cc2c1C(=O)c1c(O)c([C@@H]3O[C@H](CO)[C@@H](O)[C@H](O)[C@H]3O)c(O)c(O)c1C2=O,valid
Cc1c(C)c2c(c(C)c1O)CCC(C)(COc1ccc(CC3SC(=O)NC3=O)cc1)O2,valid
Cc1c(C)c2c(c(C)c1OC(=O)c1cccnc1)CC[C@@](C)(CCC[C@H](C)CCC[C@H](C)CCCC(C)C)O2,valid
Cc1c(COC(=O)C2C(/C=C(\Cl)C(F)(F)F)C2(C)C)cccc1-c1ccccc1,valid
Cc1c(NC(=O)c2cccnc2)c(=O)n(-c2ccccc2)n1C,valid
Cc1c(O)c(=O)ccn1C,valid
Cc1cc(-n2c(=O)[nH]c(=O)n(C)c2=O)ccc1Oc1ccc(S(=O)(=O)C(F)(F)F)cc1,valid
Cc1cc(C(=C2C=CC(=Nc3ccc(S(=O)(=O)[O-])cc3S(=O)(=O)O)C=C2)c2ccc(Nc3ccc(S(=O)(=O)[O-])cc3)cc2)ccc1N,valid
Cc1cc(C(=O)NCCc2ccc(S(=O)(=O)NC(=O)NN3CCCCCC3)cc2)no1,valid
Cc1cc(C(=O)NNCc2ccccc2)no1,valid
Cc1cc(C(C#N)c2ccc(Cl)cc2)c(Cl)cc1NC(=O)c1cc(I)cc(I)c1O,valid
Cc1cc(C(C)(C)C)c(O)c(C)c1Cn1c(=O)n(Cc2c(C)cc(C(C)(C)C)c(O)c2C)c(=O)n(Cc2c(C)cc(C(C)(C)C)c(O)c2C)c1=O,valid
Cc1cc(C)c(C(=O)P(=O)(C(=O)c2c(C)cc(C)cc2C)c2ccccc2)c(C)c1,valid
Cc1cc(C)c(C2=C(OC(=O)CC(C)(C)C)C3(CCCC3)OC2=O)c(C)c1,valid
Cc1cc(C)c(NC(=O)C[C@H](CC(=O)[O-])c2cccc3ccccc23)c(C(=O)N2CCC3(CCCC3)CC2)c1,valid
Cc1cc(C2CCCCC2)n(O)c(=O)c1.NCCO,valid
Cc1cc(CCN2CCN(c3nsc4ccccc34)CC2)cc2c1NC(=O)CC2(C)C,valid
Cc1cc(F)ccc1-c1cc(N2CC[C@@H](O)[C@H]2CO)ncc1N(C)C(=O)C(C)(C)c1cc(C(F)(F)F)cc(C(F)(F)F)c1,valid
Cc1cc(SCc2sc(-c3ccc(C(F)(F)F)c(F)c3)nc2C)ccc1OCC(=O)O,valid
Cc1cc2c(C(C)C)c(O)c(O)c(C=O)c2c(O)c1-c1c(C)cc2c(C(C)C)c(O)c(O)c(C=O)c2c1O,valid
Cc1cc2c(cc1S(N)(=O)=O)S(=O)(=O)CCC2,valid
Cc1cc2c(s1)Nc1ccccc1N=C2N1CCN(C)CC1,valid
Cc1ccc(/C=N/n2c(-c3ccccc3)csc2=S)cc1,valid
Cc1ccc(/N=C/N(C)/C=N/c2ccc(C)cc2C)c(C)c1,valid
Cc1ccc(CCn2c3c(c4cc(Cl)ccc42)CN(C)CC3)cn1,valid
Cc1ccc(N(CC2=NCCN2)c2cccc(O)c2)cc1,valid
Cc1ccc(S(=O)(=O)NC(=O)NC2CCCC2)cc1,valid
Cc1ccc(S(=O)(=O)NC(=O)NC2CCCCCCC2)cc1,valid
Cc1ccc(S(=O)(=O)NC(=O)NN2CC3CCCC3C2)cc1,valid
Cc1ccc(S(=O)(=O)Oc2ccc(N=Nc3ccc(-c4ccc(N=Nc5c(O)ccc6cc(S(=O)(=O)[O-])cc(S(=O)(=O)[O-])c56)c(C)c4)cc3C)cc2)cc1,valid
Cc1ccc2c(c1)C1CN(C)CCC1N2,valid
Cc1ccc2c(c1)OCC(=O)CO2,valid
Cc1ccc2cc3c(ccc4ccccc43)c3c2c1CC3,valid
Cc1ccc2nc(N)[nH]c(=O)c2c1Sc1ccncc1,valid
Cc1ccc2oc(CN(Cc3ccccc3)C(=O)Nc3c(F)cc(F)cc3F)c(-c3ccc(Cl)cc3)c2c1,valid
Cc1cccc(C)c1N(CCCc1cccnc1)C(=O)C(C)N,valid
Cc1cccc(C)c1NC(=O)CC12CCCN1CCC2,valid
Cc1cccc(C)c1NC(=O)CN1CCCC1=O,valid
Cc1cccc(C)c1NC(=O)CN1CCCCCC1,valid
Cc1cccc(C)c1NC(=O)NC1=CCCN1C,valid
Cc1cccc(C)c1NC1=NCCCS1,valid
Cc1cccc(N(C)C(=S)Oc2ccc3c(c2)CCC3)c1,valid
Cc1cccc(Nc2ccncc2S(=O)(=O)NC(=O)NC(C)C)c1,valid
Cc1cccc2sc3nncn3c12,valid
Cc1cccn2c(=O)c(-c3nnn[n-]3)cnc12,valid
Cc1ccn2nc(S(=O)(=O)Nc3c(F)cccc3F)nc2n1,valid
Cc1ccnc2c1NC(=O)c1cccnc1N2C1CC1,valid
Cc1cn([C@H]2C=C[C@@H](CO)O2)c(=O)[nH]c1=O,valid
Cc1cnc(NC(=O)C2=C(O)c3ccccc3S(=O)(=O)N2C)s1,valid
Cc1nc(-c2ccc(Cl)cc2)oc1COC(C)(C)C(=O)O,valid
Cc1nc(-c2ccccn2)ncc1C(=O)Nn1cc(C)c2cc(F)ccc21,valid
Cc1nc(Nc2ncc(C(=O)Nc3c(C)cccc3Cl)s2)cc(N2CCN(CCO)CC2)n1,valid
Cc1nc2c([nH]1)c(=O)n(C)c(=O)n2Cc1ccco1,valid
Cc1nc2ccc(CN(C)c3ccc(C(=O)N[C@@H](CCC(=O)O)C(=O)O)s3)cc2c(=O)[nH]1,valid
Cc1nc2ccccc2c(=O)o1,valid
Cc1nc2ccccc2n1Cc1ccc(Cl)cc1,valid
Cc1nc2n(c(=O)c1CCN1CCC(C(=O)c3ccc(F)cc3)CC1)CCS2,valid
Cc1ncc([C@@H](CCCCCCc2ccc3c(n2)NCCC3)CC(=O)O)cn1,valid
Cc1ncc2n1-c1ccc(Cl)cc1C(c1ccccc1F)=NC2,valid
Cc1nccn1-c1ccc(Sc2cccc(C3(C(N)=O)CCOCC3)c2)cc1,valid
Cc1nccn1CC1CCc2c(c3ccccc3n2C)C1=O,valid
Cc1nnc(-c2ccccc2)c(=O)n1N,valid
Cc1nnc(C(=O)NC(C)(C)c2nc(C(=O)NCc3ccc(F)cc3)c(O)c(=O)n2C)o1,valid
Cc1nnc(C(C)C)n1C1C[C@H]2CC[C@H](C1)N2CC[C@H](NC(=O)C1CCC(F)(F)CC1)c1ccccc1,valid
Cc1nnc2n1-c1sc(CCc3ccc(CC(C)C)cc3)cc1C(c1ccccc1Cl)=NC2C,valid
Cc1oc(-c2ccccc2)nc1CCOc1ccc(C[C@H](Nc2ccccc2C(=O)c2ccccc2)C(=O)O)cc1,valid
Cc1oc(=O)oc1CN1CCN(c2cc3c(cc2F)c(=O)c(C(=O)O)c2n3C(C)S2)CC1,valid
Cc1oc2c(NC(=O)c3c(Cl)cccc3Cl)cccc2c1C(C)(C)O,valid
Cc1oncc1C(=O)Nc1ccc(C(F)(F)F)cc1,valid
Cc1scc2c1N(C(=O)CN1CCN(C)CC1)c1ccccc1NC2=O,valid
ClC1=C(Cl)C2(Cl)C3C4OC4C(Cl)C3C1(Cl)C2(Cl)Cl,valid
ClCc1ccccc1.O=C1C[C@@H]2OCC=C3CN4CC[C@]56c7ccccc7N1[C@H]5[C@H]2[C@H]3C[C@H]46,valid
Clc1cc(Cl)c2c(c1)N=C1CCCCCN1C2,valid
Clc1ccc(C(Cn2ccnc2)OCc2csc3c(Cl)cccc23)c(Cl)c1,valid
Clc1ccc(C(OCCN2CCCCC2)c2ccccc2)cc1,valid
Clc1ccc(Cn2c(CN3CCCC3)nc3ccccc32)cc1,valid
Clc1cccc(C(c2ccc3nc[nH]c3c2)n2ccnc2)c1,valid
Clc1cccc(SC2CCNCC2)n1,valid
Clc1ccccc1-c1nc(-c2ccncc2)no1,valid
Cn1c(=O)c2c(ncn2CCOC(=O)C(C)(C)Oc2ccc(Cl)cc2)n(C)c1=O,valid
Cn1c(=O)cc(Oc2ccc(F)cc2F)c2cnc(NCC(C)(C)O)nc21,valid
Cn1cc(-c2ccccc2)c(=O)c(-c2cccc(C(F)(F)F)c2)c1,valid
Cn1cc(C(=O)[C@@H]2CCc3[nH]cnc3C2)c2ccccc21,valid
Cn1ccc2cc3c(cc21)CCN3C(=O)Nc1cccnc1,valid
Cn1cnc2c(F)c(Nc3ccc(Br)cc3Cl)c(C(=O)NOCCO)cc21,valid
Cn1nnc2c(C(N)=O)ncn2c1=O,valid
FC(F)(F)c1cccc(C2=CCN(CCc3ccc4ccccc4c3)CC2)c1,valid
FC1(F)C(F)(F)C(F)(F)C2(F)C(F)(C1(F)F)C(F)(F)C(F)(F)C1(F)C(F)(F)C(F)(F)C(F)(F)C(F)(F)C12F,valid
Fc1ccc(C2(Cn3cncn3)OC2c2ccccc2Cl)cc1,valid
Fc1ccccc1[C@@H](F)CO[C@H]1CC[C@H](Nc2[nH]cnc3nncc2-3)CC1,valid
N#C/N=C1\SCCN1Cc1ccc(Cl)nc1,valid
N#CC(c1ccc(Cl)cc1)c1c(Cl)cc(-n2ncc(=O)[nH]c2=O)cc1Cl,valid
N#Cc1ccc(C2CCCc3cncn32)cc1,valid
N#Cc1sc2c(=O)c3ccccc3c(=O)c=2sc1C#N,valid
N=C(N)N1CCc2ccccc2C1.N=C(N)N1CCc2ccccc2C1,valid
N=C(N)NCC1COC2(CCCCC2)O1.N=C(N)NCC1COC2(CCCCC2)O1,valid
N=C(N)NCC1COc2ccccc2O1,valid
N=C(N)NN=C(C=Cc1ccc([N+](=O)[O-])o1)C=Cc1ccc([N+](=O)[O-])o1,valid
N=C(N)c1ccc(OCCCCCOc2ccc(C(=N)N)cc2)cc1.O=S(=O)(O)CCO.O=S(=O)(O)CCO,valid
N=C(NN=Cc1ccc(Cl)cc1)NN=Cc1ccc(Cl)cc1,valid
N=c1ccn2c(n1)O[C@H]1[C@H](O)[C@@H](CO)O[C@H]12,valid
NC(=O)C(c1ccccc1)(c1ccccc1)[C@@H]1CCN(CCc2ccc3c(c2)CCO3)C1,valid
NC(=O)Cn1c(=O)cc(CCN2CCN(c3nccc4sccc34)CC2)c2ccc(F)cc21,valid
NC(=O)N(O)[C@@H]1COc2cc(OCc3ccccc3)ccc21,valid
NC(=O)N1c2ccccc2C=Cc2ccccc21,valid
NC(=O)N1c2ccccc2CC(=O)c2ccccc21,valid
NC(=O)[C@@H]1CCCN1C(=O)[C@H](Cc1cnc[nH]1)NC(=O)[C@@H]1CCC(=O)N1,valid
NC(=O)c1cc[n+](CC2=C(C(=O)[O-])N3C(=O)[C@@H](NC(=O)Cc4cccs4)[C@H]3SC2)cc1,valid
NC(=O)c1cc[n+](CC2=C(C(=O)[O-])N3C(=O)[C@@H](NC(=O)[C@H](c4ccccc4)S(=O)(=O)[O-])[C@@H]3SC2)cc1,valid
NC(=O)c1ncn([C@@H]2O[C@H](CO)[C@@H](O)[C@H]2O)n1,valid
NC1(c2ccc(-c3nc4ccn5c(=O)[nH]nc5c4cc3-c3ccccc3)cc2)CCC1,valid
NC1=NC(=O)N2CC12,valid
NC1CCCCC1.NC1CCCCC1.O=P(O)(O)OC[C@H](O)CO,valid
NC1CCN(c2cccc(Cl)n2)CC1,valid
NC1CCN(c2nc3c(cc2F)c(=O)c(C(=O)O)cn3-c2ccc(F)cc2F)C1,valid
NCCC[C@H](N)CC(=O)N[C@H]1CNC(=O)[C@H]([C@H]2C[C@H](O)N=C(N)N2)NC(=O)/C(=C/NC(N)=O)NC(=O)[C@H](CO)NC(=O)[C@H](CO)NC1=O,valid
NC[C@@H]1O[C@H](O[C@H]2[C@@H](O)[C@H](O[C@@H]3[C@@H](O)[C@H](N)C[C@H](N)[C@H]3O[C@H]3O[C@H](CO)[C@@H](O)[C@H](O)[C@H]3N)O[C@@H]2CO)[C@H](N)[C@@H](O)[C@@H]1O,valid
NCc1cccc(C2CCN(C(=O)c3ccc(C#Cc4ccccc4F)o3)CC2)c1,valid
NS(=O)(=O)Cc1noc2ccccc12,valid
NS(=O)(=O)c1cc(-c2nnn[nH]2)c(NCc2cccs2)cc1Cl,valid
NS(=O)(=O)c1cc(C(=O)O)cc(N2CCCC2)c1Oc1ccccc1,valid
NS(=O)(=O)c1cc(C2(O)NC(=O)c3ccccc32)ccc1Cl,valid
NS(=O)(=O)c1cc2c(cc1Cl)CN(C1CCCCC1)C2=O,valid
NS(=O)(=O)c1cc2c(cc1Cl)NC(C1CC3C=CC1C3)NS2(=O)=O,valid
NS(=O)(=O)c1ccc(N2CCCCS2(=O)=O)cc1,valid
N[C@@H](C(=O)N[C@@H]1C(=O)N2C(C(=O)O)=C(CSc3c[nH]nn3)CS[C@H]12)c1ccc(O)cc1,valid
N[C@@H]1CONC1=O,valid
Nc1c(NC/C=C\COc2cc(CN3CCCCC3)ccn2)c(=O)c1=O,valid
Nc1cc(N2CCCCC2)nc(N)[n+]1[O-],valid
Nc1ccc(/N=N/c2ccc(-c3ccc(/N=N/c4c(S(=O)(=O)[O-])cc5cc(S(=O)(=O)[O-])c(/N=N/c6ccccc6)c(O)c5c4N)cc3)cc2)c(N)c1,valid
Nc1ccc(S(=O)(=O)NC(=O)c2ccccc2)cc1,valid
Nc1ccc2c(c1)CN1C(=O)c3ccccc3C1=N2,valid
Nc1ccc2cc3ccc(N)cc3nc2c1.Nc1ccc2cc3ccc(N)cc3nc2c1,valid
Nc1cccc2c1CN(C1CCC(=O)NC1=O)C2=O,valid
Nc1ccccc1C(=O)OCC=Cc1ccccc1,valid
Nc1nc(=O)c2c(CCc3ccc(C(=O)N[C@@H](CCC(=O)[O-])C(=O)[O-])cc3)c[nH]c2[nH]1,valid
Nc1nc(=O)c2c([nH]1)NCC(CNc1ccc(C(=O)N[C@@H](CCC(=O)[O-])C(=O)[O-])cc1)N2C=O,valid
Nc1nc(=O)c2nc(CNc3ccc(C(=O)N[C@@H](CCC(=O)O)C(=O)O)cc3)cnc2[nH]1,valid
Nc1nc(=S)[nH][nH]1,valid
Nc1nc(NC2CC2)c2ncn([C@@H]3C=C[C@@H](CO)C3)c2n1,valid
Nc1nc2cc(Cl)ccc2o1,valid
Nc1nnnn1-c1ccccc1,valid
O1[As]2O[As]3O[As]1O[As](O2)O3,valid
O=C(/C=C/c1ccc(O)c(O)c1)O[C@@H](C(=O)O)[C@@H](OC(=O)/C=C/c1ccc(O)c(O)c1)C(=O)O,valid
O=C(C(Cl)Cl)N1CCOC12CCCCC2,valid
O=C(C1CCCCC1)N1CC(=O)N2CCCc3ccccc3C2C1,valid
O=C(C1CCCCC1)N1CC(=O)N2CCc3ccccc3C2C1,valid
O=C(C=Cc1ccccc1)OCCc1ccccc1,valid
O=C(CC(C(=O)OC1CCCCC1)S(=O)(=O)[O-])OC1CCCCC1,valid
O=C(CCC1CCN(Cc2ccccc2)CC1)c1ccc2c(c1)NCCCC2,valid
O=C(CCCCCCCCc1cccnc1)N1CCC(C=C(c2ccccc2)c2ccccc2)CC1,valid
O=C(CCCN1CC=C(n2c(=O)[nH]c3ccccc32)CC1)c1ccc(F)cc1,valid
O=C(CCCN1CCC(n2c(=O)[nH]c3ccccc32)CC1)c1ccc(F)cc1,valid
O=C(CCCN1CCC2(CC1)C(=O)NCN2c1ccccc1)c1ccc(F)cc1,valid
O=C(CCCN1CCN(c2ccccn2)CC1)c1ccc(F)cc1,valid
O=C(CCN1CCN2CCCC2C1)N1c2ccccc2Sc2ccc(Cl)cc21,valid
O=C(CCNNC(=O)c1ccncc1)NCc1ccccc1,valid
O=C(CN1CCN(Cc2ccc3c(c2)OCO3)CC1)N1c2ccccc2Sc2ccccc21,valid
O=C(CN1CCNCC1)NC1CCCCC1,valid
O=C(COCCOCCOCC(=O)Nc1c(I)cc(I)c(C(=O)O)c1I)Nc1c(I)cc(I)c(C(=O)O)c1I,valid
O=C(Cc1ccccc1)OCCc1ccccc1,valid
O=C(Cn1ccnc1[N+](=O)[O-])NCc1ccccc1,valid
O=C(N=NC(=O)OCc1ccccc1)OCc1ccccc1,valid
O=C(NC(=O)c1c(F)cccc1F)Nc1cc(Cl)c(Oc2ncc(C(F)(F)F)cc2Cl)c(Cl)c1,valid
O=C(NC(=O)c1c(F)cccc1F)Nc1ccc(Cl)c(Oc2ncc(C(F)(F)F)cc2Cl)c1,valid
O=C(NC(=O)c1c(F)cccc1F)Nc1ccc(Oc2ccc(C(F)(F)F)cc2Cl)cc1F,valid
O=C(NC(=O)c1cc(F)c(F)cc1Cl)Nc1cc(F)ccc1N1CCC(C(=O)O)CC1,valid
O=C(NCC1CN(c2ccc(N3CCOCC3=O)cc2)C(=O)O1)c1ccc(Cl)s1,valid
O=C(NCCCN1CCOCC1)c1ccc(Cl)cc1,valid
O=C(NCCN1CCOCC1)c1ccc(Cl)cc1,valid
O=C(NCCNCC(O)COc1ccc(O)cc1)N1CCOCC1,valid
O=C(NCCc1c[nH]c2ccccc12)c1cccnc1,valid
O=C(NCc1cccnc1)Nc1ccc([N+](=O)[O-])cc1,valid
O=C(NN1CCCC1)NS(=O)(=O)c1ccc(Cl)cc1,valid
O=C(NNCNNC(=O)c1ccncc1)c1ccncc1,valid
O=C(NOCC1CC1)c1ccc(F)c(F)c1Nc1ccc(I)cc1Cl,valid
O=C(N[C@@H](Cc1ccccc1)[C@@H](O)C(=O)N1C[C@@H](O)[C@@H](O)C1)c1cc2cc(Cl)ccc2[nH]1,valid
O=C(N[C@H]1CN2CCC1CC2)c1cc2ccoc2cn1,valid
O=C(Nc1cccc2c(=O)cc(-c3nnn[nH]3)oc12)c1ccc(OCCCCc2ccccc2)cc1,valid
O=C(Nc1ccccc1)N(Cc1ccc(Cl)cc1)C1CCCC1,valid
O=C(Nc1ccccc1)OCC(CN1CCCCC1)OC(=O)Nc1ccccc1,valid
O=C(Nc1ccccc1-c1ccc(Cl)cc1)c1cccnc1Cl,valid
O=C(Nc1ncc([N+](=O)[O-])s1)c1cccs1,valid
O=C(O)C1C2CCC(O2)C1C(=O)O,valid
O=C(O)CCCC[P+](c1ccccc1)(c1ccccc1)c1ccccc1,valid
O=C(O)CCc1nc(-c2ccccc2)c(-c2ccccc2)o1,valid
O=C(O)CCn1c2c(c3ccccc31)C[C@H](NS(=O)(=O)c1ccc(F)cc1)CC2,valid
O=C(O)CN(CC(=O)O)CC1=CC2C(=CC1=O)Oc1cc(O)c(CN(CC(=O)O)CC(=O)O)cc1C21OC(=O)c2ccccc21,valid
O=C(O)Cc1sc(-c2ccccc2)nc1-c1ccc(Cl)cc1,valid
O=C(O)Cn1c2ccccc2c(=O)c2ccccc21,valid
O=C(O)Cn1cnnn1,valid
O=C(O)[C@@H]1CSCN1,valid
O=C(O)c1cc(O)c2c(c1)[C@H]([C@H]1c3cc(C(=O)O)cc(O)c3C(=O)c3c(O[C@@H]4O[C@H](CO)[C@@H](O)[C@H](O)[C@H]4O)cccc31)c1cccc(O[C@@H]3O[C@H](CO)[C@@H](O)[C@H](O)[C@H]3O)c1C2=O,valid
O=C(O)c1cc2ccccc2c(Cc2c(O)c(C(=O)O)cc3ccccc23)c1O,valid
O=C(O)c1ccc(-n2nc(-c3ccccc3O)nc2-c2ccccc2O)cc1,valid
O=C(O)c1cccc(/C=C2/C[C@@H]3[C@@H](/C=C/[C@@H](O)C4CCCCC4)[C@H](O)C[C@@H]3O2)c1,valid
O=C(O)c1cccc(N(Cc2cccnc2)c2ccc(OC(F)F)c(OC(F)F)c2)c1,valid
O=C(O)c1ccccc1-n1cc(C(=O)O)c(=O)c2cc(Nc3c(F)cc(F)cc3Cl)c(Cl)cc21,valid
O=C(O)c1ccccc1NCCc1ccccc1,valid
O=C(O)c1cn(C2CC2)c2cc(Cl)c(F)cc2c1=O,valid
O=C(OC1CCCCC1)c1ccccc1C(=O)OC1CCCCC1,valid
O=C(OC1CN2CCC1CC2)c1ccccc1,valid
O=C(OCC(COC(=O)c1ccccc1)(COC(=O)c1ccccc1)COC(=O)c1ccccc1)c1ccccc1,valid
O=C(OCC(COC(=O)c1cccnc1)(COC(=O)c1cccnc1)COC(=O)c1cccnc1)c1cccnc1,valid
O=C(OCC1(COC(=O)c2cccnc2)CCCC(COC(=O)c2cccnc2)(COC(=O)c2cccnc2)C1O)c1cccnc1,valid
O=C(OCCCCCCOC(=O)c1ccccc1)c1ccccc1,valid
O=C(OCCN1CCCCC1)C(O)(c1ccccc1)c1ccccc1,valid
O=C(OCCOCCOCCOC(=O)c1ccccc1)c1ccccc1,valid
O=C(OCc1ccccc1)c1cccnc1,valid
O=C(O[C@H]1CN2CCC1CC2)N1CCc2ccccc2[C@@H]1c1ccccc1,valid
O=C(Oc1ccc(Br)cc1)N1CCN2CCC1CC2,valid
O=C(Oc1cccc2cccnc12)c1ccccc1,valid
O=C(Oc1ccccc1)c1cccc(C(=O)Oc2ccccc2)c1,valid
O=C(Oc1ccccc1)c1ccccc1C(=O)Oc1ccccc1,valid
O=C([O-])C[C@H](O)CC(O)/C=C/c1c(C2CC2)nc2ccccc2c1-c1ccc(F)cc1.O=C([O-])C[C@H](O)C[C@H](O)/C=C/c1c(C2CC2)nc2ccccc2c1-c1ccc(F)cc1,valid
O=C([O-])[C@H](CC(=O)N1C[C@H]2CCCC[C@H]2C1)Cc1ccccc1.O=C([O-])[C@H](CC(=O)N1C[C@H]2CCCC[C@H]2C1)Cc1ccccc1,valid
O=C([O-])[C@H]1/C(=C/CO)O[C@@H]2CC(=O)N21,valid
O=C([O-])c1[nH]n(-c2ccc(S(=O)(=O)[O-])cc2)c(=O)c1/N=N/c1ccc(S(=O)(=O)[O-])cc1,valid
O=C([O-])c1cc(O)c2c3nc4ccccc4oc-3cc(=O)c2n1,valid
O=C([O-])c1cc2cc(Cc3cccnc3)ccc2o1,valid
O=C(c1ccc(OCCN2CCCCC2)cc1)c1c(-c2ccc(O)cc2)sc2cc(O)ccc12,valid
O=C1C(=Cc2cccs2)CCCC1=Cc1cccs1,valid
O=C1C=CC(=O)N1c1ccc(Cc2ccc(N3C(=O)C=CC3=O)cc2)cc1,valid
O=C1C=CC(=O)O1,valid
O=C1CC(c2ccc(Cl)cc2)CC(=O)N1,valid
O=C1CC2(CCCC2)CC(=O)N1CCNCC1COc2ccccc2O1,valid
O=C1CCC(C2CCCCC2)CC1,valid
O=C1CCC(c2ccccc2)(C2CCN(Cc3ccccc3)CC2)C(=O)N1,valid
O=C1CCCC(=O)O1,valid
O=C1CCCCC1CN1CCCCC1,valid
O=C1CCCCCCCCCCCC(=O)OCCO1,valid
O=C1CCCCCCCCCCCCCC1,valid
O=C1CCCCCCCCCCCCCCCO1,valid
O=C1CCCN1C1CCCCC1,valid
O=C1CCCc2c1cc1ccc3cccc4ccc2c1c34,valid
O=C1CC[C@@H](C(=O)N2CSC[C@H]2C(=O)O)N1,valid
O=C1CC[C@@H](C(=O)N[C@H]2C[C@@H]2c2ccccc2)N1,valid
O=C1CC[C@@]2(O)[C@H]3Cc4ccc(O)c5c4[C@@]2(CCN3CC2CC2)[C@H]1O5,valid
O=C1CC[C@H](C(=O)N2CCCCC2)N1,valid
O=C1CCc2cc(OCCCCc3nnnn3C3CCCCC3)ccc2N1,valid
O=C1CCc2ccc(OCCCCN3CCN(c4cccc(Cl)c4Cl)CC3)cc2N1,valid
O=C1CCc2ccccc2O1,valid
O=C1CN(N=Cc2ccc([N+](=O)[O-])o2)C(=O)N1,valid
O=C1CSC2(CCN(CCCN3c4ccccc4Sc4ccc(Cl)cc43)CC2)N1,valid
O=C1Cc2ccccc2N1c1c(Cl)cccc1Cl,valid
O=C1NC(=O)[C@H]2[C@@H]1[C@@H]1C=C[C@H]2C1,valid
O=C1NCCN1CCN1CCC(c2cn(-c3ccc(F)cc3)c3ccc(Cl)cc23)CC1,valid
O=C1NCCN1c1ncc([N+](=O)[O-])s1,valid
O=C1NCN(c2ccccc2)C12CCN(CC1COc3ccccc3O1)CC2,valid
O=C1NCN(c2ccccc2)C12CCN(CCCC(c1ccc(F)cc1)c1ccc(F)cc1)CC2,valid
O=C1Nc2ccc(Cl)cc2[C@@](C#CC2CC2)(C(F)(F)F)O1,valid
O=C1OC(=O)c2cc(-c3ccc4c(c3)C(=O)OC4=O)ccc21,valid
O=C1OC(=O)c2cccc3cccc1c23,valid
O=C1OC(CN2CCOCC2)CN1N=Cc1ccc([N+](=O)[O-])o1,valid
O=C1OCCN1/N=C/c1ccc([N+](=O)[O-])o1,valid
O=C1O[C@H]([C@@H](O)CO)C([O-])=C1O.O=C1O[C@H]([C@@H](O)CO)C([O-])=C1O,valid
O=C1[C@@H]2[C@H]3CC[C@H](C3)[C@@H]2C(=O)N1CCCCN1CCN(c2ncccn2)CC1,valid
O=C1[C@H]2CCCC[C@H]2C(=O)N1CCCCN1CCN(c2nsc3ccccc23)CC1,valid
O=C1[N-]C(=O)C(c2ccccc2)(c2ccccc2)N1,valid
O=C1[N-]C(=O)c2ccccc21,valid
O=C1[N-]S(=O)(=O)c2ccccc21.O=C1[N-]S(=O)(=O)c2ccccc21,valid
O=C1[O][Pt]2([NH][C@@H]3CCCC[C@H]3[NH]2)[O]C1=O,valid
O=C1c2ccccc2C(=O)N1CCc1noc(-c2ccc(CN3CCCCCC3)s2)n1,valid
O=P(O)(O)C(O)(Cc1cnc2ccccn12)P(=O)(O)O,valid
O=P(c1ccccc1)(c1ccccc1)c1ccccc1,valid
O=S(=O)(O)c1ccc2[nH]c(-c3ccccc3)nc2c1,valid
O=S(=O)([O-])c1cc(O)c2c(N=Nc3ccc(Nc4ccccc4)c4c(S(=O)(=O)[O-])cccc34)cc(S(=O)(=O)[O-])cc2c1,valid
O=S1(=O)CCCO1,valid
O=S1(=O)OCCO1,valid
O=[N+]([O-])/N=C1\NCCN1Cc1ccc(Cl)nc1,valid
O=[N+]([O-])c1ccc(Nc2ccc(Nc3ccccc3)c(S(=O)(=O)[O-])c2)c([N+](=O)[O-])c1,valid
O=[N+]([O-])c1cccc(S(=O)(=O)NCCNS(=O)(=O)c2cccc([N+](=O)[O-])c2)c1,valid
O=c1[nH][nH]c(=O)c2cc([N+](=O)[O-])ccc12,valid
O=c1[nH]c(=O)c2[nH]c(=O)[nH]c2[nH]1,valid
O=c1[nH]c2ccc(S(=O)CCN3CCC(Cc4ccc(F)cc4)CC3)cc2o1,valid
O=c1[nH]c2ccccc2n1CCCN1CCC(n2c(=O)[nH]c3cc(Cl)ccc32)CC1,valid
O=c1[nH]cnc2c1ncn2[C@H]1CC[C@@H](CO)O1,valid
O=c1[nH]ncc2ccccc12,valid
O=c1[nH]oc2c1CCNC2,valid
O=c1c(-c2ccccc2)c1-c1ccccc1,valid
O=c1c(O)c(O)c1=O,valid
O=c1c2ccccc2[se]n1-c1ccccc1,valid
O=c1c2ccccc2c(=O)c2c1cc(Cl)c1[nH]c3c([nH]c12)c(Cl)cc1c(=O)c2ccccc2c(=O)c13,valid
O=c1c2ccccc2oc2ccccc12,valid
O=c1cc(-c2ccccc2)oc2ccc3ccccc3c12,valid
O=c1ccc(=O)[nH][nH]1,valid
O=c1n(CCCN2CCN(c3cccc(Cl)c3)CC2)nc2ccccn12,valid
O=c1nc([O-])n(Cl)c(=O)n1Cl,valid
O=c1nn[nH]c2ccccc12,valid
O=c1oc2c(O)c(O)cc3c(=O)oc4c(O)c(O)cc1c4c23,valid
O=c1oc2ccccc2c(O)c1C(CC(O)c1ccc(-c2ccc(Br)cc2)cc1)c1ccccc1,valid
O=c1oc2ccccc2c(O)c1C1CCCc2ccccc21,valid
O=c1ssc(Cl)c1Cl,valid
OC(C#CCN1CCCC1)(c1ccccc1)c1ccccc1,valid
OC(CCN1CCCCC1)(c1ccccc1)c1ccccc1,valid
OC(Cn1cncn1)(c1ccc(F)cc1)c1ccccc1F,valid
OC(c1ccccc1)(c1ccccc1)C1CCNCC1,valid
OC1(c2ccc(Cl)c(C(F)(F)F)c2)CCN(CCCC(c2ccc(F)cc2)c2ccc(F)cc2)CC1,valid
OC12N=C(c3ccccc3)SC1Cc1cc(Cl)ccc12,valid
OCCN(CCO)c1nc(N2CCCCC2)c2nc(N(CCO)CCO)nc(N3CCCCC3)c2n1,valid
OC[C@H]1O[C@@H](O[C@@H]2[C@@H](CO)O[C@](O)(CO)[C@H]2O)[C@H](O)[C@@H](O)[C@H]1O,valid
OC[C@H]1O[C@@H]2O[C@H]3[C@H](O)[C@@H](O)[C@@H](O[C@H]4[C@H](O)[C@@H](O)[C@@H](O[C@H]5[C@H](O)[C@@H](O)[C@@H](O[C@H]6[C@H](O)[C@@H](O)[C@@H](O[C@H]7[C@H](O)[C@@H](O)[C@@H](O[C@H]8[C@H](O)[C@@H](O)[C@@H](O[C@H]1[C@H](O)[C@H]2O)O[C@@H]8CO)O[C@@H]7CO)O[C@@H]6CO)O[C@@H]5CO)O[C@@H]4CO)O[C@@H]3CO,valid
OC[C@H]1O[C@H](O[C@H]2O[C@H](CO)[C@@H](O)[C@H](O)[C@H]2O)[C@H](O)[C@@H](O)[C@@H]1O,valid
OCc1cc(C(O)CNCCCCCCOCCCCc2ccccc2)ccc1O,valid
ON=C1C=CC(=NO)C=C1,valid
Oc1cc(O)c2c(c1)O[C@H](c1ccc(O)c(O)c1)[C@H](O)C2,valid
Oc1cc2c(cc1O)[C@H]1c3ccc(O)c(O)c3OC[C@@]1(O)C2,valid
Oc1ccc(C2(c3ccc(O)cc3)CC3CC2C2CCCC32)cc1,valid
Oc1ccc2c3c1O[C@H]1[C@@H](O)CC[C@@]4(O)[C@@H](C2)N(CC2CCC2)CC[C@]314,valid
Oc1cccc(-c2c3nc(c(-c4cccc(O)c4)c4ccc([nH]4)c(-c4cccc(O)c4)c4nc(c(-c5cccc(O)c5)c5ccc2[nH]5)CC4)C=C3)c1,valid
Oc1cccc2cccnc12.Oc1cccc2cccnc12,valid
Oc1ccccc1-c1nnco1,valid
Oc1cn2c(n1)Nc1ccc(Cl)c(Cl)c1C2,valid
Oc1ncnc2[nH]ncc12,valid
S=C(NC1CCCCC1)NC1CCCCC1,valid
S=C(SSSSSSC(=S)N1CCCCC1)N1CCCCC1,valid
S=C1NCCN1,valid
S=c1nccc[nH]1,valid
[N-]=[N+]=C1C=Cc2c(cccc2S(=O)(=O)[O-])C1=O,valid
[NH2][Pt]1([NH2])[O]C(=O)C2(CCC2)C(=O)[O]1,valid
[O-][n+]1ccccc1SSc1cccc[n+]1[O-],valid
c1cc(CN2CCCCC2)cc(OCCCNc2nc3ccccc3s2)c1,valid
c1cc(N(CC2CO2)CC2CO2)ccc1OCC1CO1,valid
c1cc(OCC2CO2)cc(OCC2CO2)c1,valid
c1cc2c(c(NC3=NCCN3)c1)CCCC2,valid
c1cc2c3c(c1)ccc1cccc(c13)C2,valid
c1cc2ccc3ccc4ccc5cccc6c(c1)c2c3c4c56,valid
c1ccc(-c2cccc(-c3ccccc3)c2)cc1,valid
c1ccc(-c2nc[nH]c2-c2ccccc2)cc1,valid
c1ccc(C2CC2)c(OCC2=NCCN2)c1,valid
c1ccc(CCCc2ccncc2)cc1,valid
c1ccc(CCNc2nc(-c3ccccc3)cs2)cc1,valid
c1ccc(CNc2[nH]cnc3ncnc2-3)cc1,valid
c1ccc(CNc2ncnc3c2ncn3C2CCCCO2)cc1,valid
c1ccc(COCc2ccccc2)cc1,valid
c1ccc(C[n+]2cccc3ccccc32)cc1,valid
c1ccc(NNc2ccccc2)cc1,valid
c1ccc(Nc2cccc3ccccc23)cc1,valid
c1ccc(OP(Oc2ccccc2)Oc2ccccc2)cc1,valid
c1ccc(P(c2ccccc2)c2ccccc2)cc1,valid
c1ccc2c(c1)-c1cccc3c1c-2cc1ccccc13,valid
c1ccc2c(c1)Sc1ccccc1N2CCN1CCCC1,valid
c1ccc2c(c1)ccc1ncccc12,valid
c1ccc2cc(CC3=NCCN3)ccc2c1,valid
c1ccc2cc3c(cc2c1)-c1cccc2cccc-3c12,valid
c1ccc2nc(N3CCNCC3)ccc2c1,valid
c1ccc2sc(SN3CCOCC3)nc2c1,valid
c1ccc2sc(SSc3nc4ccccc4s3)nc2c1,valid
c1cnc2c(c1)ccc1cccnc12,valid
c1cncc([C@@H]2CCCCN2)c1,valid
c1coc(-c2nc3ccccc3[nH]2)c1,valid
c1coc(CNc2[nH]cnc3ncnc2-3)c1,valid
c1coc(Cn2cccc2)c1,valid
c1csc(-c2ccc(-c3cccs3)s2)c1,valid
c1csc(C2(N3CCCCC3)CCCCC2)c1,valid
c1csc(SSc2cccs2)c1,valid
c1nc[n-]n1,valid
